symbol,series,close,avg_turnover_lacs,circuit_days,Band,reason,ok
20MICRONS,EQ,196.12,243.72899999999998,0,20.0,,True
21STCENMGM,EQ,43.12,2.211,2,5.0,low liquidity,False
360ONE,EQ,1048.0,10131.708499999999,0,,,True
3BBLACKBIO,EQ,1586.4,316.1245,0,20.0,,True
3IINFOLTD,BE,22.67,72.7825,5,5.0,,True
3MINDIA,EQ,30170.0,2065.675,0,20.0,,True
3PLAND,EQ,30.65,2.372,0,20.0,low liquidity,False
5PAISA,EQ,339.55,531.712,0,20.0,,True
63MOONS,EQ,766.3,3087.0389999999998,0,20.0,,True
A2ZINFRA,EQ,14.0,28.339,4,5.0,,True
AAATECH,EQ,107.92,213.8185,0,20.0,,True
AADHARHFC,EQ,443.65,1689.9505000000001,0,20.0,,True
AAKASH,EQ,8.14,9.1135,0,20.0,low liquidity,False
AAREYDRUGS,EQ,104.08,299.2075,3,5.0,,True
AARNAV,BE,36.56,7.2909999999999995,3,5.0,low liquidity,False
AARON,EQ,127.13,19.3715,1,20.0,low liquidity,False
AARTECH,BE,47.82,16.631,0,20.0,low liquidity,False
AARTIDRUGS,EQ,413.3,845.4405,0,20.0,,True
AARTIIND,EQ,460.15,2582.558,0,20.0,,True
AARTIPHARM,EQ,855.5,8237.780999999999,1,20.0,,True
AARTISURF,BE,483.75,56.466499999999996,6,5.0,,True
AARVI,EQ,138.54,12.3255,0,20.0,low liquidity,False
AASTHA,EQ,27.65,734.6415,11,5.0,,True
AAVAS,EQ,1193.0,1267.2495000000001,0,20.0,,True
ABAN,BE,17.71,7.206,33,2.0,low liquidity,False
ABANSENT,EQ,30.17,2.7864999999999998,0,10.0,low liquidity,False
ABB,EQ,6780.0,13755.4275,0,,,True
ABBOTINDIA,EQ,26000.0,2323.8275000000003,0,20.0,,True
ABCAPITAL,EQ,380.7,12986.92,0,,,True
ABCOTS,EQ,193.88,33.396,0,20.0,,True
ABDL,EQ,711.55,8924.53,0,10.0,,True
ABFRL,EQ,43.65,2385.553,0,20.0,,True
ABGSEC,EQ,113.15,0.25555555555555554,0,,low liquidity,False
ABINFRA,BE,12.5,32.4755,3,5.0,,True
ABLBL,EQ,72.46,2589.9559999999997,0,20.0,,True
ABMINTLLTD,BE,39.5,0.252,11,5.0,low liquidity,False
ABMKNO,EQ,161.22,3.59,0,20.0,low liquidity,False
ABREL,EQ,1022.3,2879.1835,0,20.0,,True
ABSL10BANK,EQ,163.61,3.97,0,,low liquidity,False
ABSLAMC,EQ,1004.05,2167.3684999999996,0,20.0,,True
ABSLBANETF,EQ,56.76,58.604499999999994,0,,,True
ABSLLIQUID,EQ,1000.0,90.663,0,5.0,,True
ABSLMSCIN,EQ,27.68,0.1575,0,,low liquidity,False
ABSLNN50ET,EQ,72.02,13.562000000000001,0,,low liquidity,False
ABSLPSE,EQ,9.48,10.23,0,,low liquidity,False
ACC,EQ,1133.0,1776.2615,0,20.0,,True
ACCELYA,EQ,1061.6,231.94400000000002,0,20.0,,True
ACCURACY,EQ,4.12,2.664,0,10.0,low liquidity,False
ACE,EQ,1176.9,4450.635499999999,0,20.0,,True
ACEINTEG,EQ,17.2,0.392,0,20.0,low liquidity,False
ACEVECTOR,EQ,30.58,19190.8,1,20.0,,True
ACGL,EQ,1676.4,15.973499999999998,0,20.0,low liquidity,False
ACI,EQ,455.05,1260.542,0,20.0,,True
ACL,EQ,39.26,5.618,0,20.0,low liquidity,False
ACMESOLAR,EQ,418.1,10788.4845,0,20.0,,True
ACSTECH,BE,70.4,137.4095,23,2.0,,True
ACUTAAS,EQ,3160.6,11607.5325,0,20.0,,True
ADANIENSOL,EQ,1262.0,28598.390000000003,0,,,True
ADANIENT,EQ,2634.4,46553.89200000001,0,,,True
ADANIGREEN,EQ,1255.8,31386.6405,0,,,True
ADANIPORTS,EQ,1761.0,42337.0015,0,,,True
ADANIPOWER,EQ,189.0,41411.1285,0,,,True
ADDIND,EQ,76.56,0.5495,0,20.0,low liquidity,False
ADFFOODS,EQ,289.7,371.4275,0,20.0,,True
ADL,EQ,71.0,0.8700000000000001,0,20.0,low liquidity,False
ADOR,EQ,1479.6,449.3375,0,20.0,,True
ADROITIND,BE,202.91,3430.11375,7,5.0,,True
ADROITINFO,BE,11.25,33.765499999999996,5,5.0,,True
ADSL,EQ,109.97,839.118,1,20.0,,True
ADVAIT,EQ,1888.8,662.728,0,20.0,,True
ADVANCE,EQ,113.27,311.669,0,20.0,,True
ADVANIHOTR,EQ,47.41,9.371500000000001,0,20.0,low liquidity,False
ADVENTHTL,EQ,120.25,188.127,0,20.0,,True
ADVENZYMES,EQ,267.15,589.5905,0,20.0,,True
ADVIKCA,EQ,0.99,3.6325000000000003,0,20.0,low liquidity,False
AEGISLOG,EQ,1388.9,13963.716999999999,0,20.0,,True
AEGISVOPAK,EQ,284.8,5845.735,0,10.0,,True
AEPL,EQ,14.75,4.5969999999999995,0,20.0,low liquidity,False
AEQUS,EQ,273.5,14650.132500000002,0,20.0,,True
AEROENTER,EQ,123.31,853.943,0,20.0,,True
AEROFLEX,EQ,520.5,7252.687,0,20.0,,True
AERONEU,EQ,69.52,43.138999999999996,1,20.0,,True
AEROPLANE,EQ,218.41,2049.5055,0,10.0,,True
AETHER,EQ,1748.1,6406.800499999999,0,20.0,,True
AFCONS,EQ,242.04,7155.353,0,20.0,,True
AFFLE,EQ,1417.5,2193.8845,0,20.0,,True
AFFORDABLE,EQ,159.8,33.714999999999996,0,10.0,,True
AFIL,EQ,7.59,41.5125,0,20.0,,True
AFSL,EQ,201.07,17.7085,0,20.0,low liquidity,False
AGARIND,EQ,374.8,139.0375,0,20.0,,True
AGARWALEYE,EQ,477.75,1347.5430000000001,0,20.0,,True
AGASTYAEN,BE,62.89,54.04545454545455,0,5.0,,True
AGI,EQ,770.45,1393.732,0,20.0,,True
AGIIL,EQ,254.1,3194.1014999999998,0,20.0,,True
AGL,EQ,12.24,232.5015,0,20.0,,True
AGRITECH,EQ,95.7,3.9370000000000003,0,10.0,low liquidity,False
AGROPHOS,EQ,22.91,4.039,0,20.0,low liquidity,False
AGSTRA,BZ,2.33,3.4835000000000003,11,2.0,low liquidity,False
AHCL,EQ,28.11,13762.767000000002,12,5.0,,True
AHLADA,EQ,37.28,4.289,0,20.0,low liquidity,False
AHLEAST,EQ,135.27,1.55,0,20.0,low liquidity,False
AHLUCONT,EQ,557.6,388.073,0,20.0,,True
AHLWEST,BE,548.9,4.008,0,5.0,low liquidity,False
AIAENG,EQ,3737.7,2251.429,0,20.0,,True
AIIL,EQ,549.7,2609.573,0,20.0,,True
AIRAN,EQ,14.75,15.069999999999999,0,20.0,low liquidity,False
AIROLAM,EQ,87.39,5.9535,0,20.0,low liquidity,False
AJANTPHARM,EQ,3410.1,3704.3160000000003,0,20.0,,True
AJAXENGG,EQ,570.4,949.177,0,10.0,,True
AJMERA,EQ,116.92,338.173,0,20.0,,True
AJOONI,EQ,3.03,11.190000000000001,0,20.0,low liquidity,False
AKASH,EQ,24.39,0.8869999999999999,0,20.0,low liquidity,False
AKCAPIT,EQ,1751.7,18.045499999999997,0,20.0,low liquidity,False
AKG,EQ,9.41,1.9120000000000001,0,20.0,low liquidity,False
AKI,BE,6.03,8.336,16,5.0,low liquidity,False
AKSHAR,EQ,0.41,3.754,0,20.0,low liquidity,False
AKSHARCHEM,BE,372.1,37.527,10,5.0,,True
AKSHOPTFBR,BE,7.58,25.65,19,5.0,,True
AKUMS,EQ,751.85,2190.141,0,10.0,,True
ALANKIT,EQ,7.49,10.637,0,20.0,low liquidity,False
ALBERTDAVD,EQ,791.65,42.310500000000005,0,20.0,,True
ALEMBICLTD,EQ,99.25,833.0635,0,20.0,,True
ALFREDHE,EQ,2650.0,0.9435294117647058,0,20.0,low liquidity,False
ALGOQUANT,EQ,67.25,1102.3105,0,20.0,,True
ALICON,EQ,861.7,1475.718,1,20.0,,True
ALIVUS,EQ,1326.3,1720.7689999999998,0,20.0,,True
ALKALI,BE,89.43,67.921,4,5.0,,True
ALKEM,EQ,5279.0,9710.892,0,,,True
ALKYLAMINE,EQ,1807.6,4014.225,0,20.0,,True
ALLCARGO,EQ,10.53,764.634,1,10.0,,True
ALLDIGI,EQ,791.1,42.571,0,20.0,,True
ALLTIME,EQ,179.55,247.33,0,20.0,,True
ALMONDZ,BE,19.2,60.0185,1,5.0,,True
ALOKINDS,EQ,9.0,2401.9715,0,20.0,,True
ALPA,EQ,56.99,13.363499999999998,0,20.0,low liquidity,False
ALPHA,EQ,52.61,812.7605,0,,,True
ALPHAETF,EQ,25.03,177.6125,0,,,True
ALPHAGEO,BE,258.75,17.073500000000003,2,5.0,low liquidity,False
ALPINETEX,EQ,44.3,87.946,0,20.0,,True
ALPL30IETF,EQ,25.48,180.07999999999998,0,,,True
ALUFLUOR,EQ,682.8,118.78699999999999,0,20.0,,True
AMAGI,EQ,559.4,2106.9135,0,20.0,,True
AMAL,EQ,764.95,125.45450000000001,0,20.0,,True
AMANTA,BE,187.42,91.2905,3,5.0,,True
AMARJOTHI,EQ,146.47,1.8375,0,20.0,low liquidity,False
AMBALALSA,BE,40.59,18.467,2,5.0,low liquidity,False
AMBER,EQ,6445.0,9222.735499999999,0,,,True
AMBICAAGAR,EQ,22.94,4.9895,0,20.0,low liquidity,False
AMBIKCO,EQ,1472.8,120.17850000000001,0,20.0,,True
AMBUJACEM,EQ,351.5,7347.552000000001,0,,,True
AMDIND,BE,49.29,95.89349999999999,2,5.0,,True
AMJLAND,EQ,36.26,4.048,0,20.0,low liquidity,False
AMNPLST,EQ,174.75,62.35600000000001,0,20.0,,True
AMRUTANJAN,EQ,508.9,216.031,0,20.0,,True
ANANDRATHI,EQ,2038.7,10127.7405,0,,,True
ANANTRAJ,EQ,570.75,9830.99,0,20.0,,True
ANDHRAPAP,EQ,67.21,408.0105,0,20.0,,True
ANDHRSUGAR,EQ,88.43,289.398,0,20.0,,True
ANDREWYU,EQ,24.01,28.612000000000002,0,20.0,,True
ANGELONE,EQ,292.0,13822.4655,0,,,True
ANIKINDS,EQ,41.34,4.7635,0,20.0,low liquidity,False
ANKITMETAL,BZ,2.6,0.672,17,2.0,low liquidity,False
ANMOL,BE,12.19,29.341,2,5.0,,True
ANNAPURNA,EQ,125.14,50.356,0,20.0,,True
ANNU,EQ,47.01,434.389,0,20.0,,True
ANSALAPI,BZ,3.71,1.5085000000000002,18,2.0,low liquidity,False
ANSALBU,EQ,81.49,13.523999999999997,1,20.0,low liquidity,False
ANTELOPUS,EQ,1101.5,15953.534,1,20.0,,True
ANTGRAPHIC,EQ,0.69,1.1855,0,20.0,low liquidity,False
ANTHEM,EQ,862.3,6716.517999999999,0,20.0,,True
ANUHPHR,EQ,82.02,112.7065,0,20.0,,True
ANUP,EQ,1488.2,426.99300000000005,0,20.0,,True
ANURAS,EQ,1132.4,7555.0545,0,20.0,,True
AONEGOLD,EQ,13.84,55.9005,0,,,True
AONELIQUID,EQ,1080.61,222.54299999999998,0,5.0,,True
AONENIFTY,EQ,9.3,17.155,0,,low liquidity,False
AONESILVER,EQ,8.4,46.106,0,,,True
AONESTEELS,EQ,407.1,20655.79142857143,0,20.0,,True
AONETMMQ50,EQ,9.83,13.6975,0,,low liquidity,False
AONETOTAL,EQ,11.2,23.313499999999998,0,,,True
APARINDS,EQ,17984.0,24023.858,0,20.0,,True
APCL,EQ,89.1,5.6964999999999995,0,20.0,low liquidity,False
APCOTEXIND,EQ,578.35,492.843,0,20.0,,True
APEX,EQ,331.3,325.0905,0,20.0,,True
APLAPOLLO,EQ,2114.1,13759.941,0,,,True
APLLTD,EQ,800.95,2141.855,0,20.0,,True
APOLLO,EQ,388.35,28340.741499999996,0,20.0,,True
APOLLOHOSP,EQ,8027.5,53475.86750000001,0,,,True
APOLLOPIPE,EQ,513.7,1127.163,0,20.0,,True
APOLLOTYRE,EQ,400.05,3763.292,0,20.0,,True
APOLSINHOT,EQ,1137.4,8.7085,0,20.0,low liquidity,False
APOORVA,BE,31.25,0.1805263157894737,6,5.0,low liquidity,False
APTECHT,EQ,84.86,64.26899999999999,0,20.0,,True
APTUS,EQ,215.73,4371.5595,0,20.0,,True
AQYLON,EQ,15.75,504.21100000000007,14,5.0,,True
ARCHIDPLY,EQ,99.75,19.275,0,20.0,low liquidity,False
ARCHIES,EQ,12.02,2.893,0,20.0,low liquidity,False
ARCIL,EQ,150.54,8968.235294117647,1,10.0,,True
ARCL,EQ,221.6,9.975999999999999,0,10.0,low liquidity,False
ARDEE,EQ,47.87,1600.5065,0,20.0,,True
ARE&M,EQ,721.0,3346.429,0,20.0,,True
ARENTERP,EQ,33.34,0.255,2,20.0,low liquidity,False
ARFIN,EQ,105.14,3581.061,0,20.0,,True
ARIES,BE,482.75,77.7055,1,5.0,,True
ARIHANT,EQ,923.0,22.569,0,20.0,,True
ARIHANTCAP,EQ,96.19,1217.3880000000001,0,20.0,,True
ARIHANTSUP,EQ,219.32,14.524000000000001,0,20.0,low liquidity,False
ARIS,EQ,140.31,2647.2305,0,20.0,,True
ARKADE,EQ,118.88,213.52800000000002,0,20.0,,True
ARMANFIN,EQ,1694.2,707.4715,0,20.0,,True
ARMEE,EQ,253.9,11582.91125,1,20.0,,True
AROGRANITE,EQ,22.34,1.115,0,20.0,low liquidity,False
ARROWGREEN,EQ,855.65,608.7105,0,20.0,,True
ARSHIYA,BZ,0.83,1.1700000000000002,2,5.0,low liquidity,False
ARSSBL,EQ,539.6,1289.9950000000001,0,20.0,,True
ARTEMISMED,EQ,313.2,5122.6685,0,20.0,,True
ARTNIRMAN,EQ,38.9,0.395,0,20.0,low liquidity,False
ARVEE,EQ,207.0,58.6225,2,10.0,,True
ARVIND,EQ,509.45,3375.804,0,20.0,,True
ARVINDFASN,EQ,402.8,1008.4305,0,20.0,,True
ARVSMART,EQ,598.2,2677.77,0,20.0,,True
ARYAMAN,EQ,623.75,10.859473684210526,0,20.0,low liquidity,False
ASAHIINDIA,EQ,945.95,1168.3805,0,20.0,,True
ASAHISONG,BE,365.05,41.25,3,5.0,,True
ASAL,EQ,405.4,50.1165,0,20.0,,True
ASALCBR,EQ,570.3,250.671,0,20.0,,True
ASHAPURMIN,EQ,470.8,1587.741,0,20.0,,True
ASHIANA,EQ,372.55,347.2645,0,20.0,,True
ASHIKAG,BE,380.8,91.176,1,5.0,,True
ASHIMASYN,EQ,14.26,14.7715,0,20.0,low liquidity,False
ASHOKA,EQ,102.02,650.452,0,20.0,,True
ASHOKAMET,EQ,14.44,28.924,2,20.0,,True
ASHOKLEY,EQ,145.06,19965.5375,0,,,True
ASIANENE,EQ,450.1,1508.398,0,20.0,,True
ASIANHOTNR,EQ,334.4,76.2755,0,20.0,,True
ASIANPAINT,EQ,2339.1,14930.226,0,,,True
ASIANTILES,EQ,45.59,879.609,0,20.0,,True
ASIANTNE,EQ,8.81,1.0405000000000002,0,20.0,low liquidity,False
ASKAUTOLTD,EQ,588.15,2052.3445,0,20.0,,True
ASMS,EQ,5.9,13.5315,0,20.0,low liquidity,False
ASPINWALL,EQ,234.98,12.738499999999998,0,20.0,low liquidity,False
ASSAMENT,EQ,827.55,0.08,7,5.0,low liquidity,False
ASTAR,EQ,604.75,15.3875,2,20.0,low liquidity,False
ASTEC,EQ,729.3,2226.9114999999997,1,20.0,,True
ASTERDM,EQ,699.85,9395.966499999999,0,20.0,,True
ASTRAL,EQ,1409.8,6874.5525,0,,,True
ASTRAMICRO,EQ,1652.9,4834.977000000001,0,20.0,,True
ASTRAZEN,EQ,5837.0,623.3974999999999,0,20.0,,True
ASTRON,BZ,2.82,0.553,0,5.0,low liquidity,False
ATALREAL,EQ,11.34,786.983,6,5.0,,True
ATAM,EQ,54.05,10.6145,0,20.0,low liquidity,False
ATGL,EQ,563.45,17508.3305,0,20.0,,True
ATHERENERG,EQ,1434.4,56331.947499999995,0,,,True
ATL,EQ,26.18,52.66799999999999,0,20.0,,True
ATLANTAA,EQ,34.7,32.7435,0,20.0,,True
ATLANTAELE,EQ,1769.5,3034.06,0,10.0,,True
ATLASCYCLE,EQ,91.99,24.2425,0,20.0,,True
ATUL,EQ,5882.5,1870.782,0,20.0,,True
ATULAUTO,EQ,416.6,539.141,0,20.0,,True
AUBANK,EQ,982.0,16054.7685,0,,,True
AUGMONT,EQ,1337.8,11593.2515,7,5.0,,True
AURIONPRO,EQ,601.6,984.0840000000001,0,20.0,,True
AUROPHARMA,EQ,1693.0,13713.135,0,,,True
AURUM,EQ,232.77,259.264,0,20.0,,True
AURUS,EQ,4.17,1.2195,0,20.0,low liquidity,False
AUSOMENT,EQ,148.6,7.333500000000001,0,10.0,low liquidity,False
AUSTENG,EQ,153.38,46.138,1,20.0,,True
AUTOAXLES,EQ,1600.1,109.81649999999999,0,20.0,,True
AUTOBEES,EQ,257.87,624.6505,0,,,True
AUTOIETF,EQ,25.85,209.97600000000003,0,,,True
AUTOIND,EQ,82.11,162.406,0,20.0,,True
AVADHSUGAR,EQ,945.75,1706.4895000000001,0,20.0,,True
AVALON,EQ,2300.5,15946.467,0,20.0,,True
AVANCE,EQ,0.78,44.419,0,20.0,,True
AVANTEL,EQ,143.98,3019.8244999999997,0,20.0,,True
AVANTIFEED,EQ,699.1,1892.2189999999998,0,20.0,,True
AVG,EQ,161.89,20.301,0,20.0,,True
AVL,EQ,581.05,935.609,0,20.0,,True
AVONMORE,EQ,12.3,25.0505,1,20.0,,True
AVROIND,EQ,5.43,20.19,0,20.0,,True
AVTNPL,EQ,94.78,972.6,0,20.0,,True
AWFIS,EQ,247.03,5287.361,0,20.0,,True
AWHCL,EQ,334.05,1738.486,0,20.0,,True
AWL,EQ,182.18,4029.393,0,20.0,,True
AXISBANK,EQ,1259.1,75126.401,0,,,True
AXISCADES,EQ,2082.3,7075.225,1,10.0,,True
AXITA,EQ,7.38,53.655499999999996,0,20.0,,True
AXTEL,EQ,420.7,32.0455,0,20.0,,True
AYE,EQ,156.94,1523.816,0,20.0,,True
AYMSYNTEX,EQ,272.65,261.8585,0,20.0,,True
AZAD,EQ,2910.2,31890.871000000003,0,20.0,,True
AZADIND,EQ,82.42,59.278499999999994,0,20.0,,True
BAFNAPH,BE,418.0,10.6885,51,2.0,circuit stock,False
BAGFILMS,EQ,4.02,2.5945,0,20.0,low liquidity,False
BAIDFIN,EQ,10.12,10.238,0,20.0,low liquidity,False
BAJAJ-AUTO,EQ,9778.0,38358.819,0,,,True
BAJAJCON,EQ,506.95,2785.249,0,20.0,,True
BAJAJELEC,EQ,298.0,355.783,0,20.0,,True
BAJAJFINSV,EQ,1734.7,16843.457000000002,0,,,True
BAJAJHCARE,EQ,320.0,435.92449999999997,0,20.0,,True
BAJAJHFL,EQ,81.51,2896.6395,0,10.0,,True
BAJAJHIND,EQ,20.42,3284.835,0,20.0,,True
BAJAJHLDNG,EQ,10820.0,4726.7325,0,,,True
BAJAJINDEF,EQ,203.47,47.2705,0,20.0,,True
BAJAJST,EQ,333.95,25.9065,0,20.0,,True
BAJEL,EQ,157.26,223.4085,0,20.0,,True
BAJFINANCE,EQ,960.0,71319.848,0,,,True
BALAJEE,EQ,23.6,7.495,0,20.0,low liquidity,False
BALAJITELE,EQ,91.04,232.331,0,20.0,,True
BALAMINES,EQ,2040.8,6921.943499999999,0,20.0,,True
BALAXI,EQ,22.33,5.8485,0,20.0,low liquidity,False
BALKRISHNA,EQ,15.9,1.0865,0,20.0,low liquidity,False
BALKRISIND,EQ,2010.3,3942.1510000000003,0,20.0,,True
BALMLAWRIE,EQ,156.98,210.269,0,20.0,,True
BALPHARMA,BE,93.06,81.752,2,5.0,,True
BALRAMCHIN,EQ,678.15,8748.8015,0,20.0,,True
BALUFORGE,EQ,481.2,3000.5735,0,20.0,,True
BANARBEADS,EQ,108.41,5.0055,0,20.0,low liquidity,False
BANARISUG,EQ,3301.4,38.078500000000005,0,20.0,,True
BANCOINDIA,EQ,590.8,455.111,0,20.0,,True
BANDHANBNK,EQ,157.0,26310.693,0,,,True
BANG,EQ,32.67,13.7895,0,20.0,low liquidity,False
BANK10ADD,EQ,16.41,93.278,0,,,True
BANK10BETF,EQ,19.99,515.3035,0,,,True
BANKA,EQ,68.1,2.5865,0,10.0,low liquidity,False
BANKADD,EQ,56.53,49.833000000000006,0,,,True
BANKBARODA,EQ,235.8,15883.8815,0,,,True
BANKBEES,EQ,572.92,3546.5190000000002,0,,,True
BANKBETA,EQ,57.22,267.2285,0,,,True
BANKBETF,EQ,56.22,144.9565,0,,,True
BANKETF,EQ,564.6,244.9335,0,,,True
BANKIETF,EQ,56.85,495.18250000000006,0,,,True
BANKINDIA,EQ,134.46,7914.8485,0,,,True
BANKNIFTY1,EQ,57.48,544.4265,0,,,True
BANKPSU,EQ,81.78,9.6045,0,,low liquidity,False
BANSALWIRE,EQ,315.8,341.772,0,20.0,,True
BANSWRAS,EQ,102.48,26.137999999999998,0,20.0,,True
BASF,EQ,3347.4,613.3075,0,20.0,,True
BASML,EQ,21.03,17.102,0,20.0,low liquidity,False
BATAINDIA,EQ,613.25,968.1514999999999,0,20.0,,True
BATLIBOI,EQ,92.28,45.128,0,20.0,,True
BAYERCROP,EQ,3492.0,1441.0194999999999,0,20.0,,True
BBETF0432,EQ,1335.12,56.317499999999995,0,,,True
BBL,EQ,2189.0,479.99350000000004,0,20.0,,True
BBNPNBETF,EQ,55.61,0.693,0,,low liquidity,False
BBNPPGOLD,EQ,143.95,8.0845,0,,low liquidity,False
BBOX,EQ,892.1,10446.313,0,20.0,,True
BBTC,EQ,1222.1,2704.7569999999996,0,20.0,,True
BBTCL,EQ,227.72,12.5855,0,20.0,low liquidity,False
BCG,EQ,9.05,599.3655000000001,0,20.0,,True
BCLIND,EQ,30.26,172.195,0,20.0,,True
BCONCEPTS,EQ,143.39,14.444999999999999,0,20.0,low liquidity,False
BCPL,EQ,64.53,8.2225,0,20.0,low liquidity,False
BDL,EQ,1075.9,11120.412,0,,,True
BEARDSELL,EQ,21.5,7.462000000000001,0,20.0,low liquidity,False
BECTORFOOD,EQ,205.41,2190.5415000000003,0,20.0,,True
BEDMUTHA,EQ,109.99,6.4235,0,20.0,low liquidity,False
BEEKAY,EQ,422.25,14.3035,0,20.0,low liquidity,False
BEL,EQ,368.15,40896.626000000004,0,,,True
BELLACASA,EQ,251.41,38.725,0,20.0,,True
BELRISE,EQ,234.17,7477.799499999999,0,20.0,,True
BEML,EQ,1894.7,5736.461,0,20.0,,True
BENARAS,EQ,10211.0,13.858,0,20.0,low liquidity,False
BENGALASM,EQ,5961.5,27.3875,0,20.0,,True
BEPL,EQ,124.89,1413.4289999999999,0,20.0,,True
BERGEPAINT,EQ,471.9,1991.2445,0,20.0,,True
BESTAGRO,EQ,16.78,97.7705,1,20.0,,True
BETA,EQ,1950.2,450.21549999999996,0,20.0,,True
BFINVEST,EQ,427.1,61.576,0,20.0,,True
BFSI,EQ,25.97,91.049,0,,,True
BFUTILITIE,EQ,469.1,346.3055,0,20.0,,True
BGRENERGY,BE,272.43,191.207,14,5.0,,True
BHAGCHEM,EQ,222.13,275.03499999999997,0,20.0,,True
BHAGERIA,EQ,364.9,982.68,0,10.0,,True
BHAGYANGR,BE,43.45,815.931,11,5.0,,True
BHANDARI,EQ,2.79,3.3560000000000003,0,20.0,low liquidity,False
BHARATCOAL,EQ,31.12,1527.9475,0,20.0,,True
BHARATFORG,EQ,1816.9,15404.067000000001,0,,,True
BHARATGEAR,BE,105.13,13.6995,0,20.0,low liquidity,False
BHARATRAS,EQ,964.7,202.7105,0,20.0,,True
BHARATSE,EQ,210.18,533.5345,0,20.0,,True
BHARATWIRE,EQ,167.78,292.264,0,20.0,,True
BHARTIARTL,EQ,1805.1,114670.47949999999,0,,,True
BHARTIHEXA,EQ,1531.9,3164.6875,0,20.0,,True
BHEL,EQ,433.6,39008.149,0,,,True
BI,BE,94.72,21.7935,23,2.0,,True
BIGBLOC,EQ,35.46,17.183,0,20.0,low liquidity,False
BIKAJI,EQ,472.05,2644.6145,0,20.0,,True
BIL,EQ,1042.1,125.58900000000001,0,20.0,,True
BILVYAPAR,BE,4.35,0.318,0,5.0,low liquidity,False
BIMETAL,EQ,627.8,2.9530000000000003,0,20.0,low liquidity,False
BIOCON,EQ,349.4,11136.653,0,,,True
BIOFILCHEM,EQ,30.15,6.837999999999999,0,20.0,low liquidity,False
BIRLACABLE,EQ,385.2,1902.5259999999998,25,5.0,,True
BIRLACORPN,EQ,817.3,487.88800000000003,0,20.0,,True
BIRLAMONEY,EQ,115.34,33.597,0,20.0,,True
BIRLANU,EQ,1308.1,200.096,0,20.0,,True
BIRLAPREC,BE,55.2,66.67,4,5.0,,True
BLACKBUCK,EQ,592.05,5506.941000000001,0,20.0,,True
BLACKROSE,EQ,107.3,39.338,0,20.0,,True
BLAL,EQ,157.25,28.567,0,20.0,,True
BLBLIMITED,EQ,16.72,22.9765,0,20.0,,True
BLEL,EQ,495.6,8151.7185,0,20.0,,True
BLIL,EQ,64.56,49.7035,0,20.0,,True
BLISSGVS,BE,655.95,2511.873,7,5.0,,True
BLKASHYAP,EQ,55.27,285.3795,0,20.0,,True
BLS,EQ,216.23,1697.6490000000001,0,20.0,,True
BLSE,EQ,149.35,1276.7035,0,20.0,,True
BLUECLOUDS,EQ,19.86,2164.4615000000003,0,20.0,,True
BLUECOAST,EQ,21.27,0.3385,0,10.0,low liquidity,False
BLUEDART,EQ,4560.4,842.4680000000001,0,20.0,,True
BLUEJET,EQ,514.6,2403.6005,0,20.0,,True
BLUESTARCO,EQ,1574.0,10291.394,0,,,True
BLUESTONE,EQ,817.65,15105.367999999999,0,20.0,,True
BLUSPRING,EQ,146.96,616.9565,0,20.0,,True
BMWVENTLTD,EQ,57.95,112.604,0,20.0,,True
BNAGROCHEM,EQ,179.56,135.4065,0,10.0,,True
BNKETFAXIS,EQ,570.92,15.898,0,,low liquidity,False
BODALCHEM,BE,172.59,3169.788,12,5.0,,True
BOHRAIND,EQ,14.37,2.531,6,5.0,low liquidity,False
BOMDYEING,EQ,97.11,498.033,0,20.0,,True
BONLON,EQ,39.98,5.203,0,20.0,low liquidity,False
BORANA,EQ,258.2,98.501,0,20.0,,True
BOROLTD,EQ,270.2,1080.1515,0,20.0,,True
BORORENEW,EQ,430.4,1973.5459999999998,0,20.0,,True
BOROSCI,EQ,107.27,108.301,0,20.0,,True
BOSCH-HCIL,EQ,1980.2,1183.2130000000002,0,20.0,,True
BOSCHLTD,EQ,43545.0,11579.212,0,,,True
BPCL,EQ,287.8,15126.75,0,,,True
BPL,EQ,42.21,22.508000000000003,0,20.0,,True
BPLPHARMA,EQ,1864.0,361.165,1,20.0,,True
BRAHMINFRA,EQ,142.72,27.698500000000003,0,20.0,,True
BRIGADE,EQ,548.8,1674.3310000000001,0,20.0,,True
BRIGHOTEL,EQ,55.48,56.7265,0,20.0,,True
BRIGHTBR,EQ,222.4,4.0445,0,20.0,low liquidity,False
BRITANNIA,EQ,4825.0,12622.31,0,,,True
BRNL,EQ,15.45,3.9844999999999997,0,20.0,low liquidity,False
BROOKS,EQ,70.13,116.45249999999999,0,20.0,,True
BSE,EQ,3287.2,191394.3475,0,,,True
BSE500IETF,EQ,37.06,132.605,0,,,True
BSHSL,EQ,83.58,5.8505,0,20.0,low liquidity,False
BSL,EQ,121.33,3.8455,0,20.0,low liquidity,False
BSLGOLDETF,EQ,130.37,907.2139999999999,0,,,True
BSLNIFTY,EQ,26.5,471.1005,0,,,True
BSLSENETFG,EQ,73.36,3.2409999999999997,0,,low liquidity,False
BSOFT,EQ,285.3,5281.186,0,20.0,,True
BTML,EQ,7.02,36.161500000000004,0,20.0,,True
BTTL,BE,38.42,1.67,0,10.0,low liquidity,False
BUILDPRO,EQ,246.5,960.6395,0,20.0,,True
BURNPUR,BE,13.5,5.633,33,5.0,low liquidity,False
BUTTERFLY,EQ,542.45,126.38050000000001,0,20.0,,True
BVCL,EQ,40.15,7.5515,0,20.0,low liquidity,False
BYKE,EQ,29.88,9.2605,0,20.0,low liquidity,False
CALSOFT,BE,32.63,75.1925,29,5.0,,True
CAMLINFINE,EQ,89.98,614.973,0,20.0,,True
CAMPUS,EQ,197.0,786.884,0,20.0,,True
CAMS,EQ,672.5,8698.2325,0,,,True
CANBK,EQ,119.59,15641.193,0,,,True
CANFINHOME,EQ,718.15,2138.8615,0,20.0,,True
CANHLIFE,EQ,139.22,1376.9370000000001,0,20.0,,True
CANTABIL,EQ,238.23,297.848,0,20.0,,True
CAPACITE,EQ,172.56,522.49,0,20.0,,True
CAPILLARY,EQ,566.65,2508.739,0,20.0,,True
CAPITALSFB,EQ,269.2,119.671,0,20.0,,True
CAPLIPOINT,EQ,2460.8,5374.084,0,20.0,,True
CAPTRUST,BE,23.54,8.0965,17,2.0,low liquidity,False
CARBORUNIV,EQ,1202.6,8187.584,0,20.0,,True
CARERATING,EQ,1544.2,687.9045,0,20.0,,True
CARRARO,EQ,508.5,640.8895,0,20.0,,True
CARTRADE,EQ,2951.0,8033.5425000000005,0,20.0,,True
CARYSIL,EQ,1021.3,1138.9675,0,20.0,,True
CASHIETF,EQ,1083.3,3414.6535000000003,0,5.0,,True
CASTROLIND,EQ,194.67,7275.0385,0,20.0,,True
CCAVENUE,EQ,14.9,2311.435,0,20.0,,True
CCCL,EQ,12.78,27.966500000000003,0,20.0,,True
CCHHL,EQ,13.05,3.4270000000000005,0,20.0,low liquidity,False
CCL,EQ,1051.5,1670.818,0,20.0,,True
CDSL,EQ,1260.0,14087.4175,0,,,True
CEATLTD,EQ,3262.3,1625.135,0,20.0,,True
CEIGALL,EQ,369.0,1189.6345,0,10.0,,True
CEINSYS,EQ,656.15,576.1475,0,20.0,,True
CELEBRITY,EQ,6.08,1.542,0,20.0,low liquidity,False
CELLO,EQ,364.95,7455.258500000001,0,20.0,,True
CEMNTGROWW,EQ,13.33,12.843,0,,low liquidity,False
CEMPRO,EQ,1125.1,2805.2415,0,10.0,,True
CENTENKA,EQ,559.2,179.8535,0,20.0,,True
CENTEXT,EQ,17.87,48.386,0,20.0,,True
CENTRALBK,EQ,30.1,2134.677,0,20.0,,True
CENTRUM,EQ,19.58,61.4405,0,20.0,,True
CENTUM,EQ,4076.7,5149.050499999999,0,20.0,,True
CENTURYPLY,EQ,665.7,720.392,0,20.0,,True
CERA,EQ,5002.5,448.69449999999995,0,20.0,,True
CESC,EQ,133.23,2475.9114999999997,0,20.0,,True
CEWATER,EQ,257.95,298.467,0,20.0,,True
CFEL,BE,43.8,22.919999999999998,1,5.0,,True
CGCL,EQ,241.82,7092.2065,0,20.0,,True
CGPOWER,EQ,855.55,20854.5565,0,,,True
CGVAK,EQ,130.51,5.2135,0,20.0,low liquidity,False
CHALET,EQ,820.9,1508.341,0,20.0,,True
CHAMBLFERT,EQ,374.3,1964.3815,0,20.0,,True
CHEMBOND,EQ,189.25,23.957500000000003,0,20.0,,True
CHEMBONDCH,BE,220.86,20.778,0,20.0,,True
CHEMCON,EQ,212.05,110.29950000000001,0,20.0,,True
CHEMCRUX,EQ,83.74,6.1375,0,20.0,low liquidity,False
CHEMFAB,EQ,332.3,13.841999999999999,0,20.0,low liquidity,False
CHEMICAL,EQ,28.12,123.68799999999999,0,,,True
CHEMPLASTS,EQ,214.68,2164.3635000000004,0,20.0,,True
CHENNPETRO,EQ,1487.7,42288.888,0,20.0,,True
CHEVIOT,EQ,1136.0,13.447,0,20.0,low liquidity,False
CHOICEGOLD,EQ,147.08,27.7,0,,,True
CHOICEIN,EQ,713.1,3091.0029999999997,0,20.0,,True
CHOLAFIN,EQ,1587.6,27827.669,0,,,True
CHOLAHLDNG,EQ,1400.4,2756.4095,0,20.0,,True
CIEINDIA,EQ,370.75,911.1434999999999,0,20.0,,True
CIFL,EQ,20.07,39.8555,0,20.0,,True
CINELINE,EQ,91.53,22.4435,0,20.0,,True
CINEVISTA,EQ,14.39,5.42,0,20.0,low liquidity,False
CIPLA,EQ,1301.0,13512.363000000001,0,,,True
CLEAN,EQ,794.4,2288.2665,0,20.0,,True
CLEANMAX,EQ,1323.0,16413.584,0,20.0,,True
CLEDUCATE,EQ,50.95,10.288,0,10.0,low liquidity,False
CLSEL,EQ,287.4,155.88299999999998,0,20.0,,True
CMLL,EQ,529.25,1784.4845,0,20.0,,True
CMPDI,EQ,206.18,3031.8975,0,20.0,,True
CMRGREEN,EQ,216.94,1046.1715,0,10.0,,True
CMSINFO,EQ,213.85,2052.759,0,20.0,,True
CNL,EQ,1041.8,173.22449999999998,0,20.0,,True
COALINDIA,EQ,411.55,27188.027500000004,0,,,True
COASTCORP,EQ,36.33,26.692,0,20.0,,True
COCHINSHIP,EQ,1230.0,16627.4835,0,,,True
COCKERILL,EQ,7730.0,466.803,0,20.0,,True
COFFEEDAY,EQ,30.81,394.713,0,20.0,,True
COFORGE,EQ,1867.9,40634.757,0,,,True
COHANCE,EQ,441.0,5236.832,0,20.0,,True
COLPAL,EQ,1817.8,10924.6255,0,,,True
COMFINTE,EQ,6.19,33.19,0,20.0,,True
COMMOIETF,EQ,91.14,62.88000000000001,0,,,True
COMPEAU,EQ,347.4,1.3805,0,20.0,low liquidity,False
COMPINFO,BZ,1.07,0.1565,1,5.0,low liquidity,False
COMPUSOFT,EQ,12.79,4.7115,0,20.0,low liquidity,False
COMSYN,EQ,261.15,1818.9524999999999,0,20.0,,True
CONCOR,EQ,442.0,5478.3645,0,,,True
CONCORDBIO,EQ,1361.4,2390.173,0,20.0,,True
CONFIPET,EQ,83.67,2644.484,0,20.0,,True
CONS,EQ,11.26,5.5975,0,,low liquidity,False
CONSOFINVT,BE,285.65,21.302,2,5.0,,True
CONSUMAXIS,EQ,112.45,2.2350000000000003,0,,low liquidity,False
CONSUMBEES,EQ,121.95,90.3885,0,,,True
CONSUMER,EQ,11.09,19.4165,0,,low liquidity,False
CONSUMIETF,EQ,113.44,14.0675,0,,low liquidity,False
CONTROLPR,EQ,611.35,198.202,0,20.0,,True
CORALFINAC,EQ,30.73,8.324,0,20.0,low liquidity,False
CORDELIA,EQ,100.98,1695.47,1,10.0,,True
CORDSCABLE,BE,287.2,522.51,7,5.0,,True
COROMANDEL,EQ,1703.4,3700.7235,0,20.0,,True
CORONA,EQ,2024.0,673.3545,0,20.0,,True
COSMOFIRST,EQ,813.05,320.6685,0,20.0,,True
COUNCODOS,BE,6.39,2.9945,2,5.0,low liquidity,False
CPCAP,EQ,146.39,116.02850000000001,0,20.0,,True
CPEDU,EQ,183.95,7.1795,0,20.0,low liquidity,False
CPL,EQ,61.04,24.168,0,20.0,,True
CPPLUS,EQ,4185.2,11848.824499999999,0,10.0,,True
CPSEETF,EQ,87.85,685.6455,0,,,True
CRAFTSMAN,EQ,10183.0,5646.7495,0,20.0,,True
CRAMC,EQ,219.95,867.302,0,20.0,,True
CRAVATEX,EQ,344.85,5.6355,0,20.0,low liquidity,False
CREATIVEYE,EQ,6.09,1.4035,0,20.0,low liquidity,False
CREDITACC,EQ,1267.5,2570.7515,0,20.0,,True
CREST,EQ,358.35,11.651,0,20.0,low liquidity,False
CRESTO,BE,21.0,18.29,4,5.0,low liquidity,False
CRISIL,EQ,4423.8,1900.877,0,20.0,,True
CRIZAC,EQ,162.94,442.11949999999996,0,10.0,,True
CROMPTON,EQ,205.11,5323.978499999999,0,,,True
CROWN,EQ,111.33,41.8035,0,20.0,,True
CRSL,BZ,2.07,8.5545,8,5.0,low liquidity,False
CSBBANK,EQ,300.35,2867.9294999999997,0,20.0,,True
CSLFINANCE,EQ,203.28,73.8605,0,20.0,,True
CSM,EQ,89.5,1249.0485,0,20.0,,True
CTE,BE,37.74,3.5895,13,5.0,low liquidity,False
CUB,EQ,231.42,6056.155000000001,0,20.0,,True
CUBEXTUB,BE,173.53,660.0685000000001,12,5.0,,True
CUMMINSIND,EQ,4830.0,21148.701,0,,,True
CUPID,EQ,366.1,83764.0055,0,20.0,,True
CURAA,BE,70.94,0.183,3,5.0,low liquidity,False
CYBERMEDIA,BE,17.52,3.7060000000000004,4,5.0,low liquidity,False
CYBERTECH,EQ,131.58,42.259499999999996,0,20.0,,True
CYIENT,EQ,1158.8,8683.8505,0,20.0,,True
CYIENTDLM,EQ,952.35,4631.0655,0,20.0,,True
DABUR,EQ,386.7,8927.253999999999,0,,,True
DAICHI,BE,309.95,3.2380000000000004,0,5.0,low liquidity,False
DALBHARAT,EQ,1598.6,1391.877,0,20.0,,True
DALMIASUG,EQ,435.55,1350.2205,0,20.0,,True
DAMCAPITAL,EQ,143.45,2061.21,0,20.0,,True
DAMODARIND,BE,26.94,1.1835,0,20.0,low liquidity,False
DANGEE,EQ,3.2,14.9,0,20.0,low liquidity,False
DATAMATICS,EQ,745.8,1216.3355,0,20.0,,True
DATAPATTNS,EQ,4084.8,19200.8835,0,20.0,,True
DAVANGERE,EQ,2.26,295.7235,1,20.0,,True
DBCORP,EQ,172.95,144.03,0,20.0,,True
DBEIL,EQ,6.38,24.4015,0,20.0,,True
DBL,EQ,395.65,940.8545,0,20.0,,True
DBOL,EQ,141.33,418.19300000000004,0,20.0,,True
DBREALTY,EQ,84.98,1010.135,0,10.0,,True
DBSTOCKBRO,BE,31.99,2.3920000000000003,0,20.0,low liquidity,False
DCAL,EQ,149.68,383.3575,0,20.0,,True
DCBBANK,EQ,203.79,2596.212,0,20.0,,True
DCI,EQ,341.05,1200.481,0,20.0,,True
DCM,EQ,71.17,7.802,0,20.0,low liquidity,False
DCMFINSERV,EQ,4.81,0.7785,0,20.0,low liquidity,False
DCMNVL,BE,170.0,15.857499999999998,3,5.0,low liquidity,False
DCMSHRIRAM,EQ,955.55,1353.21,0,20.0,,True
DCMSIL,EQ,76.02,108.62,0,20.0,,True
DCMSRIND,EQ,38.91,264.055,0,20.0,,True
DCW,EQ,44.19,768.3715,0,20.0,,True
DCXINDIA,EQ,150.41,549.744,0,20.0,,True
DDEVPLSTIK,EQ,244.17,201.56400000000002,0,20.0,,True
DECCANCE,EQ,547.75,200.791,0,20.0,,True
DECNGOLD,EQ,197.53,2614.5744999999997,0,20.0,,True
DEEDEV,EQ,604.15,1226.4165,0,10.0,,True
DEEP,BE,40.87,17.766,0,5.0,low liquidity,False
DEEPA,EQ,245.53,12528.9095,0,20.0,,True
DEEPAKFERT,EQ,1392.6,3586.518,0,20.0,,True
DEEPAKNTR,EQ,1621.9,3449.4725,0,20.0,,True
DEEPINDS,EQ,746.4,2645.2400000000002,0,20.0,,True
DEFENCE,EQ,75.32,220.8415,0,,,True
DELHIVERY,EQ,400.5,11899.2985,0,,,True
DELPHIFX,BE,7.31,10.6735,20,2.0,low liquidity,False
DELTACORP,EQ,81.31,18460.863999999998,0,20.0,,True
DELTAMAGNT,EQ,55.03,1.846,0,20.0,low liquidity,False
DEN,EQ,25.85,71.3155,0,20.0,,True
DENORA,EQ,706.0,43.598,0,20.0,,True
DENTA,EQ,259.8,230.9765,0,20.0,,True
DEVIT,EQ,19.39,11.357,0,20.0,low liquidity,False
DEVX,EQ,39.92,51.371,0,20.0,,True
DEVYANI,EQ,123.59,2282.82,0,20.0,,True
DGCONTENT,EQ,23.52,7.112,0,20.0,low liquidity,False
DHABRIYA,BE,468.8,53.10850000000001,1,5.0,,True
DHAMPURSUG,EQ,184.58,1592.0549999999998,0,20.0,,True
DHANBANK,EQ,33.96,710.1995,0,20.0,,True
DHANUKA,EQ,860.0,269.01750000000004,0,20.0,,True
DHARAN,BZ,0.13,9.952,15,5.0,low liquidity,False
DHARMAJ,EQ,259.45,166.579,0,20.0,,True
DHATRE,EQ,3.87,1.5115,0,20.0,low liquidity,False
DHOOTTRANS,EQ,1447.3,28087.394,4,10.0,,True
DHRUV,EQ,23.03,1.842,1,10.0,low liquidity,False
DHUNINV,EQ,911.65,4.095000000000001,0,20.0,low liquidity,False
DIACABS,BE,380.95,3333.1449999999995,10,5.0,,True
DIAMINESQ,EQ,235.01,12.419,0,20.0,low liquidity,False
DIAMONDYD,EQ,1049.4,229.26349999999996,0,20.0,,True
DICIND,EQ,603.1,28.931,0,20.0,,True
DIFFNKG,EQ,428.25,748.1745,0,20.0,,True
DIGIDRIVE,EQ,18.1,3.2505,0,20.0,low liquidity,False
DIGISPICE,EQ,15.62,17.201500000000003,0,10.0,low liquidity,False
DIGITIDE,EQ,69.9,207.3835,0,20.0,,True
DIGJAMLMTD,BE,47.55,51.958499999999994,7,5.0,,True
DISAQ,EQ,11385.0,16.830000000000002,0,20.0,low liquidity,False
DISHTV,EQ,2.05,58.049,0,10.0,,True
DIVGIITTS,EQ,1016.3,1311.7275,0,20.0,,True
DIVIDEND,EQ,33.36,1.8820000000000001,0,,low liquidity,False
DIVISLAB,EQ,9340.0,47214.485499999995,0,,,True
DIVOPPBEES,EQ,71.78,33.696,0,,,True
DIXON,EQ,12774.0,39725.218,0,,,True
DJML,EQ,72.05,66.524,1,20.0,,True
DLF,EQ,648.6,25425.4125,0,,,True
DLINKINDIA,EQ,407.1,208.96599999999998,0,20.0,,True
DMART,EQ,3516.8,23736.336,0,,,True
DMCC,EQ,332.7,1010.0305000000001,0,20.0,,True
DNAMEDIA,EQ,2.43,1.0055,0,20.0,low liquidity,False
DODLA,EQ,995.7,241.42600000000002,0,20.0,,True
DOLATALGO,EQ,59.58,74.85,0,20.0,,True
DOLLAR,EQ,271.5,279.9865,0,20.0,,True
DOLLEX,EQ,37.16,14.7745,0,20.0,low liquidity,False
DOLPHIN,EQ,640.05,404.5245,0,20.0,,True
DOMS,EQ,2059.4,477.8275,0,20.0,,True
DONEAR,EQ,81.1,8.5325,0,20.0,low liquidity,False
DPABHUSHAN,EQ,2363.8,5505.729,1,10.0,,True
DPSCLTD,BE,6.14,6.2975,0,5.0,low liquidity,False
DPWIRES,EQ,224.88,384.601,1,10.0,,True
DRAGARWQ,EQ,5161.5,112.50750000000001,0,20.0,,True
DRCSYSTEMS,EQ,12.85,7.4995,0,20.0,low liquidity,False
DREAMFOLKS,EQ,59.61,30.086000000000002,0,20.0,,True
DREDGECORP,EQ,884.95,880.405,0,20.0,,True
DRREDDY,EQ,1197.0,28674.479,0,,,True
DSFCL,BE,28.74,23.1525,6,5.0,,True
DSKULKARNI,BE,28.77,0.05,43,2.0,circuit stock,False
DSSL,EQ,1015.45,444.2,0,20.0,,True
DTIL,BE,152.12,8.015,1,5.0,low liquidity,False
DUCON,EQ,1.39,59.463499999999996,5,5.0,,True
DVL,EQ,279.3,27.330000000000002,0,20.0,,True
DWARKESH,EQ,44.6,1123.5395,0,20.0,,True
DYCL,EQ,420.6,1563.7995,0,20.0,,True
DYNAMATECH,EQ,13321.0,4186.5785000000005,0,20.0,,True
DYNPRO,EQ,229.42,18.7405,0,20.0,low liquidity,False
E2E,BE,704.6,4295.791,18,5.0,,True
EASEMYTRIP,EQ,5.76,760.5835,0,20.0,,True
EASTSILK,BE,66.27,1.334,20,5.0,low liquidity,False
EASTWEST,EQ,2.27,1.3395,0,20.0,low liquidity,False
EBANK10,EQ,16.22,0.20700000000000002,0,,low liquidity,False
EBANKNIFTY,EQ,55.98,1.8579999999999999,0,,low liquidity,False
EBBETF0430,EQ,1607.03,243.14000000000001,0,,,True
EBBETF0431,EQ,1435.45,131.56799999999998,0,,,True
EBBETF0433,EQ,1296.43,47.1695,0,,,True
EBGNG,EQ,685.5,5528.1555,0,20.0,,True
EBIX,BE,16.28,6.285,7,5.0,low liquidity,False
ECAPINSURE,EQ,23.07,15.8505,0,,low liquidity,False
ECLERX,EQ,1866.8,2754.7375,0,20.0,,True
ECORECO,EQ,402.7,45.9015,0,20.0,,True
ECOSMOBLTY,EQ,104.66,58.351,0,20.0,,True
EDELWEISS,EQ,127.89,9723.6715,0,20.0,,True
EFCIL,EQ,169.35,332.158,0,20.0,,True
EGOLD,EQ,148.25,226.69899999999998,0,,,True
EICHERMOT,EQ,7050.0,28559.821999999996,0,,,True
EIDPARRY,EQ,688.9,2161.9875,0,20.0,,True
EIEL,EQ,179.96,1347.4969999999998,0,20.0,,True
EIFFL,BE,261.75,4.4665,9,5.0,low liquidity,False
EIHAHOTELS,EQ,290.65,46.989999999999995,0,20.0,,True
EIHOTEL,EQ,291.3,1130.4285,0,20.0,,True
EIMCOELECO,EQ,2261.8,734.5364999999999,0,20.0,,True
EKC,EQ,102.88,1597.4615,0,20.0,,True
EKI,BE,78.33,111.9025,4,5.0,,True
ELANTAS,EQ,13707.0,578.5965,1,20.0,,True
ELCIDIN,EQ,101000.0,9.2115,0,20.0,low liquidity,False
ELDEHSG,EQ,786.45,4.6005,0,20.0,low liquidity,False
ELECON,EQ,416.4,11080.3155,0,20.0,,True
ELECTCAST,EQ,75.18,3454.7940000000003,0,20.0,,True
ELECTHERM,EQ,690.8,259.195,0,10.0,,True
ELEVATE,EQ,323.6,34452.198749999996,0,20.0,,True
ELGIEQUIP,EQ,583.15,1887.7244999999998,0,20.0,,True
ELGIRUBCO,EQ,53.8,33.38,0,20.0,,True
ELIN,EQ,75.03,128.1535,0,20.0,,True
ELIQUID,EQ,1051.42,333.1175,0,5.0,,True
ELITECON,EQ,7.2,767.4635000000001,16,5.0,,True
ELLEN,EQ,348.15,5311.482,2,10.0,,True
ELM250,EQ,15.47,21.299500000000002,0,,,True
ELMDIV,EQ,34.13,0.22000000000000003,0,,low liquidity,False
ELPROINTL,EQ,172.49,15.217500000000001,0,20.0,low liquidity,False
EMAMILTD,EQ,369.45,9108.7405,0,20.0,,True
EMAMIPAP,BE,115.49,31.3185,5,5.0,,True
EMAMIREAL,EQ,68.93,6.9155,0,10.0,low liquidity,False
EMBDL,EQ,55.51,1526.6885,0,20.0,,True
EMCURE,EQ,1833.5,3950.608,0,10.0,,True
EMETAL,EQ,12.44,1.7120000000000002,0,,low liquidity,False
EMIL,EQ,191.17,10296.184,0,20.0,,True
EMKAY,EQ,267.9,167.277,0,20.0,,True
EMMBI,EQ,83.98,8.0315,0,20.0,low liquidity,False
EMMVEE,EQ,300.05,8217.4365,0,10.0,,True
EMPIND,EQ,1004.0,30.48,0,20.0,,True
EMPOWER,EQ,1.91,378.65700000000004,9,5.0,,True
EMSLIMITED,EQ,320.05,536.987,0,20.0,,True
EMUDHRA,EQ,570.15,15738.163,1,20.0,,True
EMULTIMQ,EQ,39.91,13.303999999999998,0,,low liquidity,False
ENDURANCE,EQ,2407.5,2328.2655,0,20.0,,True
ENERGY,EQ,36.1,108.054,0,,,True
ENERGYAXIS,EQ,17.98,4.462,0,,low liquidity,False
ENERGYDEV,EQ,14.27,2.757,0,20.0,low liquidity,False
ENEXT50,EQ,68.25,0.7155,0,,low liquidity,False
ENGINERSIN,EQ,293.1,21938.3345,0,20.0,,True
ENIFTY,EQ,22.71,2.3215,0,,low liquidity,False
ENIL,EQ,90.15,12.594,0,20.0,low liquidity,False
ENKEIWHEL,EQ,393.85,5.932,0,20.0,low liquidity,False
ENRIN,EQ,3101.0,17386.8995,0,,,True
ENTERO,EQ,1676.2,3615.0405,0,20.0,,True
EPACK,EQ,170.47,511.691,0,20.0,,True
EPACKPEB,EQ,253.62,2133.199,0,20.0,,True
EPIGRAL,EQ,996.4,399.713,0,20.0,,True
EPL,EQ,232.43,4501.360500000001,0,20.0,,True
EQUAL200,EQ,12.9,5.2490000000000006,0,,low liquidity,False
EQUAL50,EQ,308.66,37.837,0,,,True
EQUAL50ADD,EQ,319.72,116.09349999999999,0,,,True
EQUIPPP,BE,21.9,2.943,1,5.0,low liquidity,False
EQUITASBNK,EQ,66.02,1287.1895,0,20.0,,True
ERIS,EQ,1170.7,1527.258,0,20.0,,True
ESABINDIA,EQ,5394.5,190.76100000000002,0,20.0,,True
ESAFSFB,BE,41.4,286.473,1,5.0,,True
ESCORTS,EQ,2730.5,2947.3355,0,20.0,,True
ESDS,EQ,1498.2,25950.0785,22,5.0,,True
ESENSEX,EQ,73.07,0.7265,0,,low liquidity,False
ESG,EQ,38.43,5.6915,0,,low liquidity,False
ESILVER,EQ,219.07,427.504,0,,,True
ESSARSHPNG,EQ,16.25,124.65799999999999,0,20.0,,True
ESSENTIA,EQ,1.0,17.973499999999998,0,10.0,low liquidity,False
ESTER,EQ,93.27,308.2985,0,20.0,,True
ETERNAL,EQ,323.45,72200.4515,0,,,True
ETHOSLTD,EQ,2563.1,1426.8110000000001,0,20.0,,True
EUREKAFORB,EQ,339.0,815.556,0,20.0,,True
EUROBOND,EQ,134.13,4.153499999999999,0,20.0,low liquidity,False
EUROPRATIK,EQ,176.69,491.61800000000005,0,20.0,,True
EUROTEXIND,EQ,14.56,1.3225,10,5.0,low liquidity,False
EVEREADY,EQ,321.15,306.2275,0,20.0,,True
EVERESTIND,EQ,472.15,89.1115,0,20.0,,True
EVIETF,EQ,29.54,59.14149999999999,0,,,True
EVINDIA,EQ,29.51,66.0655,0,,,True
EXCELINDUS,EQ,923.6,119.10799999999999,0,20.0,,True
EXCELSOFT,EQ,81.13,920.173,0,20.0,,True
EXICOM,EQ,145.43,1454.72,0,20.0,,True
EXIDEIND,EQ,394.4,8033.512,0,20.0,,True
EXPLEOSOL,EQ,861.9,144.8715,0,20.0,,True
EXXARO,EQ,6.09,22.660999999999998,0,20.0,,True
FABTECH,EQ,133.22,95.934,0,20.0,,True
FACT,EQ,729.4,1409.534,0,20.0,,True
FAIRCHEMOR,EQ,748.7,196.138,0,20.0,,True
FAZE3Q,EQ,408.3,191.789,0,20.0,,True
FCL,EQ,57.94,14068.1255,0,20.0,,True
FCSSOFT,EQ,1.42,26.2155,0,20.0,,True
FDC,EQ,330.15,478.92449999999997,0,20.0,,True
FEDDERSHOL,EQ,59.78,11680.023,0,20.0,,True
FEDERALBNK,EQ,330.0,22407.2125,0,,,True
FEDFINA,EQ,146.39,1333.6695,0,20.0,,True
FEL,BZ,0.36,0.737,26,2.0,low liquidity,False
FELDVR,BZ,1.93,0.131,5,5.0,low liquidity,False
FERMENTA,EQ,517.55,2537.0245000000004,0,20.0,,True
FIBERWEB,EQ,25.63,4.0815,0,20.0,low liquidity,False
FIEMIND,EQ,1747.7,1263.1715,0,20.0,,True
FILATEX,EQ,109.06,7352.7835000000005,0,20.0,,True
FILATFASH,EQ,0.18,34.513999999999996,0,10.0,,True
FINCABLES,EQ,1388.7,12442.2395,0,20.0,,True
FINEORG,EQ,5410.5,1459.867,0,20.0,,True
FINIETF,EQ,30.06,103.30149999999999,0,,,True
FINKURVE,EQ,69.46,80.79499999999999,0,20.0,,True
FINOPB,EQ,139.42,2336.8385,0,20.0,,True
FINPIPE,EQ,151.16,554.3855,0,20.0,,True
FIRSTCRY,EQ,169.17,16408.9685,0,20.0,,True
FISCHER,EQ,30.37,347.519,0,20.0,,True
FIVESTAR,EQ,502.25,3904.0254999999997,0,20.0,,True
FLAIR,EQ,220.52,172.5905,0,10.0,,True
FLEXIADD,EQ,9.47,22.358,0,,,True
FLEXITUFF,BE,3.25,0.4925,17,2.0,low liquidity,False
FLFL,BZ,0.96,0.5549999999999999,0,5.0,low liquidity,False
FLUOROCHEM,EQ,4476.8,4996.268,0,20.0,,True
FMCGADD,EQ,45.15,7.7379999999999995,0,,low liquidity,False
FMCGIETF,EQ,48.35,691.3015,0,,,True
FMGOETZE,EQ,443.2,884.6105,0,20.0,,True
FMNL,EQ,8.15,5.8045,0,10.0,low liquidity,False
FOCUS,EQ,52.24,19.6175,0,20.0,low liquidity,False
FOODSIN,EQ,48.69,39.3295,0,20.0,,True
FORCEMOT,EQ,16900.0,10962.4125,0,,,True
FORTIS,EQ,786.25,19028.595999999998,0,,,True
FOSECOIND,EQ,6236.5,2497.6655,0,20.0,,True
FRACTAL,EQ,707.6,2376.7525,0,20.0,,True
FREDUN,EQ,1552.3,2292.993,0,20.0,,True
FRONTSP,EQ,1378.0,1906.366,1,20.0,,True
FSL,EQ,268.1,10399.1165,0,20.0,,True
FUSION,EQ,164.03,872.5290000000001,0,20.0,,True
GABRIEL,EQ,1362.2,9547.191,0,20.0,,True
GAEL,EQ,163.43,1064.144,0,20.0,,True
GAIL,EQ,166.64,12055.780499999999,0,,,True
GAJA,EQ,147.07,2334.134,0,20.0,,True
GALAPREC,EQ,1071.9,556.6275,0,20.0,,True
GALAXYSURF,EQ,2502.2,1485.033,1,20.0,,True
GALLANTT,EQ,503.75,461.497,0,20.0,,True
GANDHAR,EQ,296.55,2063.0305,0,20.0,,True
GANDHITUBE,EQ,948.65,265.2695,0,20.0,,True
GANECOS,EQ,966.1,743.4219999999999,0,20.0,,True
GANESHBE,BE,106.31,481.60999999999996,13,5.0,,True
GANESHCP,EQ,152.08,316.8645,0,20.0,,True
GANESHHOU,EQ,699.5,259.8225,0,20.0,,True
GANGAFORGE,EQ,1.48,37.8685,7,5.0,,True
GANGESSECU,EQ,113.97,1.263684210526316,0,20.0,low liquidity,False
GARFIBRES,EQ,765.1,252.0565,0,20.0,,True
GARUDA,EQ,163.63,640.5985,0,20.0,,True
GATECH,BE,0.58,93.9135,6,5.0,,True
GATECHDVR,BE,0.47,1.4435,0,5.0,low liquidity,False
GATEWAY,EQ,51.01,339.76,0,20.0,,True
GAUDIUMIVF,EQ,105.8,281.9235,0,20.0,,True
GAYAHWS,EQ,1.82,2.998,0,20.0,low liquidity,False
GAYAPROJ,EQ,21.0,269.25,5,5.0,,True
GCSL,EQ,701.0,3708.7005,0,20.0,,True
GEECEE,EQ,337.8,8.939,0,20.0,low liquidity,False
GEEKAYWIRE,EQ,32.14,114.0625,0,20.0,,True
GEMAROMA,EQ,148.11,116.5275,0,20.0,,True
GENCON,EQ,35.8,163.9565,0,20.0,,True
GENESYS,EQ,276.05,2242.127,2,20.0,,True
GENSOL,BZ,10.61,20.5255,15,5.0,,True
GENUSPAPER,EQ,10.25,12.743,0,20.0,low liquidity,False
GENUSPOWER,EQ,296.55,5113.3279999999995,0,20.0,,True
GEOJITFSL,EQ,75.55,223.5145,0,20.0,,True
GERMAN,EQ,112.46,10068.153999999999,0,20.0,,True
GESHIP,EQ,1533.7,13870.162,0,20.0,,True
GFLLIMITED,EQ,55.6,38.3885,0,20.0,,True
GFSTEELS,BE,42.25,21.131999999999998,23,2.0,,True
GHCL,EQ,386.25,549.9525,0,20.0,,True
GHCLTEXTIL,EQ,124.05,669.277,0,20.0,,True
GICHSGFIN,EQ,131.53,96.7775,0,20.0,,True
GICL,BE,21.88,30.540499999999998,0,5.0,,True
GICRE,EQ,312.6,1870.5395,0,20.0,,True
GILLANDERS,EQ,100.14,19.3665,0,20.0,low liquidity,False
GILLETTE,EQ,7100.5,1751.804,0,20.0,,True
GILT10BETA,EQ,26.34,0.1095,0,,low liquidity,False
GILT5BETA,EQ,66.12,1.068,0,,low liquidity,False
GILT5YBEES,EQ,65.54,160.686,0,,,True
GINNIFILA,BE,40.75,17.4135,0,20.0,low liquidity,False
GIPCL,EQ,166.58,698.6899999999999,0,20.0,,True
GKB,EQ,60.28,5.8335,0,20.0,low liquidity,False
GKENERGY,EQ,113.08,604.2405,0,10.0,,True
GKSL,EQ,184.09,8759.528999999999,0,20.0,,True
GKWLIMITED,EQ,1544.9,43.7655,0,20.0,,True
GLAND,EQ,3061.8,12957.6775,0,20.0,,True
GLASSWALL,EQ,267.6,72677.56277777778,1,20.0,,True
GLAXO,EQ,2540.3,2220.6434999999997,0,20.0,,True
GLENMARK,EQ,2293.0,15202.448499999999,0,,,True
GLFL,EQ,5.58,0.46950000000000003,0,10.0,low liquidity,False
GLOBAL,EQ,142.2,361.691,0,20.0,,True
GLOBALE,EQ,12.01,0.7025,1,10.0,low liquidity,False
GLOBALVECT,EQ,126.24,8.7005,0,20.0,low liquidity,False
GLOBE,EQ,2.07,21.421,0,20.0,,True
GLOBECIVIL,EQ,40.6,11.1975,0,20.0,low liquidity,False
GLOBUSSPR,EQ,780.95,536.6485,0,20.0,,True
GLOSTERLTD,EQ,534.75,6.6875,0,20.0,low liquidity,False
GLOTTIS,EQ,55.61,64.24549999999999,0,20.0,,True
GMBREW,EQ,885.75,1105.1425,0,20.0,,True
GMDCLTD,EQ,462.15,4188.6245,0,20.0,,True
GMMPFAUDLR,EQ,1299.8,5961.545,0,20.0,,True
GMRAIRPORT,EQ,92.31,16944.1935,0,,,True
GMRP&UI,EQ,98.1,1690.5865000000001,0,20.0,,True
GNA,EQ,554.55,5958.685,0,20.0,,True
GNFC,EQ,592.7,7592.245999999999,0,20.0,,True
GNRL,EQ,95.78,478.2985,0,20.0,,True
GOACARBON,EQ,401.8,130.323,1,20.0,,True
GOCLCORP,EQ,357.5,1032.8305,0,20.0,,True
GOCOLORS,EQ,292.75,241.6045,0,20.0,,True
GODAVARIB,EQ,221.26,1470.284,0,20.0,,True
GODFRYPHLP,EQ,1813.2,3605.2735000000002,0,,,True
GODIGIT,EQ,272.85,3071.043,0,20.0,,True
GODREJAGRO,EQ,628.45,1314.5,0,20.0,,True
GODREJCP,EQ,860.5,8434.842,0,,,True
GODREJIND,EQ,985.4,1000.9735000000001,0,20.0,,True
GODREJPROP,EQ,1550.0,10519.8645,0,,,True
GOKEX,EQ,667.7,2030.8395,0,20.0,,True
GOKUL,EQ,38.05,65.982,0,20.0,,True
GOKULAGRO,EQ,206.74,692.6725,0,20.0,,True
GOLD1,EQ,123.98,3230.1595,0,,,True
GOLD360,EQ,144.5,21.699,0,,,True
GOLDADD,EQ,14.43,973.6094999999999,0,,,True
GOLDAXIS,EQ,123.76,2394.192,0,,,True
GOLDBEES,EQ,122.75,24904.275,0,,,True
GOLDBETA,EQ,124.85,831.4369999999999,0,,,True
GOLDBND,EQ,148.52,35.476,0,,,True
GOLDCASE,EQ,23.35,3097.252,0,,,True
GOLDENTOBC,BZ,21.74,0.48949999999999994,1,5.0,low liquidity,False
GOLDETF,EQ,144.16,1929.2885,0,,,True
GOLDIAM,EQ,305.9,1340.8795,0,20.0,,True
GOLDIETF,EQ,127.35,7593.762,0,,,True
GOLDTECH,BE,40.0,7.580500000000001,16,2.0,low liquidity,False
GOODLUCK,EQ,500.25,2509.0950000000003,0,20.0,,True
GOODYEAR,EQ,676.85,31.586000000000002,0,20.0,,True
GOPAL,EQ,253.35,422.1835,0,10.0,,True
GOYALALUM,EQ,5.72,4.517,0,20.0,low liquidity,False
GPIL,EQ,206.47,3298.0665,0,20.0,,True
GPPL,EQ,167.9,2502.1205,0,20.0,,True
GPTHEALTH,EQ,139.62,173.708,0,20.0,,True
GPTINFRA,EQ,121.88,611.6835,0,20.0,,True
GRADIENTE,BE,2.39,19.165,9,5.0,low liquidity,False
GRANDOAK,EQ,37.62,1.373,0,10.0,low liquidity,False
GRANULES,EQ,815.25,10773.2985,0,20.0,,True
GRAPHITE,EQ,806.6,14475.906500000001,0,20.0,,True
GRASIM,EQ,2890.0,20704.988,0,,,True
GRAUWEIL,EQ,81.32,1202.9720000000002,0,20.0,,True
GRAVISSHO,BE,30.61,14.8135,11,5.0,low liquidity,False
GRAVITA,EQ,1466.4,3930.5265,0,20.0,,True
GREAVESCOT,EQ,207.22,6066.566000000001,0,20.0,,True
GREENLAM,EQ,206.34,129.4105,0,20.0,,True
GREENPANEL,EQ,153.78,616.242,0,20.0,,True
GREENPLY,EQ,306.7,749.9390000000001,0,20.0,,True
GREENPOWER,EQ,8.56,172.91500000000002,0,20.0,,True
GRINDWELL,EQ,1990.6,743.7445,0,20.0,,True
GRINFRA,EQ,787.55,235.382,0,20.0,,True
GRMOVER,EQ,80.02,881.2684999999999,0,20.0,,True
GROBTEA,EQ,889.95,1.0605,0,20.0,low liquidity,False
GROWW,EQ,192.39,61222.9415,0,20.0,,True
GROWWCAPM,EQ,10.95,76.961,0,,,True
GROWWCHEM,EQ,28.06,137.82399999999998,0,,,True
GROWWDEFNC,EQ,90.19,227.08200000000002,0,,,True
GROWWEV,EQ,29.38,89.8485,0,,,True
GROWWGOLD,EQ,14.49,313.5385,0,,,True
GROWWHOSPI,EQ,46.8,248.49450000000002,0,,,True
GROWWLIQID,EQ,111.11,349.4575,0,5.0,,True
GROWWLOVOL,EQ,9.69,1.6145,0,,low liquidity,False
GROWWMC150,EQ,216.69,3.4375,0,,low liquidity,False
GROWWMETAL,EQ,11.48,50.801,0,,,True
GROWWMOM50,EQ,10.57,20.394,0,,,True
GROWWN200,EQ,10.62,9.501000000000001,0,,low liquidity,False
GROWWNET,EQ,9.97,113.102,0,,,True
GROWWNIFTY,EQ,9.14,85.353,0,,,True
GROWWNXT50,EQ,68.85,6.828999999999999,0,,low liquidity,False
GROWWPOWER,EQ,10.52,274.4565,0,,,True
GROWWPSE,EQ,91.96,5.22,0,,low liquidity,False
GROWWPSUBK,EQ,81.32,5.05,0,,low liquidity,False
GROWWRAIL,EQ,25.55,194.98899999999998,0,,,True
GROWWRLTY,EQ,9.01,41.2365,0,,,True
GROWWSC250,EQ,10.17,16.746000000000002,0,,low liquidity,False
GROWWSLVR,EQ,21.47,319.565,0,,,True
GRPLTD,EQ,1795.0,48.019999999999996,0,20.0,,True
GRSE,EQ,2046.0,8491.9665,0,20.0,,True
GRWRHITECH,EQ,6997.5,3793.121,0,20.0,,True
GSEC10IETF,EQ,260.8,33.6888888888889,0,,,True
GSEC10YEAR,EQ,30.6,1.3900000000000001,0,,low liquidity,False
GSEC5IETF,EQ,65.78,9.107,0,,low liquidity,False
GSFC,EQ,147.28,1290.8925,0,20.0,,True
GSLSU,EQ,26.43,18.273000000000003,24,5.0,low liquidity,False
GSPCROP,EQ,482.9,1353.4460000000001,0,20.0,,True
GSPLTRANS,BE,106.19,1574.95875,6,5.0,,True
GSS,EQ,9.94,3.9445,0,20.0,low liquidity,False
GTECJAINX,EQ,33.74,4.142,9,5.0,low liquidity,False
GTL,EQ,6.64,11.796000000000001,0,20.0,low liquidity,False
GTLINFRA,EQ,1.06,338.101,0,20.0,,True
GTPL,EQ,55.39,22.2335,0,20.0,,True
GUFICBIO,EQ,406.3,379.784,0,20.0,,True
GUJALKALI,EQ,605.45,545.5635,0,20.0,,True
GUJAPOLLO,EQ,326.5,68.91,0,20.0,,True
GUJENERGY,EQ,223.7,4113.445,0,20.0,,True
GUJRAFFIA,EQ,42.44,1.689,0,20.0,low liquidity,False
GUJTHEM,EQ,363.5,1400.9715,0,20.0,,True
GULFOILLUB,EQ,1077.3,460.78599999999994,0,20.0,,True
GULFPETRO,BE,61.59,53.157999999999994,10,5.0,,True
GULPOLY,EQ,160.21,153.59449999999998,0,20.0,,True
GVKPIL,BE,2.3,23.9995,13,2.0,,True
GVPIL,EQ,656.65,1473.8205,0,20.0,,True
GVPTECH,BE,7.13,3.3954999999999997,1,5.0,low liquidity,False
GVT&D,EQ,4194.4,25833.7975,0,,,True
GYFTR,EQ,168.63,355.21549999999996,0,20.0,,True
HAL,EQ,4655.6,32767.3985,0,,,True
HALDER,EQ,239.76,45.537,0,20.0,,True
HALDYNGL,EQ,139.87,100.5325,0,20.0,,True
HALEOSLABS,EQ,1563.7,15.121500000000001,0,20.0,low liquidity,False
HAMPTON,EQ,7.9,5.506,0,20.0,low liquidity,False
HAPPSTMNDS,EQ,306.1,1985.7985,0,20.0,,True
HAPPYFORGE,EQ,1922.6,1916.7580000000003,0,10.0,,True
HARDWYN,EQ,9.19,90.70700000000001,0,20.0,,True
HARIOMPIPE,EQ,334.85,316.0065,0,20.0,,True
HARRMALAYA,EQ,172.2,16.115000000000002,0,20.0,low liquidity,False
HARSHA,EQ,441.95,880.5685,0,20.0,,True
HATHWAY,EQ,9.75,181.2115,0,20.0,,True
HATSUN,EQ,1121.8,1002.6614999999999,0,20.0,,True
HAVELLS,EQ,1041.5,8809.461,0,,,True
HAVISHA,EQ,1.44,1.0015,0,20.0,low liquidity,False
HAWKINCOOK,EQ,8014.0,257.563,0,20.0,,True
HAZOOR,EQ,16.27,117.2335,0,20.0,,True
HBESD,EQ,74.43,9.77,1,20.0,low liquidity,False
HBLENGINE,EQ,719.05,14761.617499999998,0,20.0,,True
HBPOR,EQ,61.12,0.4245,0,20.0,low liquidity,False
HBSL,EQ,57.4,1.435,0,20.0,low liquidity,False
HCC,EQ,19.01,3250.2145,0,20.0,,True
HCG,EQ,589.2,944.7455,0,20.0,,True
HCL-INSYS,EQ,10.0,29.307499999999997,0,20.0,,True
HCLTECH,EQ,1216.7,35081.8145,0,,,True
HDBFS,EQ,588.65,2742.0375,0,20.0,,True
HDFCAMC,EQ,2262.5,18452.8255,0,,,True
HDFCBANK,EQ,707.25,237364.55950000003,0,,,True
HDFCBSE500,EQ,35.56,612.596,0,,,True
HDFCGOLD,EQ,126.81,5927.5175,0,,,True
HDFCGROWTH,EQ,108.82,15.338,0,,low liquidity,False
HDFCLIFE,EQ,556.65,26638.126500000002,0,,,True
HDFCLIQUID,EQ,1081.65,380.9735,0,5.0,,True
HDFCLOWVOL,EQ,19.1,3.629,0,,low liquidity,False
HDFCMID150,EQ,21.93,147.4905,0,,,True
HDFCMOMENT,EQ,29.53,76.41,0,,,True
HDFCNEXT50,EQ,69.63,94.96900000000001,0,,,True
HDFCNIF100,EQ,24.37,18.401,0,,low liquidity,False
HDFCNIFBAN,EQ,57.01,97.402,0,,,True
HDFCNIFIT,EQ,30.52,68.627,0,,,True
HDFCNIFTY,EQ,254.97,1782.7745,0,,,True
HDFCNIMEG,EQ,119.8,39.1725,0,,,True
HDFCPSUBK,EQ,82.14,22.986,0,,,True
HDFCPVTBAN,EQ,27.74,75.862,0,,,True
HDFCQUAL,EQ,55.43,5.340999999999999,0,,low liquidity,False
HDFCSENSEX,EQ,82.48,67.751,0,,,True
HDFCSILVER,EQ,209.56,6107.3505,0,,,True
HDFCSML250,EQ,177.14,3238.028,0,,,True
HDFCVALUE,EQ,118.23,14.0495,0,,low liquidity,False
HDIL,BZ,1.44,1.508,0,5.0,low liquidity,False
HEADSUP,EQ,6.02,0.8975,0,20.0,low liquidity,False
HEALTHADD,EQ,16.02,9.139,0,,low liquidity,False
HEALTHAXIS,EQ,161.95,9.413,0,,low liquidity,False
HEALTHCARE,EQ,20.71,11.0975,0,,low liquidity,False
HEALTHIETF,EQ,162.08,240.5975,0,,,True
HEALTHX,EQ,291.25,22.497,0,20.0,,True
HEALTHY,EQ,16.29,134.643,0,,,True
HECPROJECT,EQ,112.02,8.2325,1,20.0,low liquidity,False
HEGAM,EQ,233.56,3602.2321428571427,0,20.0,,True
HEIDELBERG,EQ,124.27,246.7955,0,20.0,,True
HEMIPROP,EQ,110.35,368.1755,0,20.0,,True
HERANBA,EQ,162.05,394.0145,0,20.0,,True
HERITGFOOD,EQ,390.15,2012.31,0,20.0,,True
HEROMOTOCO,EQ,4895.5,27390.701500000003,0,,,True
HEROMOTORS,EQ,158.48,129548.20000000001,5,10.0,,True
HESTERBIO,EQ,2058.7,65.9525,0,20.0,,True
HEXAGON,BE,69.43,258.072,5,5.0,,True
HEXATRADEX,EQ,157.02,3.559,0,10.0,low liquidity,False
HEXT,EQ,538.5,9254.411,0,20.0,,True
HFCL,BE,260.4,18919.204999999998,12,5.0,,True
HGINFRA,EQ,401.75,3810.1065000000003,0,20.0,,True
HGM,EQ,39.45,3.3145000000000002,0,20.0,low liquidity,False
HGS,EQ,355.55,42.7765,0,20.0,,True
HIKAL,EQ,213.66,1668.9665,0,20.0,,True
HILINFRA,EQ,49.59,117.29400000000001,0,20.0,,True
HILTON,EQ,16.19,20.4885,0,10.0,,True
HIMATSEIDE,EQ,59.52,488.566,0,20.0,,True
HINDADH,EQ,388.0,10.8305,1,20.0,low liquidity,False
HINDALCO,EQ,900.35,39826.1665,0,,,True
HINDALUMI,EQ,89.5,1.8605,0,20.0,low liquidity,False
HINDCOMPOS,EQ,426.85,54.55650000000001,0,20.0,,True
HINDCON,BE,28.46,26.458,10,5.0,,True
HINDCOPPER,EQ,468.85,29293.6775,0,20.0,,True
HINDOILEXP,EQ,169.34,886.8095,0,20.0,,True
HINDPETRO,EQ,326.0,15620.935500000001,0,,,True
HINDUNILVR,EQ,1856.7,24963.8465,0,,,True
HINDWAREAP,EQ,170.5,166.18800000000002,0,20.0,,True
HINDZINC,EQ,543.5,20152.004,0,,,True
HIRECT,EQ,1113.7,484.16049999999996,0,20.0,,True
HISARMETAL,EQ,142.93,1.8135,0,20.0,low liquidity,False
HITECH,EQ,70.94,559.5315,0,20.0,,True
HITECHCORP,BE,350.8,85.791,0,5.0,,True
HITECHGEAR,BE,573.05,20.788,3,5.0,,True
HLEGLAS,EQ,423.7,1638.3485,10,5.0,,True
HLVLTD,EQ,6.11,13.1955,0,20.0,low liquidity,False
HMAAGRO,EQ,23.28,979.512,0,20.0,,True
HMT,BZ,54.95,6.408499999999999,4,5.0,low liquidity,False
HMVL,BE,74.08,34.85,2,5.0,,True
HNDFDS,EQ,573.0,389.1185,0,20.0,,True
HNGSNGBEES,EQ,460.89,361.8335,0,,,True
HOMEFIRST,EQ,1076.6,3084.1075,0,20.0,,True
HONASA,EQ,468.7,14393.7405,0,20.0,,True
HONAUT,EQ,32495.0,1627.958,0,20.0,,True
HONDAPOWER,EQ,1827.0,50.832499999999996,0,20.0,,True
HORIZONIND,EQ,49.05,1737.8919999999998,0,10.0,,True
HPAL,EQ,33.9,26.8675,0,20.0,,True
HPIL,EQ,118.45,0.6436842105263159,0,20.0,low liquidity,False
HPL,EQ,257.9,258.2315,0,20.0,,True
HRYNSHP,EQ,92.61,0.836,0,20.0,low liquidity,False
HSBCGOLD,EQ,129.34,67.5505,0,,,True
HSCL,EQ,659.95,13551.596,0,20.0,,True
HTEL,EQ,90.37,4679.869000000001,1,20.0,,True
HTMEDIA,EQ,22.26,23.302500000000002,0,20.0,,True
HUBTOWN,EQ,155.42,780.964,0,20.0,,True
HUDCO,EQ,159.75,4153.3885,0,20.0,,True
HUHTAMAKI,EQ,225.25,263.9555,0,20.0,,True
HYBRIDETF,EQ,9.73,3.9375,0,,low liquidity,False
HYBRIDFIN,EQ,17.62,2.664,0,10.0,low liquidity,False
HYUNDAI,EQ,1940.0,14330.570000000002,0,,,True
IBULLSLTD,EQ,36.62,7177.0380000000005,0,20.0,,True
ICDSLTD,BE,41.89,1.7315,12,5.0,low liquidity,False
ICEMAKE,EQ,661.0,214.6465,0,20.0,,True
ICICIAMC,EQ,3030.3,13122.1065,0,10.0,,True
ICICIB22,EQ,108.11,735.1145,0,,,True
ICICIBANK,EQ,1355.0,131541.025,0,,,True
ICICIGI,EQ,1690.2,15900.769,0,,,True
ICICIPRULI,EQ,460.55,7311.6134999999995,0,,,True
ICIL,EQ,436.3,2285.94,0,20.0,,True
ICRA,EQ,4424.8,1226.0865,0,20.0,,True
IDBI,EQ,83.09,11548.162999999999,0,20.0,,True
IDEA,EQ,13.0,59826.777,0,,,True
IDEAFORGE,EQ,668.6,1785.902,0,10.0,,True
IDFCFIRSTB,EQ,79.52,19773.231,0,,,True
IDFNIFTYET,EQ,249.08,4.6955,0,,low liquidity,False
IEX,EQ,104.78,3940.3595,0,,,True
IFBAGRO,EQ,862.0,28.2365,0,20.0,,True
IFBIND,EQ,1161.0,376.767,0,20.0,,True
IFCI,EQ,67.35,51410.7445,0,20.0,,True
IFGLEXPOR,EQ,180.51,54.714,0,20.0,,True
IGARASHI,EQ,396.1,3299.707,0,20.0,,True
IGCL,EQ,55.09,106.4775,0,20.0,,True
IGIL,EQ,309.05,1720.9540000000002,0,10.0,,True
IGL,EQ,146.15,2749.975,0,20.0,,True
IGPL,EQ,566.8,505.99800000000005,0,20.0,,True
IIFL,EQ,597.7,10574.903,0,20.0,,True
IIFLCAPS,EQ,343.75,2193.4425,0,20.0,,True
IITL,EQ,125.67,155.3295,1,20.0,,True
IKIO,EQ,179.27,557.7149999999999,0,20.0,,True
IKS,EQ,1716.6,4450.753500000001,0,20.0,,True
IL&FSENGG,BZ,38.5,15.751500000000002,10,5.0,low liquidity,False
IL&FSTRANS,BZ,2.05,1.3725,1,5.0,low liquidity,False
IMAGICAA,EQ,46.86,382.902,1,20.0,,True
IMFA,EQ,1182.5,1072.1065,0,20.0,,True
IMPAL,EQ,1007.4,23.436,0,20.0,,True
INA,EQ,79.67,529.2925,0,20.0,,True
INCREDIBLE,EQ,31.45,2.071,0,20.0,low liquidity,False
INDBANK,EQ,25.58,8.8545,0,20.0,low liquidity,False
INDGN,EQ,580.1,3102.7015,0,20.0,,True
INDHOTEL,EQ,715.65,25672.511000000002,0,,,True
INDIACEM,EQ,297.45,892.4535,0,20.0,,True
INDIAGLYCO,EQ,329.6,4545.1235,1,20.0,,True
INDIAMART,EQ,1606.8,1864.4965,0,20.0,,True
INDIANB,EQ,829.8,8158.6375,0,,,True
INDIANCARD,EQ,182.61,5.246499999999999,0,20.0,low liquidity,False
INDIANHUME,EQ,342.2,188.7795,0,20.0,,True
INDIASHLTR,EQ,643.45,575.781,0,20.0,,True
INDIGO,EQ,4833.0,34452.439,0,,,True
INDIGOPNTS,EQ,1022.7,552.261,0,20.0,,True
INDIQUBE,EQ,194.47,84.1125,0,20.0,,True
INDNIPPON,EQ,1188.0,988.3395,0,20.0,,True
INDOAMIN,EQ,157.72,1064.7024999999999,0,20.0,,True
INDOBORAX,EQ,476.2,2651.979,0,20.0,,True
INDOCO,EQ,230.7,3998.4785,0,20.0,,True
INDOFARM,EQ,133.54,176.36200000000002,0,20.0,,True
INDOKEM,EQ,619.1,277.36949999999996,0,20.0,,True
INDOMIM,EQ,1272.6,24709.0185,2,10.0,,True
INDORAMA,EQ,92.39,2381.5235000000002,0,10.0,,True
INDOSTAR,EQ,188.95,266.1595,0,20.0,,True
INDOTECH,EQ,3121.7,696.0745,0,10.0,,True
INDOTHAI,EQ,36.75,970.7879999999999,46,5.0,circuit stock,False
INDOUS,EQ,73.96,5.019,0,20.0,low liquidity,False
INDOWIND,EQ,8.28,8.246500000000001,0,20.0,low liquidity,False
INDPRUD,EQ,6300.0,4.4719999999999995,0,20.0,low liquidity,False
INDRAMEDCO,EQ,329.05,896.555,0,20.0,,True
INDSWFTLAB,EQ,360.9,2702.566,1,20.0,,True
INDTERRAIN,EQ,29.25,9.407,1,20.0,low liquidity,False
INDUSINDBK,EQ,861.65,22407.629999999997,0,,,True
INDUSTOWER,EQ,380.85,20598.2425,0,,,True
INFOBEAN,EQ,156.19,548.0805,0,20.0,,True
INFOMEDIA,EQ,5.46,0.805,0,20.0,low liquidity,False
INFRA,EQ,11.22,4.323,0,,low liquidity,False
INFRABEES,EQ,889.52,103.626,0,,,True
INFRAIETF,EQ,88.35,137.752,0,,,True
INFY,EQ,1023.4,109873.3035,0,,,True
INGERRAND,EQ,4026.5,752.4715,0,20.0,,True
INNOVACAP,EQ,1110.0,1782.539,0,20.0,,True
INNOVANA,EQ,301.5,101.6125,0,20.0,,True
INNOVISION,EQ,252.1,31.232999999999997,0,20.0,,True
INOXGREEN,EQ,128.92,9735.077,0,20.0,,True
INOXINDIA,EQ,2056.9,6765.4115,0,20.0,,True
INOXWIND,EQ,66.65,8063.735000000001,0,,,True
INSECTICID,EQ,581.3,79.1885,0,20.0,,True
INSPIRISYS,EQ,84.99,4.044,0,10.0,low liquidity,False
INSURADD,EQ,14.71,1156.5433333333333,0,,,True
INSUREIETF,EQ,14.77,337.4615,0,,,True
INTELLECT,EQ,584.1,2245.701,0,20.0,,True
INTENTECH,EQ,79.75,20.0185,0,20.0,,True
INTERARCH,EQ,1700.1,821.0935,0,20.0,,True
INTERNET,EQ,13.69,50.8735,0,,,True
INTLCONV,EQ,77.15,36.2945,0,20.0,,True
INVENTURE,EQ,0.81,6.303,0,20.0,low liquidity,False
INVPRECQ,BE,1546.5,86.4835,2,5.0,,True
IOB,EQ,30.58,899.615,0,20.0,,True
IOC,EQ,126.35,11957.342,0,,,True
IOLCP,EQ,201.15,7762.0985,0,20.0,,True
IONEXCHANG,EQ,390.75,1196.5075000000002,0,20.0,,True
IPCALAB,EQ,1915.4,5174.076,0,20.0,,True
IPL,EQ,128.95,2321.428,0,20.0,,True
IPRINGLTD,EQ,140.9,2.759,0,20.0,low liquidity,False
IRB,EQ,17.48,2480.4865,0,20.0,,True
IRCON,EQ,104.56,8782.7225,0,20.0,,True
IRCTC,EQ,458.8,4001.155,0,20.0,,True
IREDA,EQ,104.4,5715.771,0,,,True
IRFC,EQ,74.7,7937.935,0,,,True
IRIS,EQ,214.82,40.9955,0,20.0,,True
IRISDOREME,EQ,59.81,435.4545,0,20.0,,True
IRMENERGY,EQ,255.8,137.143,0,20.0,,True
ISFT,BE,100.05,119.272,1,5.0,,True
ISGEC,EQ,909.7,1082.2815,0,20.0,,True
ISHANCH,EQ,45.3,13.912,0,20.0,low liquidity,False
ISTLTD,EQ,625.7,4.024,0,20.0,low liquidity,False
IT,EQ,31.73,126.6335,0,,,True
ITADD,EQ,30.37,30.834500000000002,0,,,True
ITAXIS,EQ,313.86,38.2245,0,,,True
ITBEES,EQ,31.84,3344.8394999999996,0,,,True
ITBETA,EQ,293.8,2.3835,0,,low liquidity,False
ITC,EQ,266.0,50506.371999999996,0,,,True
ITCHOTELS,EQ,154.52,2712.3985000000002,0,20.0,,True
ITDC,EQ,658.2,4634.211,0,20.0,,True
ITETF,EQ,30.35,142.25650000000002,0,,,True
ITI,EQ,240.13,531.8385,0,20.0,,True
ITIETF,EQ,31.87,242.212,0,,,True
ITL,EQ,364.4,6.316,0,20.0,low liquidity,False
IVALUE,EQ,232.43,421.02250000000004,0,20.0,,True
IVC,EQ,7.86,27.117,0,20.0,,True
IVP,BE,220.31,31.392500000000002,0,20.0,,True
IVZINGOLD,EQ,129.9,78.4235,0,,,True
IVZINNIFTY,EQ,259.2,3.017,0,,low liquidity,False
IVZSENSEX,EQ,72.79,1.7510000000000001,0,,low liquidity,False
IWP,EQ,35.97,33.8535,0,20.0,,True
IXIGO,EQ,150.75,1981.3255000000001,0,20.0,,True
IZMO,EQ,858.25,967.1395,0,20.0,,True
J&KBANK,EQ,138.23,3172.285,0,20.0,,True
JAGRAN,EQ,61.49,90.348,0,20.0,,True
JAGSNPHARM,EQ,225.6,1418.2305000000001,0,20.0,,True
JAIBALAJI,EQ,68.4,437.254,0,10.0,,True
JAICORPLTD,EQ,86.03,348.69899999999996,0,20.0,,True
JAINREC,EQ,288.7,5105.3555,0,20.0,,True
JAIPURKURT,EQ,29.59,25.14,0,20.0,,True
JAMNAAUTO,EQ,142.67,5332.285,0,20.0,,True
JARO,EQ,405.0,519.927,0,20.0,,True
JASH,EQ,560.95,6501.8330000000005,0,20.0,,True
JAYAGROGN,EQ,212.86,52.286500000000004,0,20.0,,True
JAYBARMARU,EQ,126.68,660.021,0,20.0,,True
JAYKAY,EQ,230.5,4765.169,0,10.0,,True
JAYNECOIND,EQ,91.4,2487.8334999999997,0,20.0,,True
JAYSREETEA,EQ,81.95,25.579,0,20.0,,True
JBMA,EQ,528.6,1561.205,0,20.0,,True
JENBURPH,EQ,947.1,28.547500000000003,0,20.0,,True
JETFREIGHT,EQ,19.63,57.798,0,20.0,,True
JGCHEM,EQ,630.75,3145.6195,0,20.0,,True
JHS,BE,9.55,96.2415,2,5.0,,True
JINDALPHOT,EQ,1021.6,71.414,0,20.0,,True
JINDALPOLY,EQ,646.8,381.557,0,20.0,,True
JINDALSAW,EQ,269.6,4113.9585,0,20.0,,True
JINDALSTEL,EQ,1016.7,11653.573,0,,,True
JINDRILL,EQ,572.35,3968.8940000000002,0,20.0,,True
JINDWORLD,EQ,42.62,2956.9545,0,10.0,,True
JIOFIN,EQ,214.62,31399.07,0,,,True
JISLDVREQS,EQ,19.55,4.482,0,20.0,low liquidity,False
JISLJALEQS,EQ,27.02,1248.1885,0,20.0,,True
JITFINFRA,EQ,268.25,55.7085,0,20.0,,True
JKCEMENT,EQ,4874.0,3572.2315000000003,0,20.0,,True
JKIL,EQ,431.45,326.7645,0,20.0,,True
JKIPL,EQ,113.4,18.115000000000002,0,10.0,low liquidity,False
JKLAKSHMI,EQ,467.3,701.7265,0,20.0,,True
JKPAPER,EQ,365.5,1620.331,0,20.0,,True
JKTYRE,EQ,333.4,1772.0305,0,20.0,,True
JLHL,EQ,255.7,561.8265,0,20.0,,True
JMA,EQ,85.48,9.1695,0,20.0,low liquidity,False
JMFINANCIL,EQ,117.82,2696.052,0,20.0,,True
JNKINDIA,EQ,424.35,691.135,0,20.0,,True
JNPR,EQ,275.25,2106.4375,0,10.0,,True
JOCIL,EQ,144.2,4.917,0,20.0,low liquidity,False
JPOLYINVST,EQ,936.4,44.6065,0,20.0,,True
JPPOWER,EQ,14.53,10998.5865,0,20.0,,True
JSFB,EQ,489.35,4883.0599999999995,0,20.0,,True
JSIPL,EQ,167.84,2542.9015384615386,12,5.0,,True
JSL,EQ,709.05,7244.946000000001,0,20.0,,True
JSLL,EQ,385.15,4439.0735,0,20.0,,True
JSWCEMENT,EQ,112.43,2272.6405,0,20.0,,True
JSWDULUX,EQ,3005.1,1112.43,0,20.0,,True
JSWENERGY,EQ,462.3,8622.958499999999,0,,,True
JSWHL,EQ,11346.0,1039.5539999999999,0,20.0,,True
JSWINFRA,EQ,338.75,17873.835,0,20.0,,True
JSWSTEEL,EQ,1168.0,20949.624000000003,0,,,True
JTEKTINDIA,EQ,111.75,124.957,0,20.0,,True
JTLIND,EQ,83.98,2747.2255,0,20.0,,True
JUBLCPL,EQ,1906.8,167.2095,1,20.0,,True
JUBLFOOD,EQ,422.75,6865.140000000001,0,,,True
JUBLINGREA,EQ,625.8,2106.1105,0,20.0,,True
JUBLPHARMA,EQ,931.9,2634.1535,0,20.0,,True
JUNIORBEES,EQ,738.11,3195.4005,0,,,True
JUNIPER,EQ,214.58,293.889,0,10.0,,True
JUSTDIAL,EQ,648.05,683.5604999999999,0,20.0,,True
JWL,EQ,214.4,4756.1325,0,20.0,,True
JYOTHYLAB,EQ,187.94,693.948,0,20.0,,True
JYOTICNC,EQ,999.7,12470.0255,0,20.0,,True
JYOTIRES,EQ,839.1,62.7245,0,20.0,,True
JYOTISTRUC,EQ,8.93,472.4525,0,20.0,,True
KABRAEXTRU,BE,795.9,1961.1675,6,5.0,,True
KAJARIACER,EQ,1215.4,6482.8775000000005,0,20.0,,True
KAKATCEM,EQ,99.03,1.698,0,10.0,low liquidity,False
KALAMANDIR,EQ,75.14,382.363,0,20.0,,True
KALPATARU,EQ,260.9,183.69400000000002,1,10.0,,True
KALYANIFRG,BE,860.95,26.488,5,5.0,,True
KALYANKJIL,EQ,554.0,39901.281,0,,,True
KAMAHOLD,EQ,2242.2,82.279,0,20.0,,True
KAMANWALA,EQ,16.5,0.3372222222222222,1,20.0,low liquidity,False
KAMATHOTEL,EQ,251.05,231.85500000000002,0,20.0,,True
KAMDHENU,EQ,36.47,423.8795,0,20.0,,True
KAMOPAINTS,EQ,4.06,7.912000000000001,0,20.0,low liquidity,False
KANANIIND,EQ,1.3,1.7574999999999998,0,20.0,low liquidity,False
KANCHI,EQ,369.4,5.9335,0,10.0,low liquidity,False
KANCOTEA,EQ,54.85,0.143,0,10.0,low liquidity,False
KANOHAR,EQ,1137.3,95197.98222222221,0,20.0,,True
KANORICHEM,BE,174.21,104.7835,4,5.0,,True
KANPRPLA,EQ,239.17,59.979,0,20.0,,True
KANSAINER,EQ,181.29,577.497,0,20.0,,True
KAPSTON,EQ,539.3,1170.2199999999998,0,20.0,,True
KARAMTARA,EQ,405.9,29068.491764705883,2,10.0,,True
KARMAENG,EQ,33.99,5.1935,0,20.0,low liquidity,False
KARURVYSYA,EQ,339.9,6787.1990000000005,0,20.0,,True
KAUSHALYA,BE,838.0,0.9135,0,10.0,low liquidity,False
KAVDEFENCE,BE,92.19,420.09049999999996,2,5.0,,True
KAYA,BE,300.0,34.1185,4,5.0,,True
KAYNES,EQ,3264.0,37310.166,0,,,True
KCP,EQ,152.23,172.83800000000002,0,20.0,,True
KCPSUGIND,BE,23.65,36.345,3,5.0,,True
KDDL,EQ,3759.2,1480.6950000000002,0,20.0,,True
KDGREEN,EQ,49.49,26.932,0,20.0,,True
KEC,EQ,369.85,6946.573999999999,0,20.0,,True
KECL,EQ,121.37,179.8875,0,20.0,,True
KEEPLEARN,EQ,1.74,0.7095,0,20.0,low liquidity,False
KEI,EQ,4585.0,16236.853,0,,,True
KELLTONTEC,EQ,11.97,282.7875,0,20.0,,True
KENNAMET,EQ,4165.7,1474.79,0,20.0,,True
KERNEX,EQ,1736.3,2448.1475,0,20.0,,True
KESORAMIND,EQ,11.06,73.9225,0,10.0,,True
KEYFINSERV,EQ,244.0,2.0580000000000003,0,20.0,low liquidity,False
KFINTECH,EQ,842.35,5346.8775000000005,0,,,True
KHADIM,BE,115.15,32.096999999999994,6,5.0,,True
KHAICHEM,EQ,48.13,83.991,0,20.0,,True
KHAITANLTD,EQ,145.75,3.5905,0,20.0,low liquidity,False
KHANDSE,EQ,17.17,0.402,0,20.0,low liquidity,False
KICL,EQ,4820.6,84.851,0,20.0,,True
KILITCH,EQ,241.61,201.4065,0,20.0,,True
KIMS,EQ,705.5,4919.9015,0,20.0,,True
KINGFA,EQ,6611.0,958.9395000000001,0,20.0,,True
KIOCL,EQ,358.75,318.486,0,20.0,,True
KIRANVYPAR,EQ,195.58,20.3885,0,20.0,,True
KIRIINDUS,EQ,544.25,3392.625,0,20.0,,True
KIRLFER,EQ,458.7,530.4855,0,20.0,,True
KIRLOSBROS,EQ,1690.1,1419.2255,0,20.0,,True
KIRLOSENG,EQ,2210.4,16763.3375,0,20.0,,True
KIRLOSIND,EQ,3512.3,1560.806,0,20.0,,True
KIRLPNU,EQ,667.25,809.0325,0,20.0,,True
KISSHT,EQ,369.1,7026.505500000001,0,20.0,,True
KITEX,EQ,115.01,434.9165,0,20.0,,True
KJMCFIN,EQ,57.05,0.5025000000000001,4,10.0,low liquidity,False
KKCL,EQ,460.1,174.095,0,20.0,,True
KLBRENG-B,EQ,503.25,1498.893,0,20.0,,True
KMCSHIL,EQ,169.77,2102.1,0,20.0,,True
KMEW,EQ,3207.8,4771.411,0,20.0,,True
KMSUGAR,BE,26.11,81.2905,0,5.0,,True
KNACK,EQ,207.14,2238.3725,0,20.0,,True
KNAGRI,EQ,201.37,13.7025,0,20.0,low liquidity,False
KNRCON,EQ,112.92,1701.6529999999998,0,20.0,,True
KOHINOOR,EQ,29.29,40.890499999999996,1,20.0,,True
KOKUYOCMLN,EQ,72.65,19.311500000000002,0,20.0,low liquidity,False
KOLTEPATIL,EQ,427.9,758.2470000000001,0,20.0,,True
KOPRAN,EQ,251.05,6035.7275,0,20.0,,True
KOTAKBANK,EQ,441.0,107018.5935,0,,,True
KOTARISUG,BE,25.8,9.838,3,5.0,low liquidity,False
KOTHARIPET,EQ,118.43,69.9825,0,20.0,,True
KOTHARIPRO,EQ,62.26,9.211500000000001,0,20.0,low liquidity,False
KOTIC,EQ,162.99,175.818,0,20.0,,True
KOTYARK,EQ,32.28,104.037,0,20.0,,True
KOVAI,EQ,5876.0,290.0715,0,20.0,,True
KPEL,EQ,208.13,699.5605,0,20.0,,True
KPIGREEN,EQ,325.3,11221.5545,0,20.0,,True
KPIL,EQ,1391.9,2393.118,0,20.0,,True
KPITTECH,EQ,479.0,9053.2925,0,,,True
KPL,EQ,3564.3,1497.393,1,20.0,,True
KPRMILL,EQ,1053.8,1859.75,0,20.0,,True
KRBL,EQ,389.2,1535.683,0,20.0,,True
KREBSBIO,EQ,56.0,53.725,0,20.0,,True
KRIDHANINF,EQ,2.0,0.8390000000000001,1,10.0,low liquidity,False
KRISHANA,EQ,197.11,1644.8815,0,20.0,,True
KRISHIVAL,EQ,380.3,89.6005,0,20.0,,True
KRISHNADEF,EQ,1230.3,2750.454,1,20.0,,True
KRITI,EQ,57.01,8.870999999999999,0,20.0,low liquidity,False
KRITIKA,EQ,4.85,4.9479999999999995,0,20.0,low liquidity,False
KRITINUT,EQ,72.33,14.6705,2,10.0,low liquidity,False
KRN,EQ,1386.1,3387.835,0,10.0,,True
KRONOX,BE,198.28,230.7145,6,5.0,,True
KROSS,EQ,243.05,3719.0705000000003,0,20.0,,True
KRSNAA,EQ,535.5,1281.756,0,20.0,,True
KRYSTAL,EQ,626.75,207.04450000000003,0,20.0,,True
KSB,EQ,784.55,3739.6915,0,20.0,,True
KSCL,EQ,676.8,12665.816,0,20.0,,True
KSE,EQ,176.02,15.735499999999998,0,20.0,low liquidity,False
KSHINTL,EQ,1001.5,2825.4615,0,20.0,,True
KSHITIJPOL,BE,3.5,251.1565,14,5.0,,True
KSL,EQ,935.55,1404.1885,0,20.0,,True
KSOLVES,EQ,242.37,94.39750000000001,0,20.0,,True
KSR,BE,37.69,15.694999999999999,5,5.0,low liquidity,False
KTKBANK,EQ,328.2,6538.0,0,20.0,,True
KUANTUM,EQ,75.92,112.199,0,20.0,,True
KUSUMGAR,EQ,595.55,1969.646,0,10.0,,True
KWIL,EQ,37.36,4418.153499999999,0,20.0,,True
LADDERUP,BE,49.8,5.887894736842106,5,5.0,low liquidity,False
LAGNAM,EQ,73.49,3.3515,0,20.0,low liquidity,False
LAHOTIOV,EQ,39.99,1.809,0,20.0,low liquidity,False
LAKPRE,BZ,4.95,0.11526315789473685,15,5.0,low liquidity,False
LAKSHMIMIL,EQ,7634.0,2.355,0,20.0,low liquidity,False
LAL,EQ,8.41,7.2090000000000005,0,20.0,low liquidity,False
LALITHAA,EQ,382.6,22662.141,9,5.0,,True
LALPATHLAB,EQ,1933.6,7603.2665,0,20.0,,True
LAMBODHARA,EQ,128.24,98.47999999999999,1,20.0,,True
LANCER,EQ,11.02,26.0265,0,20.0,,True
LANCORHOL,BE,29.18,27.7805,1,5.0,,True
LANDMARK,EQ,464.7,5006.663500000001,0,20.0,,True
LANDSMILL,BE,0.81,75.6135,9,5.0,,True
LAOPALA,EQ,154.76,233.49099999999999,0,20.0,,True
LARGEMID50,EQ,34.12,1.153,0,,low liquidity,False
LASERPOWER,EQ,267.35,2013.6075,2,10.0,,True
LATENTVIEW,EQ,232.01,1454.9035,0,20.0,,True
LATTEYS,EQ,20.65,11.4955,0,20.0,low liquidity,False
LAURUSLABS,EQ,2036.6,34096.039000000004,0,,,True
LAXMICOT,EQ,12.52,1.331,0,20.0,low liquidity,False
LAXMIDENTL,EQ,195.92,115.90450000000001,0,20.0,,True
LAXMIINDIA,EQ,106.22,159.257,0,20.0,,True
LCCINFOTEC,BE,3.39,4.505,9,5.0,low liquidity,False
LCCPROJECT,EQ,143.86,6253.574117647058,0,10.0,,True
LCL,EQ,630.85,3242.159,0,20.0,,True
LEAPIND,EQ,139.93,2970.5495,0,20.0,,True
LEENEE,BE,7.03,0.6485000000000001,1,5.0,low liquidity,False
LEMERITE,EQ,19.1,60.415499999999994,0,10.0,,True
LEMONTREE,EQ,110.43,6169.472,0,20.0,,True
LENSKART,EQ,677.65,52509.371,0,20.0,,True
LEXUS,EQ,9.89,6.04,0,20.0,low liquidity,False
LFIC,EQ,128.06,5.2855,0,20.0,low liquidity,False
LGBBROSLTD,EQ,1663.7,474.40299999999996,0,20.0,,True
LGEINDIA,EQ,1757.0,12070.1885,0,10.0,,True
LGHL,EQ,215.72,74.79849999999999,0,20.0,,True
LIBAS,EQ,11.24,15.557999999999998,0,20.0,low liquidity,False
LIBERTSHOE,EQ,210.31,58.4225,0,20.0,,True
LICHSGFIN,EQ,551.65,23457.2765,0,,,True
LICI,EQ,394.25,27942.6495,0,,,True
LICMFGOLD,EQ,133.3,175.0335,0,,,True
LICNETFGSC,EQ,28.89,23.8035,0,,,True
LICNETFN50,EQ,254.32,1.8530000000000002,0,,low liquidity,False
LICNETFSEN,EQ,842.65,0.2688888888888889,0,,low liquidity,False
LICNFNHGP,EQ,260.31,1.5705,0,,low liquidity,False
LICNMID100,EQ,58.75,7.3675,0,,low liquidity,False
LIKHITHA,EQ,222.94,205.12599999999998,0,20.0,,True
LINC,EQ,81.54,29.401999999999997,0,20.0,,True
LINCOLN,EQ,558.3,170.851,0,20.0,,True
LINDEINDIA,EQ,5996.0,1359.525,0,20.0,,True
LIQGRWBEES,EQ,1059.0,1250.2185,0,5.0,,True
LIQUID,EQ,999.99,2436.857,0,5.0,,True
LIQUID1,EQ,1126.42,12634.949499999999,0,5.0,,True
LIQUIDADD,EQ,1148.65,5937.9220000000005,0,5.0,,True
LIQUIDBEES,EQ,999.99,42294.448,0,5.0,,True
LIQUIDBETA,EQ,1011.55,1.2035714285714287,0,5.0,low liquidity,False
LIQUIDBETF,EQ,1102.52,3463.8735,0,5.0,,True
LIQUIDCASE,EQ,116.32,25521.9545,0,5.0,,True
LIQUIDETF,EQ,1000.0,1415.3505,0,5.0,,True
LIQUIDIETF,EQ,999.99,4784.9105,0,5.0,,True
LIQUIDPLUS,EQ,1107.08,5730.486,0,5.0,,True
LIQUIDSBI,EQ,1000.0,53.049,0,5.0,,True
LIQUIDSHRI,EQ,1125.13,144.024,0,5.0,,True
LKPSEC,EQ,13.63,1.58,0,20.0,low liquidity,False
LLOYDSENGG,EQ,94.42,14647.766500000002,0,20.0,,True
LLOYDSENT,EQ,73.73,2694.468,0,20.0,,True
LLOYDSME,EQ,1815.5,8702.8335,0,20.0,,True
LMW,EQ,16133.0,644.7635,0,20.0,,True
LODHA,EQ,1064.8,23100.003,0,,,True
LOKESHMACH,EQ,450.75,1157.352,0,20.0,,True
LORDSCHLO,EQ,137.03,43.6105,0,20.0,,True
LOTUSCHO,EQ,565.1,94.62750000000001,0,20.0,,True
LOTUSDEV,BE,239.75,2843.1265,5,5.0,,True
LOTUSEYE,EQ,113.93,7.5125,0,20.0,low liquidity,False
LOVABLE,EQ,68.96,7.258,0,20.0,low liquidity,False
LOWVOL,EQ,192.01,2.347,0,,low liquidity,False
LOWVOL1,EQ,19.55,128.257,0,,,True
LOWVOLIETF,EQ,20.47,466.8815000000001,0,,,True
LOYALTEX,EQ,203.89,7.7364999999999995,0,20.0,low liquidity,False
LPDC,EQ,6.18,4.007,1,20.0,low liquidity,False
LT,EQ,3703.3,63947.106999999996,0,,,True
LTF,EQ,261.2,18864.235500000003,0,,,True
LTFOODS,EQ,408.05,1678.2549999999999,0,20.0,,True
LTGILTBEES,EQ,29.38,460.5005,0,,,True
LTGILTCASE,EQ,30.0,75.721,0,,,True
LTM,EQ,4070.0,17449.25,0,,,True
LTTS,EQ,3270.1,1946.732,0,20.0,,True
LUMAXIND,EQ,5270.0,573.7025,0,20.0,,True
LUMAXTECH,EQ,1827.4,3123.174,0,20.0,,True
LUMINO,EQ,101.17,11384.386999999999,0,20.0,,True
LUPIN,EQ,1956.5,14355.406500000001,0,,,True
LUXIND,EQ,1130.2,650.4955,0,20.0,,True
LXCHEM,EQ,180.34,2591.1220000000003,0,20.0,,True
LYKALABS,BE,72.65,15.404500000000002,3,5.0,low liquidity,False
M&M,EQ,2796.2,77142.31850000001,0,,,True
M&MFIN,EQ,319.45,6271.9025,0,20.0,,True
MAANALU,EQ,102.47,69.16,0,20.0,,True
MACPOWER,EQ,1898.8,1621.6015,0,20.0,,True
MADHAV,EQ,32.28,1.3519999999999999,0,20.0,low liquidity,False
MADHAVIPL,EQ,7.18,7.051,0,20.0,low liquidity,False
MADHUCON,EQ,4.11,1.476,0,10.0,low liquidity,False
MADRASFERT,EQ,57.41,18.8535,0,20.0,low liquidity,False
MAFANG,EQ,287.07,2599.998,0,,,True
MAFATIND,EQ,110.71,40.852,0,20.0,,True
MAGADSUGAR,EQ,538.9,251.071,0,20.0,,True
MAGNUM,EQ,17.61,4.8715,0,20.0,low liquidity,False
MAHABANK,EQ,83.16,11364.146,0,,,True
MAHAPEXLTD,EQ,51.61,3.7994999999999997,0,20.0,low liquidity,False
MAHASTEEL,BE,1116.8,38.228500000000004,6,5.0,,True
MAHEPC,EQ,97.86,16.043,0,20.0,low liquidity,False
MAHESHWARI,EQ,71.1,6.2204999999999995,0,20.0,low liquidity,False
MAHKTECH,EQ,22.38,180.6945,0,,,True
MAHLIFE,EQ,349.1,498.13800000000003,0,20.0,,True
MAHLOG,EQ,400.35,922.3530000000001,0,20.0,,True
MAHSCOOTER,EQ,12155.0,745.482,0,20.0,,True
MAHSEAMLES,EQ,618.1,2993.594,0,20.0,,True
MAITHANALL,EQ,879.25,623.581,0,20.0,,True
MAJESAUT,BE,364.8,6.0685,4,5.0,low liquidity,False
MAKEINDIA,EQ,152.11,60.8495,0,,,True
MAKERSL,EQ,177.07,4.0969999999999995,0,20.0,low liquidity,False
MALLCOM,EQ,900.95,28.781,0,20.0,,True
MALUPAPER,EQ,31.0,3.9090000000000003,0,20.0,low liquidity,False
MAMATA,EQ,390.2,347.9225,0,20.0,,True
MANAKALUCO,EQ,31.88,17.318,0,20.0,low liquidity,False
MANAKCOAT,EQ,127.53,529.0899999999999,0,20.0,,True
MANAKSIA,EQ,57.36,37.706,0,20.0,,True
MANAKSTEEL,BE,111.44,46.4975,11,5.0,,True
MANALIPETC,EQ,85.87,3189.4559999999997,0,20.0,,True
MANAPPURAM,EQ,314.8,14267.587,0,,,True
MANBA,EQ,141.56,290.7895,0,20.0,,True
MANCREDIT,EQ,227.2,263.9275,0,20.0,,True
MANGALAM,EQ,31.06,26.415,2,10.0,,True
MANGLMCEM,EQ,954.3,664.8575,0,20.0,,True
MANIKA,EQ,54.21,1708.7486666666666,0,20.0,,True
MANINDS,EQ,867.9,14834.7885,0,20.0,,True
MANINFRA,EQ,117.16,2319.942,0,20.0,,True
MANIPALHOS,EQ,701.3,6987.972500000001,0,20.0,,True
MANKIND,EQ,2368.5,15130.745,0,,,True
MANOMAY,EQ,239.33,522.4215,0,20.0,,True
MANORAMA,EQ,2043.4,3660.418,0,20.0,,True
MANORG,EQ,430.7,33.065,0,10.0,,True
MANUFGBEES,EQ,150.23,31.630000000000003,0,,,True
MANUGRAPH,BE,15.59,45.6665,10,5.0,,True
MANYAVAR,EQ,500.75,1699.7285,0,20.0,,True
MAPMYINDIA,EQ,873.1,1788.5655,0,20.0,,True
MARALOVER,EQ,57.27,9.5785,0,20.0,low liquidity,False
MARATHON,EQ,353.65,258.084,1,20.0,,True
MARICO,EQ,786.15,12837.012999999999,0,,,True
MARINE,EQ,455.65,10552.797499999999,0,20.0,,True
MARKOLINES,EQ,169.24,308.6,0,20.0,,True
MARKSANS,EQ,309.1,7515.041,0,20.0,,True
MARSONS,EQ,131.11,4236.0695,0,20.0,,True
MARUTI,EQ,11420.0,53060.25749999999,0,,,True
MASFIN,EQ,266.7,651.4865,0,20.0,,True
MASPTOP50,EQ,115.11,2208.441,0,,,True
MASTEK,EQ,1679.9,1738.0529999999999,0,20.0,,True
MASTERTR,EQ,82.52,335.0435,0,20.0,,True
MATRIMONY,EQ,528.75,90.6115,0,20.0,,True
MAWANASUG,EQ,146.44,572.955,0,20.0,,True
MAXESTATES,EQ,529.55,1091.669,0,20.0,,True
MAXHEALTH,EQ,883.8,30198.633500000004,0,,,True
MAXIND,EQ,154.73,145.0215,0,20.0,,True
MAYURUNIQ,EQ,788.4,839.3534999999999,0,20.0,,True
MAZDA,BE,279.05,150.619,0,20.0,,True
MAZDOCK,EQ,2010.0,13718.268,0,,,True
MBAPL,EQ,165.32,1401.046,0,20.0,,True
MBECL,BE,464.85,22.499000000000002,29,2.0,,True
MBEL,EQ,266.61,1484.0484999999999,0,20.0,,True
MBLINFRA,EQ,23.67,14.8095,0,10.0,low liquidity,False
MCCHRLS-B,EQ,677.95,12.594999999999999,0,20.0,low liquidity,False
MCL,EQ,53.95,38.4835,0,20.0,,True
MCLEODRUSS,EQ,41.23,134.7705,0,10.0,,True
MCLOUD,EQ,24.5,382.579,0,20.0,,True
MCX,EQ,3318.2,63239.008499999996,0,,,True
MEDANTA,EQ,1312.7,3524.094,0,20.0,,True
MEDIASSIST,EQ,301.15,964.7045,0,20.0,,True
MEDICAMEQ,BE,300.85,180.14249999999998,1,5.0,,True
MEDICAPQ,BE,25.5,2.5895,7,5.0,low liquidity,False
MEDICO,EQ,22.8,198.2145,1,10.0,,True
MEDPLUS,EQ,625.3,612.913,0,20.0,,True
MEESHO,EQ,232.74,56564.3105,0,20.0,,True
MEGASTAR,EQ,292.53,28.319,0,20.0,,True
MEIL,EQ,277.25,434.81450000000007,0,20.0,,True
MENNPIS,BE,67.94,16.47,1,5.0,low liquidity,False
MENONBE,EQ,289.15,267.471,0,20.0,,True
MEP,BZ,0.68,0.352,7,2.0,low liquidity,False
MERCANTILE,EQ,21.0,0.6615,0,20.0,low liquidity,False
MERCURYEV,EQ,36.97,221.6625,0,20.0,,True
METAL,EQ,12.12,357.41700000000003,0,,,True
METALIETF,EQ,12.08,966.7045,0,,,True
METROBRAND,EQ,864.65,988.3460000000001,0,20.0,,True
METROGLOBL,EQ,125.87,1.2265000000000001,0,20.0,low liquidity,False
METROPOLIS,EQ,529.25,1282.4185,0,20.0,,True
MFML,EQ,18.35,0.994,0,20.0,low liquidity,False
MFSL,EQ,1309.7,22178.754,0,,,True
MGEL,EQ,15.81,164.8875,0,20.0,,True
MGL,EQ,1042.8,1384.324,0,20.0,,True
MHLXMIRU,BE,168.65,15.249500000000001,5,5.0,low liquidity,False
MHRIL,EQ,188.02,204.5595,0,20.0,,True
MICEL,BE,34.37,39.5015,3,5.0,,True
MID150,EQ,21.94,28.006999999999998,0,,,True
MID150BEES,EQ,223.72,2040.7994999999999,0,,,True
MID150CASE,EQ,10.88,169.4155,0,,,True
MIDBANKADD,EQ,16.39,23.768,0,,,True
MIDCAP,EQ,17.18,94.6305,0,,,True
MIDCAPADD,EQ,21.79,8.6015,0,,low liquidity,False
MIDCAPBETA,EQ,216.83,14.9395,0,,low liquidity,False
MIDCAPETF,EQ,22.09,635.8895,0,,,True
MIDCAPIETF,EQ,22.4,301.0105,0,,,True
MIDHANI,EQ,440.5,4810.9225,0,20.0,,True
MIDQ50ADD,EQ,23.51,9.3385,0,,low liquidity,False
MIDSELIETF,EQ,18.32,58.239999999999995,0,,,True
MIDSMALL,EQ,49.59,152.251,0,,,True
MIDWESTLTD,EQ,990.05,523.2855000000001,1,10.0,,True
MIIL,EQ,666.55,528.522,0,20.0,,True
MILKYMIST,BE,320.4,12732.175,13,5.0,,True
MINALIND,BE,3.93,0.20600000000000002,31,2.0,low liquidity,False
MINDACORP,EQ,636.3,1462.4805000000001,0,20.0,,True
MINDTECK,EQ,139.37,45.9265,0,20.0,,True
MIRZAINT,EQ,27.27,26.629,0,20.0,,True
MITCON,EQ,75.52,23.978,0,20.0,,True
MITTAL,EQ,0.7,13.138499999999999,0,20.0,low liquidity,False
MKEXIM,EQ,57.81,10.779,0,20.0,low liquidity,False
MKPL,EQ,3.97,4.7385,0,20.0,low liquidity,False
MLKFOOD,EQ,87.16,4.656499999999999,0,20.0,low liquidity,False
MMFL,EQ,552.15,490.9515,0,20.0,,True
MMP,EQ,501.35,459.27,0,20.0,,True
MMTC,EQ,54.87,566.767,0,20.0,,True
MMWL,EQ,21.04,80.3545,0,10.0,,True
MNC,EQ,30.68,22.9845,0,,,True
MOALPHA50,EQ,54.79,10.366499999999998,0,,low liquidity,False
MOBANK10,EQ,16.42,0.8895,0,,low liquidity,False
MOBIKWIK,EQ,245.49,28011.971999999998,1,20.0,,True
MOCAPITAL,EQ,52.07,399.687,0,,,True
MODEFENCE,EQ,98.83,1471.391,0,,,True
MODINATUR,EQ,315.75,29.728999999999996,0,20.0,,True
MODIRUBBER,EQ,118.07,1.937,0,20.0,low liquidity,False
MODIS,EQ,398.05,116.67,0,20.0,,True
MODISONLTD,BE,471.3,337.5285,17,5.0,,True
MODTHREAD,EQ,48.72,1.759,0,20.0,low liquidity,False
MOENERGY,EQ,36.05,35.866,0,,,True
MOGOLD,EQ,146.45,56.236000000000004,0,,,True
MOGSEC,EQ,64.84,118.378,0,,,True
MOHEALTH,EQ,49.67,43.9195,0,,,True
MOHITE,EQ,2.46,1.7285,0,20.0,low liquidity,False
MOHITIND,EQ,22.99,2.1155,1,20.0,low liquidity,False
MOIL,EQ,234.96,1157.7915,0,20.0,,True
MOINFRA,EQ,55.1,2.5115,0,,low liquidity,False
MOIPO,EQ,46.1,4.1065,0,,low liquidity,False
MOKSH,EQ,8.89,10.358500000000001,0,20.0,low liquidity,False
MOL,EQ,58.41,490.1535,0,20.0,,True
MOLBIO,EQ,1438.6,54575.092500000006,1,20.0,,True
MOLDTECH,BE,110.22,74.406,5,5.0,,True
MOLDTKPAC,EQ,326.35,393.504,0,20.0,,True
MOLOWVOL,EQ,33.72,70.38250000000001,0,,,True
MOM100,EQ,63.65,266.707,0,,,True
MOM30IETF,EQ,29.64,212.86350000000002,0,,,True
MOM50,EQ,235.34,19.313499999999998,0,,low liquidity,False
MOMENTUM,EQ,29.61,17.285,0,,low liquidity,False
MOMENTUM30,EQ,29.62,37.7825,0,,,True
MOMENTUM50,EQ,51.99,404.4805,0,,,True
MOMETAL,EQ,12.05,7.7620000000000005,0,,low liquidity,False
MOMGF,EQ,149.84,3.444,0,,low liquidity,False
MOMIDMTM,EQ,61.37,39.116,0,,,True
MOMMIDCAP,EQ,12.38,157.606,0,,,True
MOMNC,EQ,29.82,1.8815000000000002,0,,low liquidity,False
MOMOMENTUM,EQ,59.28,46.6465,0,,,True
MOMSBELIEF,EQ,215.56,730.4649999999999,0,20.0,,True
MON100,EQ,324.48,2881.8265,0,,,True
MON50EQUAL,EQ,31.09,10.2125,0,,low liquidity,False
MONARCH,EQ,337.05,308.4255,0,20.0,,True
MONEXT50,EQ,68.29,6.699,0,,low liquidity,False
MONEYBOXX,BE,53.93,34.922,11,5.0,,True
MONEYVIEW,EQ,62.39,239130.38714285713,0,20.0,,True
MONIFTY100,EQ,23.7,7.2355,0,,low liquidity,False
MONIFTY500,EQ,22.34,209.36100000000002,0,,,True
MONQ50,EQ,252.03,5073.353,0,,,True
MONTECARLO,EQ,511.55,243.70549999999997,0,20.0,,True
MOOILGAS,EQ,10.37,4.4275,0,,low liquidity,False
MOPSE,EQ,92.98,1.9274999999999998,0,,low liquidity,False
MOQUALITY,EQ,187.31,12.224,0,,low liquidity,False
MOREALTY,EQ,80.32,493.909,0,,,True
MOREPENLAB,EQ,129.55,25671.175,1,10.0,,True
MOSCHIP,EQ,189.1,2586.075,0,20.0,,True
MOSERVICE,EQ,29.43,1.282,0,,low liquidity,False
MOSILVER,EQ,216.25,86.86850000000001,0,,,True
MOSMALL250,EQ,17.63,263.685,0,,,True
MOTHERSON,EQ,153.0,21038.0935,0,,,True
MOTILALOFS,EQ,1026.0,9943.433500000001,0,,,True
MOTISONS,EQ,18.06,11620.052,0,20.0,,True
MOTOGENFIN,EQ,25.98,10.707,0,20.0,low liquidity,False
MOTOUR,EQ,74.43,12.066500000000001,0,,low liquidity,False
MOVALUE,EQ,105.76,75.91900000000001,0,,,True
MPHASIS,EQ,2360.0,12200.095,0,,,True
MPIMANIPAL,EQ,362.0,11813.738235294117,0,20.0,,True
MPSLTD,EQ,2473.2,406.1105,1,20.0,,True
MRF,EQ,122090.0,3847.9839999999995,0,20.0,,True
MRPL,EQ,172.13,19113.3145,0,20.0,,True
MSCI360,EQ,9.43,1.0995,0,,low liquidity,False
MSCIADD,EQ,27.63,0.4263157894736842,0,,low liquidity,False
MSCIINDIA,EQ,27.77,5.602,0,,low liquidity,False
MSL,EQ,136.67,1.1144444444444443,0,20.0,low liquidity,False
MSPL,EQ,30.34,300.143,0,20.0,,True
MSTCLTD,EQ,672.0,1588.2365,0,20.0,,True
MSUMI,EQ,33.55,4043.1330000000003,0,20.0,,True
MTARTECH,BE,7781.5,9947.675,17,5.0,,True
MTEDUCARE,BE,1.68,0.6745,2,5.0,low liquidity,False
MTNL,EQ,22.91,1318.956,0,20.0,,True
MUFIN,EQ,130.42,1192.471,0,20.0,,True
MUFTI,EQ,68.61,49.054,0,20.0,,True
MUKANDLTD,EQ,175.99,1264.5059999999999,0,20.0,,True
MUKESHB,EQ,123.0,0.23285714285714287,0,10.0,low liquidity,False
MUKKA,BE,26.27,150.71200000000002,0,5.0,,True
MUKTAARTS,EQ,54.36,1.8664999999999998,0,20.0,low liquidity,False
MULTICAP,EQ,15.77,38.805,0,,,True
MUNJALAU,EQ,101.32,911.033,0,20.0,,True
MUNJALSHOW,EQ,121.31,44.8985,0,20.0,,True
MURUDCERA,EQ,27.53,4.1655,0,20.0,low liquidity,False
MUTHOOTCAP,EQ,209.49,25.137999999999998,0,20.0,,True
MUTHOOTFIN,EQ,2624.7,17121.18,0,,,True
MUTHOOTMF,EQ,168.46,335.04200000000003,0,20.0,,True
MVELECTRO,EQ,888.6,17594.1885,1,20.0,,True
MVGJL,EQ,207.87,835.6285,1,10.0,,True
MWL,EQ,41.56,520.7555,0,20.0,,True
MYSORPETRO,BE,115.53,4.0205,13,5.0,low liquidity,False
NACLIND,EQ,129.11,792.7685,0,20.0,,True
NAGREEKCAP,EQ,27.79,8.941500000000001,0,20.0,low liquidity,False
NAGREEKEXP,EQ,21.03,9.3225,0,20.0,low liquidity,False
NAHARCAP,EQ,231.39,7.492999999999999,0,20.0,low liquidity,False
NAHARINDUS,EQ,127.29,27.071500000000004,0,20.0,,True
NAHARPOLY,EQ,222.08,10.988,0,20.0,low liquidity,False
NAHARSPING,EQ,253.3,54.3375,0,20.0,,True
NAM-INDIA,EQ,1045.0,9223.269,0,,,True
NARMADA,EQ,11.13,56.55499999999999,0,20.0,,True
NATCAPSUQ,BE,160.01,10.621500000000001,1,5.0,low liquidity,False
NATCOPHARM,EQ,789.4,4094.0955000000004,0,20.0,,True
NATHBIOGEN,EQ,137.79,38.468,0,20.0,,True
NATIONALUM,EQ,315.9,16837.9845,0,,,True
NATIONSTD,EQ,105.26,13.9555,32,5.0,low liquidity,False
NAUKRI,EQ,1219.0,19337.954999999998,0,,,True
NAVA,EQ,549.1,1816.7900000000002,0,20.0,,True
NAVINFLUOR,EQ,8352.5,9376.1025,0,20.0,,True
NAVKARCORP,EQ,84.58,439.62399999999997,0,20.0,,True
NAVKARURB,EQ,0.87,5.6235,0,10.0,low liquidity,False
NAVNETEDUL,EQ,121.15,124.59349999999999,0,20.0,,True
NAZARA,EQ,377.65,6065.5845,0,20.0,,True
NBCC,EQ,74.46,4250.732,0,,,True
NBIFIN,EQ,1843.0,40.098,0,20.0,,True
NCC,EQ,125.06,6124.8395,0,20.0,,True
NCLIND,EQ,165.42,72.6425,0,20.0,,True
NDGL,EQ,2399.3,5.036,0,20.0,low liquidity,False
NDL,EQ,2.58,24.875999999999998,1,20.0,,True
NDLVENTURE,EQ,119.74,15.239500000000001,0,20.0,low liquidity,False
NDRAUTO,EQ,682.35,165.88899999999998,0,20.0,,True
NDTV,EQ,63.79,44.6695,0,20.0,,True
NEAGI,EQ,3250.0,0.545,0,10.0,low liquidity,False
NECCLTD,EQ,19.43,12.564,0,20.0,low liquidity,False
NECLIFE,EQ,10.13,15.154,2,5.0,low liquidity,False
NELCAST,EQ,142.48,862.3215,0,20.0,,True
NELCO,EQ,853.35,2389.9970000000003,0,20.0,,True
NEOGEN,EQ,2378.2,4925.433,0,20.0,,True
NEPHROPLUS,EQ,616.4,4969.277,0,20.0,,True
NESCO,EQ,1038.5,496.116,0,20.0,,True
NESTLEIND,EQ,1333.0,18054.2605,0,,,True
NETF,EQ,246.0,8.042,0,,low liquidity,False
NETWEB,EQ,4721.6,47508.9145,0,20.0,,True
NETWORK18,EQ,24.69,832.461,0,20.0,,True
NEUEON,BE,12.87,3.8455,27,5.0,low liquidity,False
NEULANDLAB,EQ,20890.0,10888.389,0,20.0,,True
NEWGEN,EQ,449.3,3411.2595,0,20.0,,True
NEXT30ADD,EQ,39.58,26.043,0,,,True
NEXT50,EQ,704.61,343.8005,0,,,True
NEXT50ADD,EQ,68.7,9.317499999999999,0,,low liquidity,False
NEXT50BETA,EQ,73.8,185.732,0,,,True
NEXT50ETF,EQ,68.37,18.679,0,,low liquidity,False
NEXT50IETF,EQ,72.1,685.664,0,,,True
NEXTMEDIA,EQ,3.54,0.48949999999999994,2,5.0,low liquidity,False
NFL,EQ,61.74,351.001,0,20.0,,True
NGIL,EQ,37.49,14.882499999999999,0,20.0,low liquidity,False
NGLFINE,EQ,2925.0,297.989,0,20.0,,True
NH,EQ,1719.5,3911.2369999999996,0,20.0,,True
NHPC,EQ,72.99,6657.753999999999,0,,,True
NIACL,EQ,162.23,8731.577000000001,0,20.0,,True
NIBE,EQ,1213.2,883.0475,0,20.0,,True
NIBL,EQ,30.75,13.940000000000001,0,20.0,low liquidity,False
NICCOPAR,EQ,75.88,0.7210000000000001,0,20.0,low liquidity,False
NIF100BEES,EQ,250.36,165.83499999999998,0,,,True
NIF100IETF,EQ,26.39,34.2295,0,,,True
NIF500BETA,EQ,37.24,24.8705,0,,,True
NIFTY1,EQ,250.85,410.4135,0,,,True
NIFTY100EW,EQ,32.78,27.2745,0,,,True
NIFTYADD,EQ,238.33,70.123,0,,,True
NIFTYAXIS,EQ,250.11,348.7195,0,,,True
NIFTYBEES,EQ,257.35,21656.673000000003,0,,,True
NIFTYBETA,EQ,251.27,509.48850000000004,0,,,True
NIFTYBETF,EQ,232.82,12.7575,0,,low liquidity,False
NIFTYCASE,EQ,9.06,121.70599999999999,0,,,True
NIFTYETF,EQ,245.75,651.351,0,,,True
NIFTYIETF,EQ,255.93,2070.1495,0,,,True
NIFTYJBLK,EQ,11.61,17.5435,0,,low liquidity,False
NIFTYQLITY,EQ,19.9,10.324,0,,low liquidity,False
NIITLTD,EQ,82.08,156.5555,0,20.0,,True
NIITMTS,EQ,200.98,569.341,0,20.0,,True
NILAINFRA,EQ,6.59,10.277,0,20.0,low liquidity,False
NILASPACES,EQ,10.97,126.6645,0,20.0,,True
NILE,EQ,1242.9,54.1795,0,20.0,,True
NILKAMAL,EQ,1776.0,437.38800000000003,0,20.0,,True
NIMBSPROJ,EQ,185.9,48.9755,2,5.0,,True
NINSYS,EQ,803.1,54.7915,3,5.0,,True
NIPPOBATRY,EQ,311.9,5.8905,0,20.0,low liquidity,False
NIRAJ,EQ,27.28,8.2235,0,20.0,low liquidity,False
NIRLON,EQ,626.7,24.874000000000002,0,20.0,,True
NITCO,EQ,77.63,520.1375,0,20.0,,True
NITINSPIN,EQ,608.8,477.537,0,20.0,,True
NITIRAJ,EQ,209.9,4.6259999999999994,0,20.0,low liquidity,False
NITTAGELA,EQ,1652.6,69.95700000000001,0,20.0,,True
NITYAS,BE,79.8,3465.8849999999998,1,5.0,,True
NIVABUPA,EQ,77.65,1590.025,0,20.0,,True
NKIND,EQ,57.85,0.4583333333333333,0,20.0,low liquidity,False
NLCINDIA,EQ,243.55,3606.6809999999996,0,20.0,,True
NMDC,EQ,71.8,10466.672,0,,,True
NOCIL,EQ,164.84,3167.7585,0,20.0,,True
NOIDATOLL,EQ,3.85,5.508,0,20.0,low liquidity,False
NORBTEAEXP,EQ,64.18,2.0364999999999998,0,10.0,low liquidity,False
NORTHARC,EQ,281.45,2728.352,0,20.0,,True
NOVAAGRI,EQ,21.94,10.397499999999999,0,20.0,low liquidity,False
NOVARTIND,EQ,2049.0,1838.1645,1,20.0,,True
NPBET,EQ,280.5,3.896,0,,low liquidity,False
NPST,EQ,1752.2,4495.9185,0,20.0,,True
NRAIL,EQ,636.15,181.2075,0,20.0,,True
NRBBEARING,EQ,524.95,5479.0405,0,20.0,,True
NRL,BE,158.0,142.74650000000003,23,2.0,,True
NSIL,EQ,5093.5,105.0895,0,20.0,,True
NSLNISP,EQ,39.23,1858.554,0,20.0,,True
NTCIND,EQ,128.72,1.9335,0,20.0,low liquidity,False
NTPC,EQ,312.0,25540.236,0,,,True
NTPCGREEN,EQ,92.6,2922.1894999999995,0,20.0,,True
NUCLEUS,EQ,639.75,112.2875,0,20.0,,True
NURECA,BE,331.65,32.7165,4,5.0,,True
NUVAMA,EQ,1764.4,9374.4175,0,20.0,,True
NUVOCO,EQ,317.1,1082.4065,0,20.0,,True
NV20,EQ,13.14,14.481,0,,low liquidity,False
NV20BEES,EQ,132.49,60.5375,0,,,True
NV20IETF,EQ,12.81,69.1995,0,,,True
NYKAA,EQ,343.0,17059.7025,0,,,True
OAL,EQ,518.0,218.52249999999998,0,20.0,,True
OBCL,EQ,55.19,5.899,0,20.0,low liquidity,False
OBEROIRLTY,EQ,1698.8,8128.3205,0,,,True
OCCLLTD,BE,218.54,223.946,0,20.0,,True
ODIGMA,EQ,20.71,3.2115,0,10.0,low liquidity,False
ODYCORP,EQ,6.64,2.359,0,20.0,low liquidity,False
OFSS,EQ,10510.0,25301.142499999998,0,,,True
OIL,EQ,443.5,9063.017,0,,,True
OILCOUNTUB,BE,86.25,37.475,24,2.0,,True
OILIETF,EQ,10.52,161.371,0,,,True
OLAELEC,EQ,35.13,40275.363,0,20.0,,True
OLECTRA,EQ,1044.8,4982.411,0,20.0,,True
OMAXAUTO,EQ,200.45,173.4575,0,20.0,,True
OMAXE,EQ,100.19,703.6835,1,10.0,,True
OMFREIGHT,EQ,107.46,21.904500000000002,0,20.0,,True
OMINFRAL,EQ,69.59,52.3035,0,20.0,,True
OMNI,EQ,634.1,6859.3815,1,20.0,,True
OMPOWER,EQ,162.93,256.154,0,20.0,,True
ONEGLOBAL,EQ,576.4,56.62050000000001,0,20.0,,True
ONELIFECAP,BE,50.06,48.2105,3,5.0,,True
ONEPOINT,EQ,80.36,3757.1825,0,20.0,,True
ONESOURCE,EQ,1461.3,4818.469,0,20.0,,True
ONGC,EQ,221.27,27551.586,0,,,True
ONIDA,EQ,28.79,189.70999999999998,0,10.0,,True
ONIXSOLAR,EQ,380.15,945.4725000000001,21,5.0,,True
ONMOBILE,BE,50.25,28.678499999999996,0,10.0,,True
ONWARDTEC,EQ,307.0,95.3295,0,20.0,,True
OPTIEMUS,EQ,815.85,17153.8315,1,20.0,,True
OPTIFIN,EQ,14.17,29.516,0,20.0,,True
ORBTEXP,EQ,246.05,40.165499999999994,0,20.0,,True
ORCHASP,EQ,1.34,4.196,0,20.0,low liquidity,False
ORCHPHARMA,EQ,983.95,1475.3135,0,20.0,,True
ORICONENT,EQ,51.1,53.3005,0,20.0,,True
ORIENTALTL,EQ,4.76,2.8705,0,20.0,low liquidity,False
ORIENTBELL,EQ,400.4,131.622,0,20.0,,True
ORIENTCABL,EQ,380.8,39626.018,0,10.0,,True
ORIENTCEM,EQ,111.62,633.019,0,20.0,,True
ORIENTCER,EQ,42.15,39.364,0,20.0,,True
ORIENTELEC,EQ,164.77,262.1945,0,20.0,,True
ORIENTHOT,EQ,140.01,914.6540000000001,0,20.0,,True
ORIENTLTD,BE,79.9,1.1265,2,5.0,low liquidity,False
ORIENTPPR,EQ,15.8,26.952499999999997,0,20.0,,True
ORIENTTECH,EQ,233.41,3392.0915,0,20.0,,True
ORIRAIL,EQ,115.13,139.67149999999998,0,20.0,,True
ORISSAMINE,EQ,3530.0,310.999,0,20.0,,True
ORKLAINDIA,EQ,559.2,448.735,0,20.0,,True
ORTINGLOBE,EQ,13.83,1.9385000000000001,0,10.0,low liquidity,False
OSIAHYPER,BZ,1.8,8.247,4,5.0,low liquidity,False
OSWALAGRO,EQ,31.69,13.139000000000001,0,20.0,low liquidity,False
OSWALGREEN,EQ,19.01,19.799,0,20.0,low liquidity,False
OSWALPUMPS,EQ,254.35,1058.52,0,10.0,,True
OSWALSEEDS,EQ,11.88,35.562,1,20.0,,True
PACEDIGITK,EQ,165.13,7204.961,0,20.0,,True
PACIFICI,EQ,144.95,1.085,0,20.0,low liquidity,False
PAGEIND,EQ,36875.0,9294.824499999999,0,,,True
PAISALO,EQ,80.9,14132.3345,0,20.0,,True
PAKKA,EQ,70.84,85.9915,1,20.0,,True
PALASHSECU,EQ,84.94,0.9952631578947368,0,20.0,low liquidity,False
PALREDTEC,EQ,42.02,1.542,4,5.0,low liquidity,False
PANACEABIO,EQ,345.25,302.62350000000004,0,20.0,,True
PANACHE,BE,617.8,131.747,5,5.0,,True
PANAMAPET,EQ,495.9,1504.98,0,20.0,,True
PANCHMAHQ,EQ,271.9,0.5594117647058824,0,20.0,low liquidity,False
PANORAMA,EQ,61.62,1003.6405000000001,0,20.0,,True
PANSARI,EQ,257.15,1.5955,0,20.0,low liquidity,False
PAR,BE,117.1,23.403,8,5.0,,True
PARACABLES,EQ,55.85,801.0314999999999,0,20.0,,True
PARADEEP,EQ,146.75,2663.7595,0,20.0,,True
PARAGMILK,EQ,306.4,6512.2474999999995,0,20.0,,True
PARAS,EQ,1267.9,9348.943,0,20.0,,True
PARASPETRO,EQ,2.02,2.043,2,5.0,low liquidity,False
PARIN,EQ,694.95,245.4936363636364,0,20.0,,True
PARKHOSPS,EQ,270.8,1624.429,0,10.0,,True
PARKHOTELS,EQ,102.61,199.856,0,20.0,,True
PARNAXLAB,EQ,115.16,8.296499999999998,0,20.0,low liquidity,False
PARSVNATH,BE,2.33,11.6365,18,2.0,low liquidity,False
PASHUPATI,EQ,69.09,455.52649999999994,1,20.0,,True
PASUPTAC,EQ,73.24,221.6565,0,20.0,,True
PATANJALI,EQ,360.45,23364.726,0,,,True
PATELENG,EQ,24.98,620.9155,0,20.0,,True
PATELRMART,EQ,238.28,199.676,0,20.0,,True
PATINTLOG,EQ,12.97,15.48,0,20.0,low liquidity,False
PAUSHAKLTD,EQ,700.35,250.80550000000002,0,20.0,,True
PAVNAIND,EQ,15.3,11.3015,0,20.0,low liquidity,False
PAYTM,EQ,1636.0,85899.712,0,,,True
PBMPOLY,EQ,56.08,0.4749999999999999,0,20.0,low liquidity,False
PCBL,EQ,312.4,3522.9309999999996,0,20.0,,True
PCJEWELLER,EQ,14.81,55293.10400000001,0,20.0,,True
PDMJEPAPER,EQ,92.2,256.90549999999996,0,20.0,,True
PDSL,EQ,336.0,354.09849999999994,0,20.0,,True
PEARLPOLY,EQ,16.63,2.2535,3,5.0,low liquidity,False
PENIND,EQ,171.5,1193.219,0,20.0,,True
PENINLAND,EQ,14.5,31.174,0,20.0,,True
PERMAGN,EQ,853.75,30.115999999999996,0,20.0,,True
PERNIASPOP,EQ,521.65,754.1465000000001,0,20.0,,True
PERSISTENT,EQ,5770.0,23908.677,0,,,True
PETRONET,EQ,291.5,5894.153,0,,,True
PFC,EQ,327.8,30186.204999999998,0,,,True
PFIZER,EQ,3808.2,1538.8955,0,20.0,,True
PFOCUS,EQ,261.1,13318.923,0,20.0,,True
PFS,EQ,26.6,819.4399999999999,0,20.0,,True
PGEL,EQ,511.8,5948.7,0,,,True
PGHH,EQ,6942.5,1546.722,0,20.0,,True
PGHL,EQ,5205.0,721.336,0,20.0,,True
PGIL,EQ,1281.1,2738.6955,0,20.0,,True
PHARMABEES,EQ,26.72,1251.935,0,,,True
PHOENIXLTD,EQ,1813.1,9032.2045,0,,,True
PHOENXINTL,EQ,27.87,0.741,0,20.0,low liquidity,False
PICCADIL,EQ,580.7,724.478,0,20.0,,True
PIDILITIND,EQ,1482.0,10262.733,0,,,True
PIGL,EQ,94.15,50.0085,0,20.0,,True
PIIND,EQ,2118.2,6792.0405,0,,,True
PILANIINVS,EQ,3937.7,86.852,0,20.0,,True
PILITA,EQ,7.35,2.4175,0,10.0,low liquidity,False
PINELABS,EQ,163.07,88554.31450000001,0,20.0,,True
PIONEEREMB,EQ,20.43,1.6205000000000003,0,20.0,low liquidity,False
PIONRINV,BE,56.5,3.4866666666666664,10,5.0,low liquidity,False
PIRAMALFIN,EQ,1971.2,8555.3575,0,20.0,,True
PITTIENG,EQ,1023.6,1069.4879999999998,0,20.0,,True
PIXTRANS,EQ,1753.3,2917.1595,0,20.0,,True
PKTEA,BE,899.0,45.138999999999996,3,5.0,,True
PLASTIBLEN,EQ,201.79,97.769,0,20.0,,True
PLATIND,EQ,198.44,149.55649999999997,0,20.0,,True
PLAZACABLE,EQ,58.36,56.05650000000001,0,10.0,,True
PML,EQ,481.75,1.767,0,20.0,low liquidity,False
PNB,EQ,116.98,15740.8305,0,,,True
PNBGILTS,EQ,70.44,367.4915,0,20.0,,True
PNBHOUSING,EQ,1158.0,11995.880000000001,0,,,True
PNC,EQ,16.27,3.979,0,20.0,low liquidity,False
PNCINFRA,EQ,134.74,3285.578,1,20.0,,True
PNGJL,EQ,599.95,2966.6205,0,10.0,,True
PNGSREVA,EQ,687.75,8322.627,0,20.0,,True
POCL,EQ,441.2,1651.0025,0,20.0,,True
PODDARMENT,EQ,255.6,16.203,0,20.0,low liquidity,False
POEL,EQ,124.85,42.0505,0,20.0,,True
POKARNA,EQ,687.05,598.621,0,20.0,,True
POLICYBZR,EQ,1012.0,106615.09,0,,,True
POLYCAB,EQ,8255.0,33304.119,0,,,True
POLYMED,EQ,1587.1,1698.8830000000003,0,20.0,,True
POLYPLEX,EQ,1001.3,463.61,0,20.0,,True
POLYSPIN,EQ,28.73,0.43500000000000005,0,20.0,low liquidity,False
PONNIERODE,EQ,345.6,165.421,0,20.0,,True
POONAWALLA,EQ,447.3,6327.023999999999,0,20.0,,True
POWERGRID,EQ,249.15,25978.329999999998,0,,,True
POWERICA,EQ,585.45,1103.6045,0,10.0,,True
POWERINDIA,EQ,30605.0,32438.218,0,,,True
POWERMECH,EQ,2419.0,1348.217,0,20.0,,True
PPAP,BE,240.71,20.673,8,5.0,,True
PPL,EQ,249.2,80.4705,0,20.0,,True
PPLPHARMA,EQ,196.88,6047.382,0,20.0,,True
PRABHA,EQ,219.22,447.20550000000003,0,20.0,,True
PRADPME,EQ,635.35,289.3765,0,10.0,,True
PRAENG,EQ,19.74,21.3365,0,20.0,,True
PRAJIND,EQ,285.8,1353.949,0,20.0,,True
PRAKASH,EQ,118.7,640.481,0,20.0,,True
PRAKASHSTL,EQ,3.5,3.6049999999999995,0,20.0,low liquidity,False
PRANAV,EQ,98.4,7995.289473684211,0,20.0,,True
PRASOLCHEM,EQ,847.5,7565.197222222221,1,10.0,,True
PRAVEG,EQ,235.95,117.578,0,20.0,,True
PRAXIS,EQ,3.98,4.8035,0,10.0,low liquidity,False
PRECAM,EQ,111.2,251.9725,0,20.0,,True
PRECOT,EQ,589.95,30.601499999999998,0,20.0,,True
PRECWIRE,EQ,482.7,3199.784,1,20.0,,True
PREMCO,EQ,386.9,2.6380000000000003,0,20.0,low liquidity,False
PREMEXPLN,EQ,687.05,1441.5700000000002,0,20.0,,True
PREMIER,BE,2.61,0.5309999999999999,2,5.0,low liquidity,False
PREMIERENE,EQ,895.35,12134.658500000001,0,,,True
PREMIERPOL,EQ,102.85,1240.893,0,20.0,,True
PRESTIGE,EQ,1406.8,9456.749,0,,,True
PRICOLLTD,EQ,670.85,3530.257,0,20.0,,True
PRIMESECU,EQ,299.45,108.2345,0,20.0,,True
PRIMO,EQ,26.3,160.3935,0,20.0,,True
PRINCEPIPE,EQ,248.95,332.279,0,20.0,,True
PRIORITY,EQ,325.55,1773.8265,1,20.0,,True
PRISMX,EQ,0.5,1.066,0,20.0,low liquidity,False
PRITI,EQ,31.28,2.856,0,20.0,low liquidity,False
PRITIKAUTO,EQ,15.86,49.9745,0,20.0,,True
PRIVISCL,EQ,3424.1,4351.656,0,20.0,,True
PROSTARM,EQ,127.46,542.2639999999999,0,20.0,,True
PROTEAN,EQ,640.65,12591.283,1,10.0,,True
PROZONER,EQ,53.62,250.01349999999996,0,20.0,,True
PRSMJOHNSN,EQ,97.47,378.856,0,20.0,,True
PRUDENT,EQ,3254.7,987.3290000000001,0,20.0,,True
PRUDMOULI,EQ,14.72,1.3980000000000001,0,20.0,low liquidity,False
PSB,EQ,21.01,189.775,0,20.0,,True
PSPPROJECT,EQ,747.45,503.04949999999997,0,20.0,,True
PSUBANK,EQ,81.02,244.352,0,,,True
PSUBANKADD,EQ,81.97,21.267000000000003,0,,,True
PSUBNKBEES,EQ,90.76,1150.97,0,,,True
PSUBNKIETF,EQ,82.14,68.486,0,,,True
PTC,EQ,148.0,2317.947,0,20.0,,True
PTCIL,EQ,24535.0,6094.9,0,20.0,,True
PTL,EQ,38.34,13.170499999999999,0,20.0,low liquidity,False
PUNJABCHEM,EQ,1009.4,48.684,0,20.0,,True
PURVA,EQ,207.26,484.062,0,20.0,,True
PVP,EQ,50.97,880.622,21,5.0,,True
PVRINOX,EQ,1327.2,9689.128999999999,0,20.0,,True
PVSL,EQ,91.22,29.2555,0,20.0,,True
PVTBANIETF,EQ,27.62,616.298,0,,,True
PVTBANK,EQ,27.36,48.622,0,,,True
PVTBANKADD,EQ,27.74,104.58250000000001,0,,,True
PVTBKGROWW,EQ,27.29,4.3245,0,,low liquidity,False
PWL,EQ,143.69,17073.729499999998,0,20.0,,True
PYRAMID,EQ,149.18,71.08250000000001,0,20.0,,True
QGOLDHALF,EQ,123.0,255.746,0,,,True
QMSMEDI,BE,187.57,169.4,12,5.0,,True
QNIFTY,EQ,248.61,16.332500000000003,0,,low liquidity,False
QPOWER,EQ,1547.4,5378.4645,0,10.0,,True
QUADFUTURE,EQ,511.25,7384.8015,1,20.0,,True
QUAL30IETF,EQ,19.65,23.4685,0,,,True
QUALITY30,EQ,19.27,3.7350000000000003,0,,low liquidity,False
QUESS,EQ,321.35,1609.4195,0,20.0,,True
QUICKHEAL,EQ,137.75,331.5175,0,20.0,,True
QUINT,BE,53.21,85.581,18,5.0,,True
QUINTEGRA,EQ,1.69,0.13916666666666666,5,5.0,low liquidity,False
RACE,EQ,103.4,139.9855,1,20.0,,True
RACLGEAR,EQ,1460.6,2063.77,0,20.0,,True
RADAAN,EQ,2.89,2.0195,0,20.0,low liquidity,False
RADHIKAJWE,BE,68.35,230.421,2,5.0,,True
RADIANTCMS,EQ,33.54,89.389,0,20.0,,True
RADICO,EQ,4550.0,14144.404999999999,0,,,True
RADIOCITY,EQ,5.72,3.903,0,20.0,low liquidity,False
RAILTEL,EQ,248.15,2323.0675,0,20.0,,True
RAIN,EQ,215.42,7378.044,0,20.0,,True
RAINBOW,EQ,1250.2,2327.1315,0,20.0,,True
RAJESHEXPO,BZ,57.61,198.99,3,5.0,,True
RAJMET,EQ,3.08,6.6775,0,20.0,low liquidity,False
RAJOOENG,EQ,59.45,330.357,0,20.0,,True
RAJPALAYAM,EQ,720.0,10.0235,0,20.0,low liquidity,False
RAJRATAN,EQ,450.8,532.206,0,20.0,,True
RAJRILTD,BE,21.22,2.419,13,2.0,low liquidity,False
RAJSREESUG,EQ,27.5,31.73,0,20.0,,True
RAJTV,BE,10.07,7.272499999999999,19,5.0,low liquidity,False
RALLIS,EQ,198.06,1013.1870000000001,0,20.0,,True
RAMANEWS,EQ,30.49,5.852,0,20.0,low liquidity,False
RAMAPHO,EQ,109.52,33.8705,0,20.0,,True
RAMASTEEL,BE,4.07,107.7365,29,2.0,,True
RAMBHAJO,EQ,357.45,2620.0815,2,5.0,,True
RAMCOCEM,EQ,807.55,1614.0115,0,20.0,,True
RAMCOIND,EQ,291.8,301.1225,0,20.0,,True
RAMCOSYS,EQ,542.9,308.3845,2,10.0,,True
RAMKY,EQ,267.5,178.7855,0,20.0,,True
RAMRAT,EQ,584.25,2228.7555,0,20.0,,True
RANASUG,EQ,13.18,59.1675,0,20.0,,True
RANEHOLDIN,EQ,1517.6,147.4525,0,20.0,,True
RATEGAIN,EQ,853.65,2192.9305,0,20.0,,True
RATNAMANI,EQ,2523.6,1093.8265,0,20.0,,True
RATNAVEER,EQ,343.6,25145.639499999997,0,20.0,,True
RAYMOND,EQ,1186.6,55729.19350000001,0,10.0,,True
RAYMONDLSL,EQ,596.4,1865.9189999999999,0,20.0,,True
RAYMONDREL,EQ,698.2,20178.6035,0,20.0,,True
RBA,EQ,91.1,2820.1415,1,20.0,,True
RBLBANK,EQ,418.0,14953.7005,0,,,True
RBZJEWEL,BE,190.63,198.5745,6,5.0,,True
RCF,EQ,104.44,1121.9254999999998,0,20.0,,True
RCOM,BE,0.85,29.9275,3,5.0,,True
RECLTD,EQ,300.0,21743.5495,0,,,True
REDINGTON,EQ,380.0,18577.499499999998,0,20.0,,True
REDTAPE,EQ,112.77,2697.3435,0,20.0,,True
REFEX,EQ,254.4,1788.2115000000001,0,20.0,,True
REGAAL,EQ,84.09,808.425,0,20.0,,True
REGENCERAM,EQ,30.83,6.828,1,20.0,low liquidity,False
RELAXO,EQ,286.0,695.1255,1,20.0,,True
RELCHEMQ,EQ,114.19,13.8995,0,20.0,low liquidity,False
RELIABLE,EQ,139.8,33.965500000000006,0,20.0,,True
RELIANCE,EQ,1170.3,163027.722,0,,,True
RELIGARE,EQ,217.59,1802.2579999999998,0,20.0,,True
RELINFRA,BE,59.29,241.69650000000001,43,2.0,circuit stock,False
RELTD,EQ,141.49,234.07399999999998,0,20.0,,True
REMSONSIND,EQ,101.46,776.5325,0,20.0,,True
RENTOMOJO,EQ,590.35,49459.59764705883,0,20.0,,True
RENUKA,EQ,21.72,2789.8915,0,20.0,,True
REPCOHOME,EQ,329.4,280.3025,0,20.0,,True
REPL,EQ,56.66,1.9885000000000002,0,20.0,low liquidity,False
REPRO,EQ,294.0,150.6005,0,20.0,,True
RESPONIND,EQ,151.72,1068.7275,0,20.0,,True
RETAIL,BE,28.45,8.744499999999999,10,5.0,low liquidity,False
RGL,EQ,160.74,1415.1405,0,20.0,,True
RHETAN,EQ,17.4,1403.4015000000002,19,5.0,,True
RHFL,BZ,1.56,11.0625,0,5.0,low liquidity,False
RHIM,EQ,369.1,4325.8935,0,20.0,,True
RHL,EQ,162.05,7.177,0,20.0,low liquidity,False
RICOAUTO,EQ,115.18,1021.5530000000001,0,20.0,,True
RIIL,EQ,683.4,444.90600000000006,0,20.0,,True
RIR,EQ,174.12,6666.664999999999,0,20.0,,True
RISHABH,EQ,677.9,1411.0194999999999,0,20.0,,True
RITCO,EQ,272.55,188.491,0,20.0,,True
RITES,EQ,198.66,10634.9615,0,20.0,,True
RKDL,EQ,16.68,2.9595000000000002,0,20.0,low liquidity,False
RKEC,BE,19.87,23.021,4,5.0,,True
RKFORGE,EQ,685.45,4134.148,0,20.0,,True
RKSWAMY,EQ,87.22,20.6555,0,20.0,,True
RMC,EQ,184.33,106.824,0,20.0,,True
RMDRIP,BE,21.68,90.6575,0,5.0,,True
RML,EQ,1285.2,760.496,0,20.0,,True
RNBDENIMS,BE,8.69,10.875499999999999,10,5.0,low liquidity,False
ROHLTD,EQ,287.55,49.7195,0,20.0,,True
ROLEXRINGS,EQ,169.14,4782.5085,0,20.0,,True
ROLLT,BE,5.33,33.0305,16,5.0,,True
ROML,EQ,41.02,0.8225,0,20.0,low liquidity,False
ROSSARI,EQ,409.8,280.89250000000004,0,20.0,,True
ROSSELLIND,EQ,52.75,17.3725,0,20.0,low liquidity,False
ROSSTECH,EQ,1574.8,7550.7785,0,20.0,,True
ROTO,EQ,60.09,268.059,0,20.0,,True
ROUTE,EQ,416.7,1165.6174999999998,0,20.0,,True
RPEL,EQ,1734.1,2058.6185,0,20.0,,True
RPGLIFE,EQ,2719.2,1203.7045,0,20.0,,True
RPOWER,EQ,20.01,4524.0599999999995,0,20.0,,True
RPPINFRA,EQ,51.62,28.997999999999998,0,20.0,,True
RPPL,BE,18.49,10.504,2,5.0,low liquidity,False
RPSGVENT,EQ,891.3,283.842,0,20.0,,True
RPTECH,EQ,889.7,3345.6034999999997,0,20.0,,True
RRECL,EQ,132.05,0.779,0,20.0,low liquidity,False
RRIL,EQ,15.76,3.62,0,20.0,low liquidity,False
RRKABEL,EQ,2705.6,8832.8305,0,20.0,,True
RSDFIN,BE,86.78,0.46444444444444444,24,5.0,low liquidity,False
RSL,EQ,172.04,942.5559999999999,0,20.0,,True
RSSOFTWARE,EQ,28.53,5.7755,0,10.0,low liquidity,False
RSWM,EQ,195.63,145.428,0,20.0,,True
RSYSTEMS,EQ,274.3,26766.396499999995,0,20.0,,True
RTNINDIA,EQ,24.95,441.76099999999997,0,20.0,,True
RTNPOWER,EQ,6.54,1028.04,0,20.0,,True
RTSPOWR,BE,119.33,33.6875,5,5.0,,True
RUBFILA,EQ,62.01,33.094,0,20.0,,True
RUBICON,EQ,1548.5,4371.9335,0,20.0,,True
RUBYMILLS,EQ,479.0,155.4155,0,20.0,,True
RUCHINFRA,EQ,4.72,4.0835,0,20.0,low liquidity,False
RUCHIRA,EQ,102.06,24.525,0,20.0,,True
RUDRA,EQ,19.28,12.922999999999998,0,20.0,low liquidity,False
RUNWALENTR,EQ,262.55,9914.106,0,10.0,,True
RUPA,EQ,124.74,181.6775,0,20.0,,True
RUSHIL,EQ,15.62,77.5175,0,20.0,,True
RUSTOMJEE,EQ,361.2,379.09749999999997,0,20.0,,True
RVHL,EQ,38.0,2.9,0,20.0,low liquidity,False
RVNL,EQ,190.65,10381.7165,0,,,True
RVTH,EQ,737.4,41.108999999999995,0,20.0,,True
S&SPOWER,EQ,277.7,14.325,2,10.0,low liquidity,False
SAATVIKGL,EQ,395.95,715.6995,0,10.0,,True
SADBHAV,EQ,6.72,14.869,2,10.0,low liquidity,False
SADBHIN,EQ,2.63,2.966,0,10.0,low liquidity,False
SADHNANIQ,BE,2.62,44.439499999999995,6,5.0,,True
SAFARI,EQ,1319.6,621.4035,0,20.0,,True
SAGARDEEP,EQ,23.23,1.5615,0,20.0,low liquidity,False
SAGCEM,EQ,142.51,65.9505,0,20.0,,True
SAGILITY,EQ,44.0,6023.3935,0,,,True
SAHLIBHFI,EQ,77.12,14.773,0,20.0,low liquidity,False
SAHYADRI,EQ,327.35,32.6635,0,20.0,,True
SAICAPI,EQ,150.98,0.42350000000000004,0,20.0,low liquidity,False
SAIL,EQ,171.55,30480.478000000003,0,,,True
SAILIFE,EQ,1487.9,7765.5895,0,20.0,,True
SAIPARENT,EQ,493.9,522.2465,0,20.0,,True
SAKAR,EQ,1011.5,1337.953,0,20.0,,True
SAKHTISUG,EQ,18.11,31.352999999999998,0,20.0,,True
SAKSOFT,EQ,138.79,472.54650000000004,0,20.0,,True
SAKUMA,EQ,1.52,17.2555,0,20.0,low liquidity,False
SALASAR,EQ,4.08,260.5355,0,20.0,,True
SALONA,EQ,269.55,2.0215,0,20.0,low liquidity,False
SALSTEEL,EQ,85.89,728.296,15,5.0,,True
SALZERELEC,EQ,497.25,229.7035,0,20.0,,True
SAMBHAAV,EQ,5.68,3.1585,0,20.0,low liquidity,False
SAMBHV,EQ,160.41,11891.7565,0,20.0,,True
SAMHI,EQ,141.9,1729.4545000000003,0,20.0,,True
SAMMAANCAP,EQ,126.44,5984.1065,0,20.0,,True
SAMPANN,EQ,23.62,3.777,0,20.0,low liquidity,False
SANATHAN,EQ,503.2,682.012,0,10.0,,True
SANDESH,EQ,1014.55,5.989,1,20.0,low liquidity,False
SANDHAR,EQ,530.3,710.1809999999999,0,20.0,,True
SANDUMA,EQ,177.68,960.6924999999999,0,20.0,,True
SANGAMIND,EQ,604.8,345.7105,0,20.0,,True
SANGHVIMOV,EQ,392.6,1479.4225000000001,0,20.0,,True
SANOFI,EQ,2945.4,591.481,0,20.0,,True
SANOFICONR,EQ,3581.7,267.6985,0,20.0,,True
SANSERA,EQ,4124.7,15139.6775,0,20.0,,True
SANSTAR,EQ,101.9,159.0315,0,20.0,,True
SANWARIA,BZ,0.18,1.151,21,2.0,low liquidity,False
SAPPHIRE,EQ,207.08,1822.416,0,20.0,,True
SAPPL,EQ,319.25,10.415000000000001,0,20.0,low liquidity,False
SARDAEN,EQ,481.15,1464.649,0,20.0,,True
SAREGAMA,EQ,485.6,1722.6770000000001,0,20.0,,True
SARLAPOLY,EQ,96.89,45.167,0,20.0,,True
SARVESHWAR,EQ,3.66,62.669,0,20.0,,True
SASKEN,EQ,1566.1,439.6585,0,10.0,,True
SATIA,EQ,68.06,71.8495,0,20.0,,True
SATIN,EQ,223.87,1228.0625,0,20.0,,True
SAURASHCEM,EQ,49.25,53.0005,0,20.0,,True
SAYAJIIND,EQ,115.0,1.5665,0,10.0,low liquidity,False
SBC,EQ,62.43,9863.689999999999,0,20.0,,True
SBCL,EQ,1041.6,2668.1005,3,10.0,,True
SBFC,EQ,84.4,1238.298,0,20.0,,True
SBGLP,EQ,22.2,49.3725,1,20.0,,True
SBIBPB,EQ,47.29,28.0985,0,,,True
SBICARD,EQ,562.0,7268.6805,0,,,True
SBIETFCON,EQ,112.54,3.7185,0,,low liquidity,False
SBIETFIT,EQ,316.22,24.043,0,,,True
SBIETFPB,EQ,278.4,416.49699999999996,0,,,True
SBIETFQLTY,EQ,206.77,15.154,0,,low liquidity,False
SBIFUNDS,EQ,500.0,6129.2805,0,10.0,,True
SBILIFE,EQ,1684.6,24384.249499999998,0,,,True
SBILIQETF,EQ,1059.62,2196.9970000000003,0,5.0,,True
SBIMIDMOM,EQ,60.72,40.9005,0,,,True
SBIN,EQ,959.1,84557.4525,0,,,True
SBINEQWETF,EQ,31.09,16.6155,0,,low liquidity,False
SBINMID150,EQ,21.69,22.787,0,,,True
SBISILVER,EQ,215.06,2136.5425,0,,,True
SBISMLETF,EQ,17.61,10.9875,0,,low liquidity,False
SBIVALETF,EQ,13.68,232.51950000000002,0,,,True
SCANSTL,BE,48.92,16.5375,2,5.0,low liquidity,False
SCHAEFFLER,EQ,3667.6,2067.4970000000003,0,20.0,,True
SCHAND,EQ,140.88,42.545,0,20.0,,True
SCHNEIDER,EQ,1176.9,4319.8589999999995,0,20.0,,True
SCI,EQ,277.25,8077.743999999999,0,20.0,,True
SCILAL,EQ,37.03,108.96,0,20.0,,True
SCODATUBES,EQ,120.24,552.207,0,20.0,,True
SCPL,BE,616.8,51.559000000000005,1,5.0,,True
SDBL,EQ,71.2,2062.172,0,20.0,,True
SEAMECLTD,EQ,1571.2,951.9555,0,20.0,,True
SECLEDBETA,EQ,13.8,38.090625,0,,,True
SECMARK,EQ,149.52,3.8995000000000006,0,20.0,low liquidity,False
SECURKLOUD,EQ,15.12,4.131,0,20.0,low liquidity,False
SEDEMAC,EQ,3229.8,9046.2665,0,20.0,,True
SEIL,EQ,178.68,406.4115,0,20.0,,True
SEJALLTD,EQ,670.3,164.77249999999998,0,20.0,,True
SEKURITIND,EQ,106.98,27.070999999999998,0,20.0,,True
SELECTIPO,EQ,45.57,36.908,0,,,True
SEMAC,EQ,230.16,2.8735,0,10.0,low liquidity,False
SENCO,EQ,334.75,11531.003,0,20.0,,True
SENORES,EQ,1320.0,3476.1809999999996,0,20.0,,True
SENSEXADD,EQ,75.01,2.6695,0,,low liquidity,False
SENSEXAXIS,EQ,75.2,10.581,0,,low liquidity,False
SENSEXBETA,EQ,800.77,118.91900000000001,0,,,True
SENSEXETF,EQ,75.01,35.362,0,,,True
SENSEXIETF,EQ,833.07,288.876,0,,,True
SEPC,EQ,5.28,584.7785,0,20.0,,True
SERVOTECH,EQ,69.05,360.8365,0,20.0,,True
SESHAPAPER,EQ,222.49,137.887,0,20.0,,True
SETCO,BE,17.86,9.266499999999999,1,5.0,low liquidity,False
SETF10GILT,EQ,260.8,9.7785,0,,low liquidity,False
SETFGOLD,EQ,126.61,6616.3225,0,,,True
SETFNIF50,EQ,243.23,2613.6275,0,,,True
SETFNIFBK,EQ,568.75,599.0685000000001,0,,,True
SETFNN50,EQ,731.64,293.2315,0,,,True
SETL,EQ,387.95,3622.5815000000002,13,5.0,,True
SETUINFRA,BZ,0.46,0.254,30,2.0,low liquidity,False
SEYAIND,BE,12.5,1.2355,21,2.0,low liquidity,False
SFL,EQ,603.65,906.6045,0,20.0,,True
SGFIN,EQ,676.05,3139.2775,0,20.0,,True
SGIL,EQ,616.2,87.296,0,20.0,,True
SGL,EQ,9.49,1.9140000000000001,0,20.0,low liquidity,False
SGLRES,EQ,2.42,1.4925000000000002,0,10.0,low liquidity,False
SGMART,EQ,775.6,1821.0155,0,20.0,,True
SGRL,EQ,678.65,144.2475,0,20.0,,True
SHADOWFAX,EQ,294.85,13288.041500000001,0,20.0,,True
SHAH,EQ,2.96,33.268,0,20.0,,True
SHAHALLOYS,BE,78.62,24.759999999999998,4,5.0,,True
SHAHINVEST,BE,151.19,1407.755,1,5.0,,True
SHAILY,EQ,3063.4,4617.4405,0,20.0,,True
SHAKTIPUMP,EQ,419.0,2303.54,0,20.0,,True
SHALBY,EQ,131.84,198.467,0,20.0,,True
SHALPAINTS,BE,76.3,68.493,7,5.0,,True
SHANKARA,EQ,117.57,150.72449999999998,0,20.0,,True
SHANKESH,EQ,93.03,5678.052000000001,0,20.0,,True
SHANTI,EQ,5.68,2.55,0,20.0,low liquidity,False
SHANTIGEAR,EQ,562.4,572.3905,5,5.0,,True
SHANTIGOLD,EQ,380.55,16882.717500000002,0,20.0,,True
SHARDACROP,EQ,723.9,740.0785,0,20.0,,True
SHARDAMOTR,EQ,872.3,702.8235,0,20.0,,True
SHARDUL,BE,58.2,13.8415,19,5.0,low liquidity,False
SHAREINDIA,EQ,182.71,10483.2265,0,20.0,,True
SHARIABEES,EQ,422.16,41.015,0,,,True
SHBAJRG,EQ,166.63,15.9285,0,20.0,low liquidity,False
SHEKHAWATI,BE,23.31,21.0225,22,5.0,,True
SHEMAROO,EQ,101.86,12.304,0,20.0,low liquidity,False
SHILCTECH,EQ,3925.3,607.2245,0,20.0,,True
SHILGRAVQ,EQ,142.42,9.5315,0,20.0,low liquidity,False
SHILPAMED,EQ,1021.7,9373.743,0,20.0,,True
SHINDL,EQ,155.8,292.577,0,20.0,,True
SHIPROCKET,EQ,130.18,4972.204,0,20.0,,True
SHIVAAGRO,EQ,40.0,1.2325,0,20.0,low liquidity,False
SHIVACEM,EQ,12.79,18.619,0,20.0,low liquidity,False
SHIVALIK,EQ,349.45,439.74799999999993,1,20.0,,True
SHIVAMAUTO,EQ,18.0,19.653000000000002,1,20.0,low liquidity,False
SHIVAMILLS,EQ,59.58,0.7365,0,10.0,low liquidity,False
SHIVATEX,EQ,165.1,5.924,0,20.0,low liquidity,False
SHIVAUM,EQ,552.75,235.286,0,20.0,,True
SHK,EQ,136.61,482.1905,0,20.0,,True
SHOPERSTOP,EQ,385.1,1717.9350000000002,0,20.0,,True
SHRADDHA,EQ,161.45,23.497,0,20.0,,True
SHRADHA,EQ,29.53,4.5325,0,20.0,low liquidity,False
SHREDIGCEM,EQ,62.68,48.023,0,20.0,,True
SHREECEM,EQ,22080.0,10706.2255,0,,,True
SHREEJISPG,EQ,811.8,8133.183999999999,0,10.0,,True
SHREEPUSHK,EQ,491.0,386.53000000000003,0,20.0,,True
SHREERAMA,EQ,42.56,23.842,0,20.0,,True
SHRENIK,BZ,0.26,1.2035,0,5.0,low liquidity,False
SHREYANIND,EQ,129.0,7.601999999999999,0,20.0,low liquidity,False
SHRIKRISH,EQ,32.75,0.4110526315789474,0,10.0,low liquidity,False
SHRINGARMS,EQ,221.13,1303.214,0,20.0,,True
SHRIPISTON,EQ,4284.5,4396.5795,0,20.0,,True
SHRIRAMFIN,EQ,940.45,46816.101,0,,,True
SHRIRAMPPS,EQ,66.83,200.3085,0,20.0,,True
SHRJAGP,EQ,648.9,2.955,0,20.0,low liquidity,False
SHUKRAPHAR,EQ,66.94,5520.079,0,20.0,,True
SHYAMCENT,EQ,4.86,5.0885,0,10.0,low liquidity,False
SHYAMMETL,EQ,1060.1,6330.838,0,20.0,,True
SHYAMTEL,EQ,10.64,0.483,0,20.0,low liquidity,False
SICAGEN,EQ,50.45,6.122,3,10.0,low liquidity,False
SICALLOG,BE,85.8,29.722,12,5.0,,True
SIEMENS,EQ,3595.0,9486.239,0,,,True
SIGACHI,EQ,28.52,1591.3355,0,20.0,,True
SIGIND,BE,61.05,11.4715,0,5.0,low liquidity,False
SIGMA,EQ,44.17,42.775999999999996,0,20.0,,True
SIGMAADV,BE,1008.8,3642.326,20,5.0,,True
SIGNATURE,EQ,710.05,2954.302,0,20.0,,True
SIGNPOST,EQ,260.3,122.7705,0,20.0,,True
SIKA,EQ,1020.4,661.7284999999999,0,20.0,,True
SIKKO,BE,5.99,42.240500000000004,6,5.0,,True
SIL,EQ,15.54,9.531,0,20.0,low liquidity,False
SILGO,EQ,70.42,39.6825,0,20.0,,True
SILINV,EQ,469.45,9.679,0,20.0,low liquidity,False
SILVER,EQ,218.97,1678.3895,0,,,True
SILVER001,EQ,22.2,30.883499999999998,0,,,True
SILVER1,EQ,21.24,1937.236,0,,,True
SILVER360,EQ,215.52,29.1505,0,,,True
SILVERADD,EQ,21.12,789.558,0,,,True
SILVERAG,EQ,213.56,543.385,0,,,True
SILVERAXIS,EQ,217.9,1306.5815,0,,,True
SILVERBEES,EQ,209.68,36824.784,0,,,True
SILVERBETA,EQ,211.7,1208.589,0,,,True
SILVERBND,EQ,219.92,33.332499999999996,0,,,True
SILVERCASE,EQ,22.18,1329.5225,0,,,True
SILVERIETF,EQ,218.78,6294.148999999999,0,,,True
SILVERTUC,EQ,131.18,646.3675000000001,0,20.0,,True
SIMBHALS,BZ,8.02,0.9324999999999999,37,2.0,low liquidity,False
SIMPLEXINF,EQ,246.13,446.314,0,20.0,,True
SIMPLXREA,EQ,131.65,0.2210526315789474,9,5.0,low liquidity,False
SINCLAIR,EQ,74.46,18.9915,0,20.0,low liquidity,False
SINDHUTRAD,EQ,20.86,225.977,0,20.0,,True
SINGERIND,EQ,75.19,53.4655,1,20.0,,True
SINTERCOM,EQ,74.87,5.339499999999999,0,20.0,low liquidity,False
SIRCA,EQ,402.7,720.733,0,20.0,,True
SIS,EQ,416.3,1247.761,0,20.0,,True
SITINET,BZ,0.23,1.6235,22,2.0,low liquidity,False
SIYSIL,EQ,539.65,133.04749999999999,0,20.0,,True
SJS,EQ,1994.8,4728.771,0,20.0,,True
SJVN,EQ,55.27,1778.8745,0,20.0,,True
SKFINDIA,EQ,1398.8,920.3299999999999,0,20.0,,True
SKFINDUS,EQ,2655.9,3318.5759999999996,0,20.0,,True
SKIPPER,EQ,530.25,4299.183,0,20.0,,True
SKMEGGPROD,EQ,206.97,362.94,0,20.0,,True
SKYGOLD,EQ,921.0,9827.2455,0,20.0,,True
SKYWAYS,EQ,109.47,11830.6715,0,20.0,,True
SMALL250,EQ,17.62,100.388,0,,,True
SMALLADD,EQ,17.9,9.3435,0,,low liquidity,False
SMALLCAP,EQ,47.26,904.3504999999999,0,,,True
SMALLGROWW,EQ,47.54,4.8454999999999995,0,,low liquidity,False
SMALLIETF,EQ,17.76,11.9045,0,,low liquidity,False
SMARTLINK,BE,226.93,14.8145,4,5.0,low liquidity,False
SMARTWORKS,EQ,474.3,448.39349999999996,0,20.0,,True
SMCGLOBAL,EQ,115.95,16105.386000000002,0,20.0,,True
SML100CASE,EQ,10.88,221.323,0,,,True
SMLMAH,EQ,5811.5,3661.406,3,10.0,,True
SMLT,EQ,77.36,40.3635,2,20.0,,True
SMSPHARMA,EQ,444.65,6317.2485,0,20.0,,True
SNOWMAN,EQ,34.16,43.548500000000004,0,20.0,,True
SNXT30BEES,EQ,39.52,4.3705,0,,low liquidity,False
SNXT50BETA,EQ,88.49,2.286,0,,low liquidity,False
SOBHA,EQ,1161.7,1259.1605,0,20.0,,True
SOFTTECH,EQ,448.3,45.003,0,10.0,,True
SOLARA,EQ,644.35,2763.2380000000003,0,20.0,,True
SOLARINDS,EQ,20000.0,52550.639500000005,0,,,True
SOLARWORLD,EQ,129.06,393.0875,0,20.0,,True
SOLEX,EQ,643.65,741.65,0,20.0,,True
SOMANYCERA,EQ,591.45,697.019,0,20.0,,True
SOMATEX,EQ,75.55,4.962,0,10.0,low liquidity,False
SOMICONVEY,EQ,82.42,15.976500000000001,0,20.0,low liquidity,False
SONA,EQ,97.88,450.6483333333333,0,20.0,,True
SONACOMS,EQ,783.3,20973.4315,0,,,True
SONAL,EQ,81.49,0.2475,0,10.0,low liquidity,False
SONAMLTD,BE,70.97,44.5685,2,5.0,,True
SONATSOFTW,EQ,239.15,3431.2110000000002,0,20.0,,True
SOTL,EQ,764.8,2920.2645,0,20.0,,True
SOUTHBANK,EQ,47.91,7061.9015,0,20.0,,True
SOUTHWEST,EQ,189.24,283.9835,0,20.0,,True
SPAL,EQ,913.6,343.729,0,20.0,,True
SPANDANA,EQ,211.08,273.5,0,20.0,,True
SPARC,EQ,185.6,2072.674,0,20.0,,True
SPCENET,EQ,3.28,17.9145,0,20.0,low liquidity,False
SPECIALITY,BE,145.2,33.461,0,5.0,,True
SPECTRUM,BE,3777.0,487.86800000000005,15,5.0,,True
SPENCERS,EQ,27.45,10.5145,0,20.0,low liquidity,False
SPIC,EQ,61.15,191.5745,0,20.0,,True
SPLIL,EQ,29.29,1.8184999999999998,0,20.0,low liquidity,False
SPLPETRO,EQ,788.55,2233.2395,0,20.0,,True
SPMLINFRA,EQ,152.18,252.6975,0,20.0,,True
SPORTKING,EQ,196.45,506.3625,0,20.0,,True
SRD,EQ,36.8,11.3565,0,20.0,low liquidity,False
SREEL,BE,276.15,60.2515,6,5.0,,True
SRF,EQ,2519.5,5941.5665,0,,,True
SRGHFL,EQ,115.81,61.0985,9,5.0,,True
SRHHYPOLTD,EQ,533.85,330.134,1,20.0,,True
SRIKPRIND,BE,23.82,1.6169999999999998,7,5.0,low liquidity,False
SRIT,BE,132.99,2302.2775,4,5.0,,True
SRM,EQ,408.35,169.91400000000002,0,20.0,,True
SRTL,EQ,36.2,8.5815,0,20.0,low liquidity,False
SSDL,EQ,66.89,167.85899999999998,1,20.0,,True
SSRETAIL,EQ,705.85,124001.3823076923,1,20.0,,True
SSWL,EQ,406.8,6341.46,0,20.0,,True
STALLION,BE,214.43,717.3645,6,5.0,,True
STANLEY,EQ,128.34,164.836,0,20.0,,True
STAR,EQ,1085.3,2974.0245,0,20.0,,True
STARCEMENT,EQ,168.46,320.6415,0,20.0,,True
STARHEALTH,EQ,552.1,6604.7155,0,20.0,,True
STARPAPER,EQ,147.49,14.822999999999999,0,20.0,low liquidity,False
STARTECK,EQ,257.75,14.4445,1,5.0,low liquidity,False
STCINDIA,EQ,102.24,14.631499999999999,0,20.0,low liquidity,False
STEAMHOUSE,EQ,127.9,15998.909999999998,1,10.0,,True
STEELCAS,EQ,356.5,985.2335,0,20.0,,True
STEELCITY,EQ,81.42,6.4765,0,20.0,low liquidity,False
STEELXIND,EQ,10.37,1015.1754999999999,0,20.0,,True
STEL,EQ,545.25,33.278,0,20.0,,True
STERTOOLS,EQ,225.24,94.47749999999999,0,20.0,,True
STLNETWORK,EQ,46.35,5313.8055,17,5.0,,True
STLSTRINF,BE,22.0,4.149,3,5.0,low liquidity,False
STLTECH,BE,1015.2,21135.2335,16,5.0,,True
STOVEKRAFT,EQ,802.1,789.0925,0,20.0,,True
STUDDS,EQ,414.5,1214.394,0,20.0,,True
STYL,EQ,349.05,554.4805,0,10.0,,True
STYLAMIND,EQ,3271.0,1464.2869999999998,0,20.0,,True
STYLEBAAZA,EQ,376.05,5197.619,0,10.0,,True
STYRENIX,EQ,1999.2,621.909,0,20.0,,True
SUBEXLTD,EQ,19.18,3094.8035,0,20.0,,True
SUBROS,EQ,676.75,228.93800000000002,0,20.0,,True
SUDARCOLOR,EQ,350.4,19.482999999999997,0,20.0,low liquidity,False
SUDARSCHEM,EQ,1166.8,2709.6465,0,20.0,,True
SUDEEPPHRM,EQ,1050.3,2782.9900000000002,2,10.0,,True
SUKHJITS,EQ,145.63,23.7615,0,20.0,,True
SULA,EQ,130.96,480.5155,0,20.0,,True
SUMEDHA,EQ,40.07,1.2665000000000002,0,20.0,low liquidity,False
SUMEETINDS,EQ,11.74,116.532,34,5.0,,True
SUMICHEM,EQ,417.3,1540.367,0,20.0,,True
SUMIT,EQ,47.58,12.078,0,20.0,low liquidity,False
SUMMITSEC,EQ,1330.8,32.4835,0,20.0,,True
SUNCLAY,EQ,1224.4,229.9685,0,20.0,,True
SUNDARAM,EQ,1.03,4.615,0,20.0,low liquidity,False
SUNDARMFIN,EQ,4113.6,2307.6825,0,20.0,,True
SUNDRMBRAK,EQ,669.25,8.8535,0,20.0,low liquidity,False
SUNDRMFAST,EQ,1127.8,2115.7490000000003,0,20.0,,True
SUNDROP,EQ,682.1,364.33299999999997,0,20.0,,True
SUNFLAG,EQ,439.8,3608.8849999999998,2,5.0,,True
SUNLOC,EQ,66.0,0.22210526315789472,0,20.0,low liquidity,False
SUNPHARMA,EQ,1760.0,30547.011,0,,,True
SUNRAKSHAK,EQ,360.4,26.537,0,20.0,,True
SUNSHIEL,EQ,1073.6,39.322500000000005,0,20.0,,True
SUNSHINE,EQ,440.2,6160.4425,2,10.0,,True
SUNTECK,EQ,271.15,330.73249999999996,0,20.0,,True
SUNTV,EQ,635.9,22413.2185,0,20.0,,True
SUPERHOUSE,EQ,153.08,7.4985,0,20.0,low liquidity,False
SUPERSPIN,BE,6.8,2.5204999999999997,4,5.0,low liquidity,False
SUPRAJIT,EQ,457.65,432.5855,0,20.0,,True
SUPREME,EQ,29.63,9.163,0,20.0,low liquidity,False
SUPREMEENG,BZ,4.65,16.8895,23,2.0,low liquidity,False
SUPREMEIND,EQ,3474.8,5606.4335,0,,,True
SUPREMEINF,EQ,51.14,79.97999999999999,0,10.0,,True
SUPRIYA,EQ,847.65,2830.1915,0,20.0,,True
SUPTANERY,BE,8.52,14.065999999999999,33,5.0,low liquidity,False
SURAJEST,EQ,202.34,623.145,0,20.0,,True
SURAJLTD,EQ,203.68,2.566,0,20.0,low liquidity,False
SURAKSHA,EQ,316.25,306.5335,0,20.0,,True
SURANASOL,EQ,23.41,6.5175,0,20.0,low liquidity,False
SURANAT&P,EQ,15.54,6.564,0,20.0,low liquidity,False
SURYALA,EQ,378.95,2.7155,0,20.0,low liquidity,False
SURYALAXMI,EQ,55.5,1.807,0,20.0,low liquidity,False
SURYAROSNI,EQ,208.33,1091.6015000000002,0,20.0,,True
SURYODAY,EQ,147.93,349.7395,0,20.0,,True
SUTLEJTEX,EQ,34.23,15.369,0,20.0,low liquidity,False
SUVEN,EQ,282.75,1603.3880000000001,0,20.0,,True
SUVIDHAA,EQ,2.11,3.9065,0,20.0,low liquidity,False
SUYOG,EQ,645.05,198.945,0,20.0,,True
SUZLON,EQ,37.6,24337.809,0,,,True
SVGLOBAL,EQ,135.98,11.283999999999999,1,20.0,low liquidity,False
SVLL,EQ,795.9,58.018499999999996,0,20.0,,True
SVPGLOB,EQ,3.44,1.7615000000000003,1,10.0,low liquidity,False
SWANCORP,EQ,261.5,3673.1565,0,20.0,,True
SWANDEF,BE,2816.8,547.5385,0,5.0,,True
SWARAJ,BE,359.05,426.98099999999994,11,5.0,,True
SWARAJENG,EQ,3439.1,279.5605,0,20.0,,True
SWARNSAR,EQ,39.07,6.8420000000000005,0,20.0,low liquidity,False
SWASTIKAIN,BE,219.37,2466.60875,2,5.0,,True
SWELECTES,EQ,618.05,176.74349999999998,0,20.0,,True
SWIGGY,EQ,234.2,37319.896,0,,,True
SWISSMLTRY,BE,13.99,10.483500000000001,0,5.0,low liquidity,False
SWSOLAR,EQ,162.12,2201.391,0,20.0,,True
SYMBIOTEC,EQ,1087.5,15794.7305,0,20.0,,True
SYMPHONY,EQ,540.75,316.1755,0,20.0,,True
SYNCOMF,EQ,23.28,8250.698,0,20.0,,True
SYNGENE,EQ,347.4,2320.299,0,20.0,,True
SYRMA,EQ,1719.9,40949.9645,0,20.0,,True
SYSTMTXC,BE,73.0,7.391500000000001,16,2.0,low liquidity,False
TAALTECH,EQ,1018.4,1157.7045,0,20.0,,True
TAINWALCHM,EQ,219.26,10.9595,0,20.0,low liquidity,False
TAJGVK,EQ,325.9,167.374,0,20.0,,True
TAKE,EQ,13.35,47.571,28,5.0,,True
TALBROAUTO,EQ,402.05,1465.1465,0,20.0,,True
TAMBOLIIN,BE,290.6,19.405,0,20.0,low liquidity,False
TANAA,EQ,325.9,460.1940000000001,1,20.0,,True
TANLA,EQ,498.35,1708.9689999999998,0,20.0,,True
TARACHAND,EQ,46.05,23.2555,0,20.0,,True
TARAPUR,EQ,16.58,10.368,2,10.0,low liquidity,False
TARC,EQ,117.47,455.988,0,20.0,,True
TARIL,EQ,290.65,21443.188499999997,0,20.0,,True
TARMAT,EQ,55.84,13.874,0,20.0,low liquidity,False
TARSONS,EQ,320.95,1447.7595,0,20.0,,True
TASTYBITE,EQ,8758.0,197.2405,0,20.0,,True
TATACAP,EQ,318.7,5665.5775,0,10.0,,True
TATACHEM,EQ,589.75,27627.0305,1,20.0,,True
TATACOMM,EQ,1656.7,4168.5599999999995,0,20.0,,True
TATACONSUM,EQ,955.0,12748.766,0,,,True
TATAELXSI,EQ,3130.0,9218.935000000001,0,,,True
TATAGOLD,EQ,14.42,5886.9085,0,,,True
TATAINVEST,EQ,599.25,14734.962,0,20.0,,True
TATAPOWER,EQ,342.15,14311.625,0,,,True
TATASTEEL,EQ,173.8,47550.331,0,,,True
TATATECH,EQ,715.85,6922.1255,0,20.0,,True
TATSILV,EQ,21.31,8433.4095,0,,,True
TATVA,EQ,1804.8,1676.804,1,20.0,,True
TBOTEK,EQ,1666.4,4662.1625,0,20.0,,True
TBZ,BE,594.95,4108.817,12,5.0,,True
TCC,EQ,43.93,927.2180000000001,0,20.0,,True
TCI,EQ,851.45,3286.0269999999996,0,20.0,,True
TCIEXP,EQ,466.15,1916.837,0,20.0,,True
TCIFINANCE,EQ,14.13,2.5425,0,20.0,low liquidity,False
TCPLPACK,EQ,4274.7,397.07399999999996,0,20.0,,True
TCS,EQ,2156.0,81635.706,0,,,True
TDPOWERSYS,EQ,793.75,28620.8145,0,20.0,,True
TEAMGTY,EQ,243.02,1.2165,0,20.0,low liquidity,False
TEAMLEASE,EQ,1068.0,194.435,0,20.0,,True
TECH,EQ,31.26,13.6845,0,,low liquidity,False
TECHM,EQ,1514.1,31271.103500000005,0,,,True
TECHNOCRAF,EQ,474.15,5340.961,0,20.0,,True
TECHNOE,EQ,954.9,1420.0625,0,20.0,,True
TECHNVISN,EQ,4487.7,21.698,11,5.0,,True
TECILCHEM,EQ,9.32,1.6435000000000002,1,20.0,low liquidity,False
TEGA,EQ,1935.0,17974.0615,0,20.0,,True
TEJASNET,EQ,447.2,7335.6795,0,20.0,,True
TEMBO,EQ,55.06,933.9345,0,20.0,,True
TEMPSENS,EQ,576.4,12332.302,0,20.0,,True
TENNIND,EQ,473.7,3250.3334999999997,0,20.0,,True
TERAI,EQ,140.01,2.54375,1,20.0,low liquidity,False
TERASOFT,EQ,225.64,86.00399999999999,0,20.0,,True
TEXINFRA,EQ,118.07,431.52650000000006,0,20.0,,True
TEXMOPIPES,EQ,51.21,147.6225,0,20.0,,True
TEXRAIL,EQ,110.99,5003.4635,0,20.0,,True
TFCILTD,EQ,147.05,20398.2075,0,20.0,,True
TFL,EQ,12.05,0.8535,0,20.0,low liquidity,False
TGBHOTELS,EQ,9.08,2.1005,0,20.0,low liquidity,False
TGVSL,EQ,121.4,1100.1825000000001,0,20.0,,True
THACKER,EQ,902.0,0.5855555555555555,3,5.0,low liquidity,False
THAKDEV,EQ,126.36,0.435,7,5.0,low liquidity,False
THANGAMAYL,EQ,4889.5,4208.882500000001,3,10.0,,True
THEINVEST,EQ,89.44,4.726,0,20.0,low liquidity,False
THEJO,EQ,2025.5,202.3055,0,20.0,,True
THELEELA,EQ,587.5,2081.1045,0,10.0,,True
THEMISMED,EQ,108.57,117.36600000000001,0,20.0,,True
THERMAX,EQ,3256.3,6637.914500000001,0,20.0,,True
THOMASCOOK,EQ,96.75,483.401,0,20.0,,True
THOMASCOTT,EQ,269.7,380.698,0,20.0,,True
THYROCARE,EQ,499.7,1489.526,0,20.0,,True
TI,EQ,541.0,5755.7275,0,20.0,,True
TICL,BE,8.23,51.608999999999995,16,5.0,,True
TIGERLOGS,EQ,23.59,28.8315,0,20.0,,True
TIIL,EQ,2631.1,938.4855,0,20.0,,True
TIINDIA,EQ,2213.0,8816.2985,0,,,True
TIJARIA,BE,6.08,3.6435000000000004,12,5.0,low liquidity,False
TIL,BE,234.2,199.12,3,5.0,,True
TIMETECHNO,EQ,176.35,4638.611,0,20.0,,True
TIMEX,EQ,724.4,5312.905,0,20.0,,True
TIMKEN,EQ,2962.8,1303.0404999999998,0,20.0,,True
TINNARUBR,EQ,885.85,345.424,1,20.0,,True
TIPSFILMS,EQ,316.25,45.652499999999996,1,20.0,,True
TIPSMUSIC,EQ,636.35,1589.1975,0,20.0,,True
TIRUMALCHM,EQ,142.72,724.2945,0,20.0,,True
TIRUPATIFL,BE,70.77,231.311,15,2.0,,True
TITAGARH,EQ,777.2,3425.7185,0,20.0,,True
TITAN,EQ,4410.0,39755.311499999996,0,,,True
TMB,EQ,874.8,1554.1795,0,20.0,,True
TMCV,EQ,410.3,28364.917999999998,0,20.0,,True
TMPV,EQ,279.9,34981.199,0,,,True
TNIDETF,EQ,84.88,97.1905,0,,,True
TNPETRO,EQ,118.51,1811.925,0,20.0,,True
TNPL,EQ,141.31,297.2925,0,20.0,,True
TNTELE,BE,9.9,9.062,9,5.0,low liquidity,False
TOKYOPLAST,EQ,68.1,1.017,0,10.0,low liquidity,False
TOLINS,EQ,86.89,41.2335,0,20.0,,True
TOP100CASE,EQ,9.92,102.9535,0,,,True
TOP10ADD,EQ,84.06,492.2085,0,,,True
TOP15IETF,EQ,9.19,19.548,0,,low liquidity,False
TOP20,EQ,8.38,5.8485,0,,low liquidity,False
TORNTPHARM,EQ,4656.9,18097.3875,0,,,True
TORNTPOWER,EQ,1188.6,2740.5045,0,20.0,,True
TOTAL,BE,72.0,4.577,1,5.0,low liquidity,False
TOUCHWOOD,EQ,59.68,0.6547368421052632,0,20.0,low liquidity,False
TOYAMSL,EQ,0.76,10.834,2,5.0,low liquidity,False
TPHQ,BE,0.47,4.782,5,5.0,low liquidity,False
TPLPLASTEH,EQ,67.08,154.645,0,20.0,,True
TRACXN,EQ,34.66,83.3475,0,20.0,,True
TRANSCOR,EQ,24.45,1.0635,0,20.0,low liquidity,False
TRANSPEK,BE,1345.0,14.406,6,5.0,low liquidity,False
TRANSRAILL,EQ,464.65,12884.481,0,20.0,,True
TRANSWORLD,BE,151.26,6.5265,4,5.0,low liquidity,False
TRAVELFOOD,EQ,1183.9,593.8235,0,10.0,,True
TREEHOUSE,EQ,5.79,1.0474999999999999,0,20.0,low liquidity,False
TREJHARA,EQ,130.56,29.881,0,20.0,,True
TREL,EQ,25.77,56.878,0,20.0,,True
TRENT,EQ,2918.2,31475.8515,0,,,True
TRF,EQ,216.94,34.37,0,20.0,,True
TRIDENT,EQ,21.96,705.4825,0,20.0,,True
TRIGYN,EQ,51.55,22.097,0,20.0,,True
TRITONV,EQ,1036.4,23.1515,0,20.0,,True
TRITURBINE,EQ,511.1,2685.6994999999997,0,20.0,,True
TRIVENI,EQ,235.67,1754.6255,1,20.0,,True
TRU,EQ,4.47,2.795,0,20.0,low liquidity,False
TRUALT,EQ,427.2,1409.155,0,20.0,,True
TSFINV,EQ,403.9,452.32550000000003,0,20.0,,True
TTKHLTCARE,EQ,1016.6,206.1485,0,20.0,,True
TTKPRESTIG,EQ,515.15,359.0545,0,20.0,,True
TTL,EQ,6.96,25.851999999999997,0,20.0,,True
TTML,EQ,32.89,2462.2885,0,20.0,,True
TURTLEMINT,EQ,68.31,2534.4335,2,5.0,,True
TUTIALKA,EQ,52.21,2.9059999999999997,0,20.0,low liquidity,False
TVSELECT,EQ,385.9,788.0310000000001,0,20.0,,True
TVSHLTD,EQ,11441.0,1096.0505,0,20.0,,True
TVSMOTOR,EQ,3866.8,31064.257,0,,,True
TVSSCS,EQ,124.54,989.7090000000001,0,20.0,,True
TVSSRICHAK,EQ,4374.2,372.702,0,20.0,,True
TVTODAY,EQ,102.32,40.8885,0,20.0,,True
TVVISION,BE,2.6,2.0,10,5.0,low liquidity,False
TWCGOLDETF,EQ,147.96,22.232,0,,,True
UBL,EQ,1168.2,1634.492,0,20.0,,True
UCAL,BE,134.36,15.447,3,5.0,low liquidity,False
UCOBANK,EQ,23.25,831.65,0,20.0,,True
UDAYJEW,EQ,181.76,123.91,0,20.0,,True
UDS,EQ,199.8,250.69400000000002,0,20.0,,True
UEL,EQ,214.94,59.064499999999995,7,10.0,,True
UFBL,BE,697.1,231.81900000000002,7,5.0,,True
UFLEX,EQ,621.7,851.7639999999999,1,20.0,,True
UFO,EQ,55.49,16.357,0,20.0,low liquidity,False
UGARSUGAR,BE,54.84,1090.6045,2,5.0,,True
UGROCAP,EQ,79.93,146.39600000000002,0,20.0,,True
UJJIVANSFB,EQ,61.45,8562.5455,0,,,True
ULTRACEMCO,EQ,10675.0,33290.4255,0,,,True
ULTRAMAR,EQ,398.55,583.9275,0,20.0,,True
UMAEXPORTS,BE,19.8,4.984,1,5.0,low liquidity,False
UMESLTD,EQ,4.4,2.366,0,20.0,low liquidity,False
UMIYA-MRO,EQ,92.24,13.596,0,20.0,low liquidity,False
UNICHEMLAB,EQ,531.1,1744.9815000000003,0,20.0,,True
UNIDT,EQ,218.61,219.54000000000002,0,20.0,,True
UNIECOM,EQ,82.82,803.4175,0,20.0,,True
UNIENTER,EQ,87.2,3.654,0,20.0,low liquidity,False
UNIINFO,EQ,11.5,0.27149999999999996,0,10.0,low liquidity,False
UNIMECH,EQ,1734.8,5639.5419999999995,0,10.0,,True
UNIONBANK,EQ,173.06,14321.182,0,,,True
UNIONGOLD,EQ,145.0,45.589999999999996,0,,,True
UNIPARTS,EQ,757.95,986.0155000000001,0,20.0,,True
UNITDSPR,EQ,1366.0,14970.992499999998,0,,,True
UNITECH,EQ,4.06,182.9635,0,20.0,,True
UNITEDPOLY,EQ,50.12,243.44250000000002,0,20.0,,True
UNITEDTEA,EQ,407.45,12.395999999999999,0,20.0,low liquidity,False
UNIVASTU,BE,136.27,73.8225,10,5.0,,True
UNIVCABLES,EQ,1518.8,1790.916,1,20.0,,True
UNIVPHOTO,BE,468.45,16.774,4,5.0,low liquidity,False
UNOMINDA,EQ,1108.0,6917.2375,0,,,True
UPHOT,EQ,1585.0,0.5173333333333333,3,5.0,low liquidity,False
UPL,EQ,488.45,13071.3765,0,,,True
URAVIDEF,BE,103.0,1.2574999999999998,2,5.0,low liquidity,False
URBANCO,EQ,159.76,9609.059,0,20.0,,True
URJA,EQ,8.33,46.9745,0,20.0,,True
USHAMART,EQ,502.05,5443.658,0,20.0,,True
USK,EQ,18.96,4.7765,0,20.0,low liquidity,False
UTIAMC,EQ,877.7,704.6895000000001,0,20.0,,True
UTKARSHBNK,EQ,13.58,951.3934999999999,0,20.0,,True
UTLSOLAR,EQ,409.05,1053.1155,0,10.0,,True
UTTAMSUGAR,EQ,298.05,1049.2205,0,20.0,,True
UYFINCORP,BE,24.76,52.306,3,5.0,,True
V2RETAIL,EQ,154.5,4180.688,0,20.0,,True
VADILALIND,EQ,7162.0,1034.6305,0,20.0,,True
VADILENT,EQ,9800.0,2.6864999999999997,0,20.0,low liquidity,False
VAIBHAVGBL,EQ,201.67,512.0935,0,20.0,,True
VAISHALI,EQ,7.92,17.0965,0,20.0,low liquidity,False
VAKRANGEE,EQ,5.04,54.709500000000006,0,20.0,,True
VAL30IETF,EQ,14.32,32.3245,0,,,True
VALIANTLAB,BE,119.8,122.00150000000001,16,5.0,,True
VALIANTORG,EQ,467.7,863.0455,0,20.0,,True
VALUE,EQ,14.98,4.026,0,,low liquidity,False
VALUEAXIS,EQ,30.55,28.279500000000002,0,,,True
VAML,EQ,371.65,42479.568,0,20.0,,True
VARDHACRLC,EQ,42.75,16.0895,0,20.0,low liquidity,False
VARDMNPOLY,EQ,5.26,10.359,0,20.0,low liquidity,False
VARMORA,EQ,134.21,12732.07111111111,0,20.0,,True
VARROC,EQ,793.6,2364.0345,0,20.0,,True
VASCONEQ,EQ,30.68,315.056,0,20.0,,True
VASUPRADA,EQ,99.5,0.8476923076923076,5,5.0,low liquidity,False
VASWANI,EQ,43.74,14.981,0,20.0,low liquidity,False
VBL,EQ,441.0,23644.19,0,,,True
VCL,BE,1.5,20.1245,14,5.0,,True
VEDAVAAG,EQ,23.19,28.845,1,20.0,,True
VEDL,EQ,264.0,22714.4375,0,,,True
VEDPOWER,EQ,31.59,4434.687,0,20.0,,True
VEEDOL,EQ,1352.2,125.6655,0,20.0,,True
VEEGALAND,EQ,133.9,1581.381875,0,20.0,,True
VELJAN,BE,2707.7,39.197,8,2.0,,True
VENKEYS,EQ,1595.8,974.741,0,20.0,,True
VENTIVE,EQ,551.7,170.5885,0,10.0,,True
VENUSPIPES,EQ,2041.4,6869.0235,0,20.0,,True
VENUSREM,BE,1610.1,634.5425,5,5.0,,True
VERANDA,BE,34.39,989.1125,3,5.0,,True
VERTOZ,EQ,32.19,13.562999999999999,0,20.0,low liquidity,False
VESUVIUS,EQ,409.0,2810.4480000000003,0,20.0,,True
VETO,EQ,131.63,170.61700000000002,0,20.0,,True
VGCL,EQ,49.99,10.866000000000001,0,10.0,low liquidity,False
VGL,EQ,62.44,171.00050000000002,0,20.0,,True
VGUARD,EQ,288.2,1138.99,0,20.0,,True
VHL,EQ,3650.0,27.848000000000003,0,20.0,,True
VHLTD,BE,142.9,65.1905,4,5.0,,True
VIDHIING,EQ,332.4,92.1455,0,20.0,,True
VIDYAWIRES,EQ,98.06,1442.82,0,10.0,,True
VIJAYA,EQ,1436.6,1943.5669999999998,0,20.0,,True
VIJIFIN,BE,13.46,88.69000000000001,3,5.0,,True
VIJSOLX,EQ,659.6,2.0289473684210524,0,10.0,low liquidity,False
VIKASECO,EQ,1.01,15.300999999999998,0,20.0,low liquidity,False
VIKASLIFE,EQ,1.19,23.4075,0,20.0,,True
VIKRAMSOLR,EQ,142.32,2683.5175,0,20.0,,True
VIKRAN,EQ,55.84,1760.4540000000002,0,20.0,,True
VIMTALABS,EQ,537.45,874.0674999999999,0,20.0,,True
VINATIORGA,EQ,1124.5,728.1800000000001,0,20.0,,True
VINCOFE,EQ,173.46,2745.3205000000003,0,20.0,,True
VINDHYATEL,EQ,2814.4,1841.0880000000002,1,20.0,,True
VINEETLAB,EQ,37.45,42.9415,0,10.0,,True
VINNY,EQ,0.86,2.6905,0,20.0,low liquidity,False
VINYLINDIA,EQ,201.71,13.6865,0,20.0,low liquidity,False
VIPCLOTHNG,EQ,20.14,9.745000000000001,0,20.0,low liquidity,False
VIPIND,EQ,269.55,825.6375,0,20.0,,True
VIPULLTD,BE,9.82,23.049500000000002,20,5.0,,True
VIRAT,EQ,435.4,44.7375,3,5.0,,True
VIRINCHI,EQ,12.81,6.859,0,20.0,low liquidity,False
VIRTUALG,BE,0.43,1.1015000000000001,3,5.0,low liquidity,False
VISACHROME,EQ,33.9,63.21849999999999,0,10.0,,True
VISAKAIND,BE,84.57,205.94650000000001,1,5.0,,True
VISHAL,EQ,17.14,10.806000000000001,0,20.0,low liquidity,False
VISHNU,EQ,654.85,601.4915,0,20.0,,True
VISHWARAJ,EQ,5.33,18.0345,0,20.0,low liquidity,False
VISL,EQ,29.09,6776.005499999999,9,5.0,,True
VITAL,EQ,51.99,2.407,0,10.0,low liquidity,False
VIVIANA,EQ,817.85,370.217,0,20.0,,True
VIVIDHA,EQ,0.51,1.5165,0,20.0,low liquidity,False
VIVIMEDLAB,BE,7.25,5.551,35,2.0,low liquidity,False
VIVOBIOT,EQ,14.93,5.162,0,20.0,low liquidity,False
VIYASH,EQ,234.06,6288.753500000001,0,20.0,,True
VLEGOV,EQ,9.08,10.969,0,10.0,low liquidity,False
VLSFINANCE,EQ,221.43,17.612000000000002,0,20.0,low liquidity,False
VMART,EQ,821.95,688.0495,0,20.0,,True
VMM,EQ,97.5,11567.477,0,,,True
VMSTMT,EQ,44.61,41.11,0,20.0,,True
VNL,BE,194.04,723.86,2,5.0,,True
VOEPL,EQ,524.95,910.0835,0,20.0,,True
VOGL,EQ,30.1,7694.178,0,20.0,,True
VOITHPAPR,EQ,1373.1,6.0085,0,20.0,low liquidity,False
VOLTAMP,EQ,10302.0,1628.8715,0,20.0,,True
VOLTAS,EQ,1033.7,8274.189,0,,,True
VPRPL,EQ,27.11,180.2375,1,20.0,,True
VRAJ,EQ,120.1,19.422,0,20.0,low liquidity,False
VRLLOG,EQ,284.15,362.688,0,20.0,,True
VSSL,EQ,373.4,669.6065000000001,0,20.0,,True
VSTIND,EQ,201.58,230.839,0,20.0,,True
VSTL,EQ,101.24,9.219,0,20.0,low liquidity,False
VSTTILLERS,EQ,4235.1,612.9979999999999,0,20.0,,True
VTL,EQ,528.2,2002.029,0,20.0,,True
VTMLTD,EQ,37.89,61.001999999999995,1,20.0,,True
WAAREEENER,EQ,2323.0,15540.9465,0,,,True
WAAREEINDO,EQ,198.04,390.3825,10,5.0,,True
WAAREERTL,EQ,802.45,1098.749,0,20.0,,True
WABAG,EQ,1936.8,11755.9765,0,20.0,,True
WAKEFIT,EQ,131.39,551.9195,0,20.0,,True
WALCHANNAG,EQ,207.3,2147.275,0,20.0,,True
WANBURY,EQ,196.42,705.04,0,20.0,,True
WARDINMOBI,BZ,5.06,13.602500000000001,0,5.0,low liquidity,False
WATERBASE,EQ,44.31,8.9025,0,20.0,low liquidity,False
WCIL,EQ,97.52,248.9925,0,20.0,,True
WEALTH,EQ,911.3,57.266,0,20.0,,True
WEBELSOLAR,EQ,65.57,1263.1495,3,5.0,,True
WEIZMANIND,EQ,71.46,0.9215,0,20.0,low liquidity,False
WEL,EQ,75.54,289.75750000000005,9,5.0,,True
WELCORP,EQ,2640.4,54958.76700000001,0,20.0,,True
WELENT,EQ,735.9,5471.5985,0,20.0,,True
WELINV,BE,2305.0,2.3005,4,5.0,low liquidity,False
WELSPLSOL,EQ,48.98,340.40549999999996,0,20.0,,True
WELSPUNLIV,EQ,223.75,13933.1005,0,20.0,,True
WENDT,EQ,7748.5,1003.3084999999999,0,20.0,,True
WESTLIFE,EQ,580.6,2965.5299999999997,0,20.0,,True
WEWIN,EQ,51.33,2.9114999999999998,0,20.0,low liquidity,False
WEWORK,EQ,669.45,1009.134,0,20.0,,True
WHBRADY,EQ,471.75,0.6226315789473684,0,20.0,low liquidity,False
WHEELS,EQ,2207.2,5127.426,1,10.0,,True
WHIRLPOOL,EQ,816.75,27631.825,1,20.0,,True
WILLAMAGOR,EQ,20.18,0.891,0,20.0,low liquidity,False
WINDLAS,EQ,949.2,938.3715,0,20.0,,True
WINDMACHIN,EQ,296.2,309.01200000000006,0,20.0,,True
WIPL,EQ,160.37,1.5975000000000001,0,20.0,low liquidity,False
WIPRO,EQ,162.57,35928.4265,0,,,True
WOCKPHARMA,EQ,1996.4,22200.306,0,20.0,,True
WONDERLA,EQ,508.55,290.943,0,20.0,,True
WORTHPERI,EQ,154.9,21.851,0,20.0,,True
WPIL,EQ,430.9,248.1755,0,20.0,,True
WSI,EQ,53.74,24.4585,0,20.0,,True
WSTCSTPAPR,EQ,727.65,1638.1385,0,20.0,,True
XCHANGING,EQ,60.3,56.9285,0,20.0,,True
XELPMOC,EQ,87.94,51.7315,1,20.0,,True
XPROINDIA,EQ,1095.0,502.46549999999996,0,20.0,,True
XTGLOBAL,EQ,26.76,10.376999999999999,0,20.0,low liquidity,False
XTRANET,EQ,287.5,3851.5095,12,5.0,,True
YASHO,EQ,4125.0,1485.1065,1,20.0,,True
YATHARTH,EQ,1022.2,9733.9635,0,20.0,,True
YATRA,EQ,94.74,994.302,0,20.0,,True
YESBANK,EQ,20.5,19502.1845,0,,,True
YOGI,EQ,159.99,2.16,0,20.0,low liquidity,False
YUKEN,EQ,1089.2,432.445,0,20.0,,True
ZAGGLE,EQ,168.3,1558.7635,1,20.0,,True
ZEEL,EQ,69.97,11627.132,0,20.0,,True
ZEELEARN,EQ,6.07,21.177,0,20.0,,True
ZEEMEDIA,EQ,7.03,84.71900000000001,1,20.0,,True
ZENITHSTL,EQ,5.2,3.3564999999999996,0,20.0,low liquidity,False
ZENSARTECH,EQ,448.55,17654.1315,0,20.0,,True
ZENTEC,EQ,1528.8,4245.88,0,20.0,,True
ZFCVINDIA,EQ,2082.2,2595.805,0,20.0,,True
ZFSTEERING,EQ,688.65,36.911,0,20.0,,True
ZIMLAB,EQ,150.47,246.91649999999998,0,20.0,,True
ZODIAC,EQ,205.97,25.8825,0,20.0,,True
ZODIACLOTH,EQ,65.31,2.479,0,20.0,low liquidity,False
ZOTA,EQ,1324.1,1896.58,0,20.0,,True
ZSARACOM,EQ,9900.0,2.9265,0,20.0,low liquidity,False
ZUARI,EQ,206.98,146.7225,0,20.0,,True
ZUARIIND,EQ,268.6,226.581,0,20.0,,True
ZYDUSLIFE,EQ,1117.5,19173.095,0,,,True
ZYDUSWELL,EQ,490.7,961.8860000000001,0,20.0,,True
