group,date,leader,stock,in_base,gsize,conf,f20,f60,f120
Rice (Basmati),2022-04-04,CLSEL,KRBL,False,6,1,6.11043,12.738728,60.84776
Rice (Basmati),2022-06-17,KOHINOOR,KRBL,False,6,1,14.770042,55.12732,79.247215
Rice (Basmati),2022-06-17,KOHINOOR,CLSEL,False,6,1,5.988217,-13.150406,0.84592056
Rice (Basmati),2022-08-18,KRBL,CLSEL,False,6,1,3.6388521,5.9995294,28.557598
Rice (Basmati),2022-08-18,KRBL,KOHINOOR,False,6,1,-20.76931,-16.341204,2.1940231
Rice (Basmati),2022-12-30,GRMOVER,KRBL,True,6,1,3.8521826,-1.5374002,-18.825907
Rice (Basmati),2022-12-30,GRMOVER,CLSEL,False,6,1,2.1119416,56.242413,36.159004
Rice (Basmati),2022-12-30,GRMOVER,KOHINOOR,False,6,1,36.59278,-19.06977,-46.38311
Rice (Basmati),2022-12-30,GRMOVER,SARVESHWAR,False,6,1,-2.0707788,-12.526298,-19.442802
Rice (Basmati),2023-07-21,SARVESHWAR,KRBL,True,6,1,4.702604,-8.862007,-26.61309
Rice (Basmati),2023-07-21,SARVESHWAR,GRMOVER,True,6,1,-8.820999,-16.771072,-34.759354
Rice (Basmati),2023-07-21,SARVESHWAR,CLSEL,True,6,1,19.815613,15.350116,8.501556
Rice (Basmati),2023-09-20,CLSEL,KOHINOOR,True,6,3,4.0352106,24.394142,-9.260607
Rice (Basmati),2023-09-20,CLSEL,SARVESHWAR,False,6,3,-9.818935,-10.46397,134.25372
Rice (Basmati),2023-12-06,KOHINOOR,KRBL,True,6,1,-2.1110535,-21.302158,-38.389618
Rice (Basmati),2023-12-06,KOHINOOR,LTFOODS,False,6,1,-19.119656,-38.84117,-29.91556
Rice (Basmati),2023-12-06,KOHINOOR,GRMOVER,True,6,1,-6.280613,-21.773672,-45.18971
Rice (Basmati),2023-12-06,KOHINOOR,CLSEL,False,6,1,2.8040295,-11.759544,-23.430473
Rice (Basmati),2023-12-06,KOHINOOR,SARVESHWAR,False,6,1,20.051634,193.37515,83.15996
Rice (Basmati),2024-02-05,SARVESHWAR,KRBL,True,6,1,-13.800132,-21.048212,-21.436846
Rice (Basmati),2024-02-05,SARVESHWAR,LTFOODS,False,6,1,-2.5849879,13.284397,41.65646
Rice (Basmati),2024-02-05,SARVESHWAR,GRMOVER,True,6,1,-7.9386177,-27.02558,-9.642113
Rice (Basmati),2024-02-05,SARVESHWAR,CLSEL,True,6,1,-4.730362,-10.966677,-29.344963
Rice (Basmati),2024-02-05,SARVESHWAR,KOHINOOR,False,6,1,-4.1686296,-13.365793,-16.393482
Rice (Basmati),2024-06-07,LTFOODS,KRBL,True,6,1,10.40144,1.0964756,5.1186686
Rice (Basmati),2024-06-07,LTFOODS,GRMOVER,True,6,1,22.476793,65.05336,28.550686
Rice (Basmati),2024-06-07,LTFOODS,CLSEL,True,6,1,-11.430538,-5.7304144,44.18997
Rice (Basmati),2024-06-07,LTFOODS,KOHINOOR,False,6,1,2.246809,-6.526017,-7.654822
Rice (Basmati),2024-06-07,LTFOODS,SARVESHWAR,False,6,1,1.8692722,-18.292183,-4.020393
Rice (Basmati),2024-08-08,CLSEL,KRBL,False,6,1,3.5873532,2.8038979,2.7786493
Rice (Basmati),2024-08-08,CLSEL,LTFOODS,False,6,1,29.898403,25.602554,35.0981
Rice (Basmati),2024-08-08,CLSEL,GRMOVER,False,6,1,22.64043,7.651079,10.670769
Rice (Basmati),2024-08-08,CLSEL,KOHINOOR,False,6,1,-8.3799305,-6.6848397,12.697649
Rice (Basmati),2024-08-08,CLSEL,SARVESHWAR,True,6,1,-6.683886,11.2475395,-0.26996136
Rice (Basmati),2024-12-09,SARVESHWAR,KRBL,True,6,1,-1.2040615,5.930876,28.32002
Rice (Basmati),2024-12-09,SARVESHWAR,LTFOODS,True,6,1,-2.7506886,-2.5710163,11.178512
Rice (Basmati),2024-12-09,SARVESHWAR,GRMOVER,False,6,1,-7.256633,23.997826,40.761524
Rice (Basmati),2024-12-09,SARVESHWAR,CLSEL,False,6,1,16.48879,-3.9959602,2.695036
Rice (Basmati),2024-12-09,SARVESHWAR,KOHINOOR,False,6,1,22.867155,12.645424,18.521399
Rice (Basmati),2025-05-19,"KRBL,CLSEL",LTFOODS,False,6,2,14.341522,22.244251,4.164183
Rice (Basmati),2025-05-19,"KRBL,CLSEL",GRMOVER,False,6,2,12.569451,17.091942,39.341583
Rice (Basmati),2025-05-19,"KRBL,CLSEL",KOHINOOR,False,6,2,-9.996348,-8.226455,-22.049051
Rice (Basmati),2025-05-19,"KRBL,CLSEL",SARVESHWAR,False,6,2,-4.819661,13.376176,-33.08938
Rice (Basmati),2025-08-08,KRBL,LTFOODS,False,6,1,-6.744766,-15.542019,-13.5768175
Rice (Basmati),2025-08-08,KRBL,GRMOVER,False,6,1,-1.7914772,14.610468,-77.40355
Rice (Basmati),2025-08-08,KRBL,CLSEL,False,6,1,-8.361703,-12.3360405,-12.598372
Rice (Basmati),2025-08-08,KRBL,KOHINOOR,True,6,1,-5.7916164,-15.280003,-22.674675
Rice (Basmati),2025-08-08,KRBL,SARVESHWAR,False,6,1,-10.81748,-41.107082,-43.30853
Rice (Basmati),2025-11-19,GRMOVER,KRBL,False,6,1,-4.712015,-12.11685,-14.7911005
Rice (Basmati),2025-11-19,GRMOVER,LTFOODS,True,6,1,0.14337254,9.399403,4.841149
Rice (Basmati),2025-11-19,GRMOVER,CLSEL,True,6,1,3.2839832,5.960703,10.271061
Rice (Basmati),2025-11-19,GRMOVER,SARVESHWAR,False,6,1,-2.9099112,-9.217369,-11.748338
Rice (Basmati),2026-02-12,LTFOODS,KRBL,False,6,1,-4.472476,-4.8577785,-12.963015
Rice (Basmati),2026-02-12,LTFOODS,GRMOVER,False,6,1,6.18673,-1.3147354,-51.156258
Rice (Basmati),2026-02-12,LTFOODS,CLSEL,True,6,1,-2.8260107,2.6901364,-12.027502
Rice (Basmati),2026-02-12,LTFOODS,KOHINOOR,True,6,1,1.7217817,-13.20281,-25.76536
Rice (Basmati),2026-02-12,LTFOODS,SARVESHWAR,True,6,1,-14.169431,-1.9845366,-18.294304
Rice (Basmati),2026-08-14,KOHINOOR,KRBL,True,6,1,8.692814,,
Rice (Basmati),2026-08-14,KOHINOOR,LTFOODS,True,6,1,4.0846467,,
Rice (Basmati),2026-08-14,KOHINOOR,GRMOVER,False,6,1,-6.0854197,,
Rice (Basmati),2026-08-14,KOHINOOR,CLSEL,True,6,1,6.2077284,,
Rice (Basmati),2026-08-14,KOHINOOR,SARVESHWAR,True,6,1,15.6213875,,
Sugar,2022-04-06,RENUKA,EIDPARRY,False,13,6,18.520958,30.484407,22.849854
Sugar,2022-04-06,RENUKA,DALBHARAT,False,13,6,-5.116391,-4.5034466,-0.4989922
Sugar,2022-04-06,RENUKA,BAJAJHIND,False,13,6,4.8561153,-5.2882977,-33.669334
Sugar,2022-04-06,RENUKA,MAGADSUGAR,False,13,6,-2.631909,5.2218313,-12.621934
Sugar,2022-04-06,RENUKA,UTTAMSUGAR,False,13,6,2.9507098,11.887997,6.58558
Sugar,2022-04-06,RENUKA,KCPSUGIND,False,13,6,-2.7346497,-14.360523,-23.544727
Sugar,2022-04-06,RENUKA,DCMSRIND,False,13,6,-6.565112,-15.599459,-24.49516
Sugar,2022-08-31,DCMSRIND,BALRAMCHIN,True,13,1,1.2511313,-0.4556179,7.788104
Sugar,2022-08-31,DCMSRIND,TRIVENI,False,13,1,5.4114223,13.594818,21.569128
Sugar,2022-08-31,DCMSRIND,EIDPARRY,True,13,1,9.027219,13.241934,0.8618057
Sugar,2022-08-31,DCMSRIND,DALBHARAT,False,13,1,2.2509456,11.274088,27.31878
Sugar,2022-08-31,DCMSRIND,DHAMPURSUG,False,13,1,-6.509584,-8.317793,-4.3752193
Sugar,2022-08-31,DCMSRIND,BAJAJHIND,False,13,1,5.6198835,10.388792,43.945316
Sugar,2022-08-31,DCMSRIND,RENUKA,False,13,1,26.311375,11.973179,-1.3761103
Sugar,2022-08-31,DCMSRIND,DWARKESH,False,13,1,0.91022253,-5.9048,-4.818386
Sugar,2022-08-31,DCMSRIND,AVADHSUGAR,True,13,1,-4.033631,-10.2481,-13.596058
Sugar,2022-08-31,DCMSRIND,MAGADSUGAR,False,13,1,0.4742086,-1.4219522,14.146322
Sugar,2022-08-31,DCMSRIND,UTTAMSUGAR,False,13,1,-3.278482,-5.2375736,-1.885462
Sugar,2022-08-31,DCMSRIND,KCPSUGIND,True,13,1,2.1764874,10.624504,24.965984
Sugar,2022-11-17,KCPSUGIND,BALRAMCHIN,True,13,1,6.8388104,7.1054816,20.804287
Sugar,2022-11-17,KCPSUGIND,TRIVENI,True,13,1,-4.035878,-3.7467422,-0.075268745
Sugar,2022-11-17,KCPSUGIND,EIDPARRY,True,13,1,-12.51722,-16.323883,-18.664223
Sugar,2022-11-17,KCPSUGIND,DALBHARAT,True,13,1,5.7312255,14.940739,17.865932
Sugar,2022-11-17,KCPSUGIND,DHAMPURSUG,True,13,1,-2.0490527,0.34780502,14.35454
Sugar,2022-11-17,KCPSUGIND,BAJAJHIND,True,13,1,38.834164,28.684544,47.008717
Sugar,2022-11-17,KCPSUGIND,RENUKA,False,13,1,-2.6950002,-13.716662,-10.082752
Sugar,2022-11-17,KCPSUGIND,DWARKESH,True,13,1,0.0975728,-2.7535439,3.92003
Sugar,2022-11-17,KCPSUGIND,AVADHSUGAR,True,13,1,-0.6933689,-7.4891863,3.2136912
Sugar,2022-11-17,KCPSUGIND,MAGADSUGAR,True,13,1,-5.0032434,4.1698694,26.075436
Sugar,2022-11-17,KCPSUGIND,UTTAMSUGAR,True,13,1,-4.0379643,-1.0554075,11.436785
Sugar,2022-11-17,KCPSUGIND,DCMSRIND,True,13,1,-3.735268,0.6820798,-9.366012
Sugar,2023-06-09,"DHAMPURSUG,BAJAJHIND,UTTAMSUGAR",BALRAMCHIN,True,13,3,-10.827076,-20.141512,-15.254688
Sugar,2023-06-09,"DHAMPURSUG,BAJAJHIND,UTTAMSUGAR",TRIVENI,True,13,3,-9.953141,-10.9482765,-7.3161354
Sugar,2023-06-09,"DHAMPURSUG,BAJAJHIND,UTTAMSUGAR",EIDPARRY,True,13,3,-8.106243,-18.575817,-18.01858
Sugar,2023-06-09,"DHAMPURSUG,BAJAJHIND,UTTAMSUGAR",DALBHARAT,True,13,3,-2.8263211,-20.709974,-25.569975
Sugar,2023-06-09,"DHAMPURSUG,BAJAJHIND,UTTAMSUGAR",RENUKA,True,13,3,-8.359247,-13.433624,-20.943462
Sugar,2023-06-09,"DHAMPURSUG,BAJAJHIND,UTTAMSUGAR",DWARKESH,False,13,3,-8.213627,-21.041971,-34.55851
Sugar,2023-06-09,"DHAMPURSUG,BAJAJHIND,UTTAMSUGAR",AVADHSUGAR,False,13,3,-1.7030239,-5.6981926,34.458862
Sugar,2023-06-09,"DHAMPURSUG,BAJAJHIND,UTTAMSUGAR",MAGADSUGAR,False,13,3,1.3538241,14.485085,73.62492
Sugar,2023-06-09,"DHAMPURSUG,BAJAJHIND,UTTAMSUGAR",KCPSUGIND,False,13,3,-7.7990713,9.52903,17.151367
Sugar,2023-06-09,"DHAMPURSUG,BAJAJHIND,UTTAMSUGAR",DCMSRIND,False,13,3,-0.7628679,58.23853,73.71233
Sugar,2023-08-14,BAJAJHIND,BALRAMCHIN,True,13,6,-2.6828284,-1.9807816,-34.309895
Sugar,2023-08-14,BAJAJHIND,EIDPARRY,True,13,6,6.3930035,-7.581353,5.3618317
Sugar,2023-08-14,BAJAJHIND,DALBHARAT,True,13,6,9.364855,-4.971254,-20.482397
Sugar,2023-08-14,BAJAJHIND,DHAMPURSUG,True,13,6,0.020874023,-13.581055,-39.762604
Sugar,2023-08-14,BAJAJHIND,RENUKA,True,13,6,11.722446,1.986301,-28.301682
Sugar,2023-08-14,BAJAJHIND,DWARKESH,True,13,6,-1.2554998,-12.711113,-43.955994
Sugar,2023-08-14,BAJAJHIND,AVADHSUGAR,True,13,6,17.637253,35.331676,-12.001526
Sugar,2023-11-06,BAJAJHIND,BALRAMCHIN,True,13,1,1.7331362,-30.583096,-37.8387
Sugar,2023-11-06,BAJAJHIND,TRIVENI,False,13,1,-0.11354685,-31.293201,-26.561392
Sugar,2023-11-06,BAJAJHIND,EIDPARRY,True,13,1,6.459737,14.780069,13.6875725
Sugar,2023-11-06,BAJAJHIND,DALBHARAT,True,13,1,2.6692505,-14.2452965,-31.560005
Sugar,2023-11-06,BAJAJHIND,DHAMPURSUG,False,13,1,-5.2843213,-25.06318,-39.49984
Sugar,2023-11-06,BAJAJHIND,RENUKA,True,13,1,-11.472625,-28.372414,-37.637123
Sugar,2023-11-06,BAJAJHIND,DWARKESH,False,13,1,-8.460551,-30.443,-53.775322
Sugar,2023-11-06,BAJAJHIND,AVADHSUGAR,False,13,1,-0.6494045,-38.837624,-47.784393
Sugar,2023-11-06,BAJAJHIND,MAGADSUGAR,False,13,1,-5.3849816,-41.112144,-48.49282
Sugar,2023-11-06,BAJAJHIND,UTTAMSUGAR,False,13,1,1.0695457,-45.488678,-50.8447
Sugar,2023-11-06,BAJAJHIND,KCPSUGIND,False,13,1,-7.352132,-20.106804,-22.265554
Sugar,2023-11-06,BAJAJHIND,DCMSRIND,False,13,1,26.890873,30.847906,38.754307
Sugar,2024-02-05,"BAJAJHIND,RENUKA,KCPSUGIND",BALRAMCHIN,True,13,3,-3.5595536,-2.4953723,-1.884448
Sugar,2024-02-05,"BAJAJHIND,RENUKA,KCPSUGIND",TRIVENI,True,13,3,1.9199014,2.545023,0.03774166
Sugar,2024-02-05,"BAJAJHIND,RENUKA,KCPSUGIND",EIDPARRY,False,13,3,-3.7783566,-4.3632927,11.965978
Sugar,2024-02-05,"BAJAJHIND,RENUKA,KCPSUGIND",DALBHARAT,True,13,3,-6.7994356,-19.964361,-32.92263
Sugar,2024-02-05,"BAJAJHIND,RENUKA,KCPSUGIND",DHAMPURSUG,True,13,3,-5.447006,-12.880457,-28.679615
Sugar,2024-02-05,"BAJAJHIND,RENUKA,KCPSUGIND",DWARKESH,True,13,3,-7.064885,-25.167036,-34.52475
Sugar,2024-02-05,"BAJAJHIND,RENUKA,KCPSUGIND",AVADHSUGAR,False,13,3,-2.4449348,-9.91674,-18.520088
Sugar,2024-02-05,"BAJAJHIND,RENUKA,KCPSUGIND",MAGADSUGAR,False,13,3,-1.2626767,1.9960403,14.041924
Sugar,2024-02-05,"BAJAJHIND,RENUKA,KCPSUGIND",UTTAMSUGAR,False,13,3,-3.2343683,-10.800945,-29.418182
Sugar,2024-02-05,"BAJAJHIND,RENUKA,KCPSUGIND",DCMSRIND,False,13,3,2.6666641,13.309694,13.4522085
Sugar,2024-05-29,EIDPARRY,BALRAMCHIN,True,13,1,2.535737,29.233658,39.906025
Sugar,2024-05-29,EIDPARRY,TRIVENI,True,13,1,7.158722,16.725445,2.1892548
Sugar,2024-05-29,EIDPARRY,DALBHARAT,True,13,1,-7.0345993,-17.872221,-11.921912
Sugar,2024-05-29,EIDPARRY,DHAMPURSUG,True,13,1,-5.350029,-21.836323,-28.661888
Sugar,2024-05-29,EIDPARRY,BAJAJHIND,False,13,1,22.083439,13.035858,-15.1524725
Sugar,2024-05-29,EIDPARRY,RENUKA,True,13,1,12.132097,-1.0400896,-13.722515
Sugar,2024-05-29,EIDPARRY,DWARKESH,False,13,1,0.62640953,-10.690832,-20.107979
Sugar,2024-05-29,EIDPARRY,AVADHSUGAR,True,13,1,10.274673,13.654875,-2.1564007
Sugar,2024-05-29,EIDPARRY,MAGADSUGAR,False,13,1,12.471497,13.681232,-5.769503
Sugar,2024-05-29,EIDPARRY,UTTAMSUGAR,True,13,1,-1.4682884,-9.118236,-14.125657
Sugar,2024-05-29,EIDPARRY,KCPSUGIND,True,13,1,20.053745,29.531013,13.234187
Sugar,2024-05-29,EIDPARRY,DCMSRIND,False,13,1,-4.3633814,-18.741978,-24.499256
Sugar,2024-08-19,TRIVENI,BALRAMCHIN,False,13,1,1.493752,12.848007,-0.2554779
Sugar,2024-08-19,TRIVENI,EIDPARRY,False,13,1,2.6773686,4.906571,24.16666
Sugar,2024-08-19,TRIVENI,DALBHARAT,True,13,1,-0.4620433,-1.0583878,15.610308
Sugar,2024-08-19,TRIVENI,DHAMPURSUG,True,13,1,1.2525201,-6.4679623,-21.227991
Sugar,2024-08-19,TRIVENI,BAJAJHIND,False,13,1,-9.946304,-19.734015,-26.919682
Sugar,2024-08-19,TRIVENI,RENUKA,False,13,1,-3.95813,-11.916494,-15.424162
Sugar,2024-08-19,TRIVENI,DWARKESH,True,13,1,-4.1068554,-12.825691,-25.367908
Sugar,2024-08-19,TRIVENI,AVADHSUGAR,False,13,1,3.5711522,-7.9531255,-29.334587
Sugar,2024-08-19,TRIVENI,MAGADSUGAR,False,13,1,8.369743,-6.8067727,-16.068232
Sugar,2024-08-19,TRIVENI,UTTAMSUGAR,False,13,1,-0.9441972,-1.8848658,-23.809898
Sugar,2024-08-19,TRIVENI,KCPSUGIND,False,13,1,9.392511,-8.8650055,-12.577885
Sugar,2024-08-19,TRIVENI,DCMSRIND,False,13,1,-8.89864,-6.623256,-10.253662
Sugar,2024-11-20,EIDPARRY,BALRAMCHIN,True,13,1,2.5177593,-6.7387867,11.28763
Sugar,2024-11-20,EIDPARRY,TRIVENI,False,13,1,21.400202,17.193764,32.229267
Sugar,2024-11-20,EIDPARRY,DALBHARAT,True,13,1,0.08188486,12.847979,23.85565
Sugar,2024-11-20,EIDPARRY,DHAMPURSUG,False,13,1,-7.202852,-7.0887203,-6.6827655
Sugar,2024-11-20,EIDPARRY,BAJAJHIND,False,13,1,-4.9648523,-13.324427,-20.970392
Sugar,2024-11-20,EIDPARRY,RENUKA,False,13,1,-5.817747,-9.358721,-14.853073
Sugar,2024-11-20,EIDPARRY,DWARKESH,False,13,1,-9.129847,-19.575935,-18.593126
Sugar,2024-11-20,EIDPARRY,AVADHSUGAR,False,13,1,-9.300131,-19.43965,4.5846043
Sugar,2024-11-20,EIDPARRY,MAGADSUGAR,False,13,1,-2.3329854,-13.031834,19.179832
Sugar,2024-11-20,EIDPARRY,UTTAMSUGAR,False,13,1,-11.868996,-18.523735,17.89286
Sugar,2024-11-20,EIDPARRY,KCPSUGIND,False,13,1,1.3146639,-6.564045,-7.5246806
Sugar,2024-11-20,EIDPARRY,DCMSRIND,True,13,1,0.80821514,-1.4465332,6.508565
Sugar,2025-04-21,AVADHSUGAR,BALRAMCHIN,False,13,1,-6.6085577,-0.6713276,-23.731976
Sugar,2025-04-21,AVADHSUGAR,TRIVENI,True,13,1,3.4362793,-19.618357,-19.535976
Sugar,2025-04-21,AVADHSUGAR,EIDPARRY,False,13,1,11.596525,25.847971,12.545454
Sugar,2025-04-21,AVADHSUGAR,DALBHARAT,True,13,1,3.1980395,2.8167133,7.663
Sugar,2025-04-21,AVADHSUGAR,DHAMPURSUG,False,13,1,7.713175,8.221567,0.5750179
Sugar,2025-04-21,AVADHSUGAR,BAJAJHIND,False,13,1,9.738958,27.13547,3.4285908
Sugar,2025-04-21,AVADHSUGAR,RENUKA,False,13,1,7.0263023,-0.13475418,-4.43021
Sugar,2025-04-21,AVADHSUGAR,DWARKESH,False,13,1,7.428587,5.145836,-0.35104704
Sugar,2025-04-21,AVADHSUGAR,MAGADSUGAR,False,13,1,3.1114101,-15.689021,-24.051601
Sugar,2025-04-21,AVADHSUGAR,UTTAMSUGAR,False,13,1,5.175125,-10.508704,-19.919895
Sugar,2025-04-21,AVADHSUGAR,KCPSUGIND,False,13,1,0.58926344,-14.985376,-21.569157
Sugar,2025-04-21,AVADHSUGAR,DCMSRIND,True,13,1,-1.1397839,-14.170093,-15.003097
Sugar,2025-06-25,EIDPARRY,BALRAMCHIN,True,13,2,-0.61798096,-16.54591,-20.028168
Sugar,2025-06-25,EIDPARRY,DALBHARAT,True,13,2,6.188404,13.179541,5.569297
Sugar,2025-06-25,EIDPARRY,DHAMPURSUG,False,13,2,-9.052306,-11.74531,-10.983055
Sugar,2025-06-25,EIDPARRY,BAJAJHIND,False,13,2,4.0144563,-11.430973,-13.707542
Sugar,2025-06-25,EIDPARRY,RENUKA,False,13,2,-6.960976,-4.3705225,-13.774836
Sugar,2025-06-25,EIDPARRY,DWARKESH,False,13,2,-8.217203,-15.314543,-13.8134
Sugar,2025-06-25,EIDPARRY,AVADHSUGAR,False,13,2,-9.929389,-14.853311,-19.492699
Sugar,2025-06-25,EIDPARRY,MAGADSUGAR,False,13,2,-13.081628,-15.751028,-16.781282
Sugar,2025-06-25,EIDPARRY,UTTAMSUGAR,False,13,2,-11.104071,-14.13331,-12.595827
Sugar,2025-06-25,EIDPARRY,KCPSUGIND,True,13,2,-6.974596,-11.105591,-21.854156
Sugar,2025-06-25,EIDPARRY,DCMSRIND,True,13,2,1.4826298,-2.1881819,3.549069
Sugar,2025-12-22,TRIVENI,BALRAMCHIN,True,13,1,-1.9581974,24.180538,36.327225
Sugar,2025-12-22,TRIVENI,EIDPARRY,True,13,1,-6.605136,-8.772594,-26.446104
Sugar,2025-12-22,TRIVENI,DALBHARAT,True,13,1,14.626831,12.839079,-7.9437494
Sugar,2025-12-22,TRIVENI,DHAMPURSUG,True,13,1,-3.9804757,6.7074833,35.265892
Sugar,2025-12-22,TRIVENI,BAJAJHIND,True,13,1,-1.5696824,-5.3783836,6.531066
Sugar,2025-12-22,TRIVENI,RENUKA,True,13,1,-1.3647616,-0.529438,-8.96632
Sugar,2025-12-22,TRIVENI,DWARKESH,True,13,1,-3.5721004,7.0583997,45.78575
Sugar,2025-12-22,TRIVENI,AVADHSUGAR,True,13,1,-10.511696,27.739042,44.127098
Sugar,2025-12-22,TRIVENI,MAGADSUGAR,True,13,1,-8.894849,-4.4386444,-2.1400216
Sugar,2025-12-22,TRIVENI,UTTAMSUGAR,True,13,1,-13.484769,-18.909294,-3.6179125
Sugar,2025-12-22,TRIVENI,DCMSRIND,True,13,1,-69.23991,-66.86113,-72.346725
Sugar,2026-03-03,AVADHSUGAR,BALRAMCHIN,True,13,1,28.900166,14.901376,38.04685
Sugar,2026-03-03,AVADHSUGAR,TRIVENI,True,13,1,18.81345,-3.2869935,-36.99528
Sugar,2026-03-03,AVADHSUGAR,EIDPARRY,True,13,1,2.3332357,-20.496433,-24.263561
Sugar,2026-03-03,AVADHSUGAR,DALBHARAT,True,13,1,4.6417656,-16.601246,-19.56665
Sugar,2026-03-03,AVADHSUGAR,DHAMPURSUG,True,13,1,33.905155,24.496815,40.827156
Sugar,2026-03-03,AVADHSUGAR,BAJAJHIND,False,13,1,18.755787,13.91027,4.714406
Sugar,2026-03-03,AVADHSUGAR,RENUKA,True,13,1,38.885887,1.4625902,-4.1011686
Sugar,2026-03-03,AVADHSUGAR,DWARKESH,True,13,1,62.315018,41.296078,38.415493
Sugar,2026-03-03,AVADHSUGAR,MAGADSUGAR,True,13,1,29.157906,7.1474075,26.117016
Sugar,2026-03-03,AVADHSUGAR,UTTAMSUGAR,False,13,1,56.4442,31.227444,52.449657
Sugar,2026-03-03,AVADHSUGAR,KCPSUGIND,True,13,1,16.349346,4.295635,30.174591
Sugar,2026-03-03,AVADHSUGAR,DCMSRIND,False,13,1,10.027993,9.41211,29.38832
Sugar,2026-04-30,DHAMPURSUG,BALRAMCHIN,True,13,1,-1.1031866,13.009071,
Sugar,2026-04-30,DHAMPURSUG,TRIVENI,False,13,1,-10.306197,-41.106575,
Sugar,2026-04-30,DHAMPURSUG,EIDPARRY,True,13,1,-14.778686,-14.65292,
Sugar,2026-04-30,DHAMPURSUG,DALBHARAT,True,13,1,-8.849925,-7.306427,
Sugar,2026-04-30,DHAMPURSUG,BAJAJHIND,False,13,1,-9.576809,-22.092808,
Sugar,2026-04-30,DHAMPURSUG,RENUKA,False,13,1,-20.202953,-28.018892,
Sugar,2026-04-30,DHAMPURSUG,DWARKESH,False,13,1,-3.182137,-6.7444444,
Sugar,2026-04-30,DHAMPURSUG,AVADHSUGAR,False,13,1,-10.933125,5.8315396,
Sugar,2026-04-30,DHAMPURSUG,MAGADSUGAR,False,13,1,-11.418176,-8.03681,
Sugar,2026-04-30,DHAMPURSUG,UTTAMSUGAR,False,13,1,-9.908045,-15.474766,
Sugar,2026-04-30,DHAMPURSUG,KCPSUGIND,True,13,1,-10.890633,-14.237261,
Sugar,2026-04-30,DHAMPURSUG,DCMSRIND,False,13,1,-4.5803366,-3.6631346,
Sugar,2026-07-01,TRIVENI,BALRAMCHIN,True,13,1,10.752165,20.901596,
Sugar,2026-07-01,TRIVENI,EIDPARRY,True,13,1,7.725334,-5.722642,
Sugar,2026-07-01,TRIVENI,DALBHARAT,True,13,1,6.33415,-0.98398924,
Sugar,2026-07-01,TRIVENI,DHAMPURSUG,True,13,1,-2.4787962,16.8638,
Sugar,2026-07-01,TRIVENI,BAJAJHIND,True,13,1,-4.9111786,12.698103,
Sugar,2026-07-01,TRIVENI,RENUKA,False,13,1,-5.516571,-2.864027,
Sugar,2026-07-01,TRIVENI,DWARKESH,False,13,1,-13.186687,-7.0287647,
Sugar,2026-07-01,TRIVENI,AVADHSUGAR,True,13,1,7.229793,44.03609,
Sugar,2026-07-01,TRIVENI,MAGADSUGAR,True,13,1,3.225696,6.7507625,
Sugar,2026-07-01,TRIVENI,UTTAMSUGAR,True,13,1,-4.7881546,11.363745,
Sugar,2026-07-01,TRIVENI,KCPSUGIND,True,13,1,47.994473,31.631756,
Sugar,2026-07-01,TRIVENI,DCMSRIND,False,13,1,3.8316727,-3.2479763,
Tea & Coffee,2022-04-07,JAYSREETEA,TATACONSUM,True,5,1,0.69461465,2.7255,0.649786
Tea & Coffee,2022-04-07,JAYSREETEA,CCL,False,5,1,-3.5856128,9.055882,28.137798
Tea & Coffee,2022-04-07,JAYSREETEA,MCLEODRUSS,False,5,1,-10.410368,-2.2468567,15.5729
Tea & Coffee,2022-04-07,JAYSREETEA,ROSSELLIND,False,5,1,-2.060348,1.6594467,31.996696
Tea & Coffee,2022-07-29,ROSSELLIND,TATACONSUM,True,5,1,-7.059473,-14.046037,-19.25825
Tea & Coffee,2022-07-29,ROSSELLIND,CCL,False,5,1,0.7620096,-0.6498928,8.830177
Tea & Coffee,2022-07-29,ROSSELLIND,MCLEODRUSS,False,5,1,0.05247593,16.465534,6.3422546
Tea & Coffee,2022-07-29,ROSSELLIND,JAYSREETEA,False,5,1,4.53124,-1.4485474,-0.09758568
Tea & Coffee,2022-11-14,ROSSELLIND,TATACONSUM,True,5,1,2.3164153,-1.1549175,-3.9746583
Tea & Coffee,2022-11-14,ROSSELLIND,CCL,True,5,1,0.37716627,12.072737,15.661
Tea & Coffee,2022-11-14,ROSSELLIND,MCLEODRUSS,False,5,1,4.0634513,-12.757635,-30.99472
Tea & Coffee,2022-11-14,ROSSELLIND,JAYSREETEA,True,5,1,-2.8925896,-4.171324,-11.897695
Tea & Coffee,2023-04-27,TATACONSUM,CCL,True,5,1,-2.1391034,-15.655947,-26.247488
Tea & Coffee,2023-04-27,TATACONSUM,MCLEODRUSS,False,5,1,-7.6386747,-29.446835,-38.103497
Tea & Coffee,2023-04-27,TATACONSUM,JAYSREETEA,True,5,1,-3.0734897,-16.092323,-14.121721
Tea & Coffee,2023-04-27,TATACONSUM,ROSSELLIND,False,5,1,12.307835,52.18866,80.82002
Tea & Coffee,2023-07-11,ROSSELLIND,CCL,True,5,3,-23.134874,-23.549807,-37.66999
Tea & Coffee,2023-07-11,ROSSELLIND,MCLEODRUSS,True,5,3,-13.545525,-9.797239,10.313915
Tea & Coffee,2023-09-07,ROSSELLIND,TATACONSUM,True,5,3,0.31613111,6.2002783,13.107468
Tea & Coffee,2023-09-07,ROSSELLIND,CCL,True,5,3,-0.5705476,-3.3472776,-25.239895
Tea & Coffee,2023-12-12,MCLEODRUSS,TATACONSUM,True,5,1,9.382223,14.790105,3.5394783
Tea & Coffee,2023-12-12,MCLEODRUSS,CCL,True,5,1,-9.2302685,-14.803278,-23.911594
Tea & Coffee,2023-12-12,MCLEODRUSS,JAYSREETEA,False,5,1,2.1126752,4.621793,-14.528561
Tea & Coffee,2023-12-12,MCLEODRUSS,ROSSELLIND,False,5,1,-10.526591,-20.187534,-18.761879
Tea & Coffee,2024-02-20,MCLEODRUSS,TATACONSUM,True,5,1,13.623298,-2.8608859,-5.5455685
Tea & Coffee,2024-02-20,MCLEODRUSS,CCL,True,5,1,-1.5250797,-13.195622,-14.031971
Tea & Coffee,2024-02-20,MCLEODRUSS,JAYSREETEA,False,5,1,-11.703508,-16.326786,-15.103465
Tea & Coffee,2024-02-20,MCLEODRUSS,ROSSELLIND,True,5,1,-9.924692,-2.8639019,10.480893
Tea & Coffee,2024-06-17,MCLEODRUSS,TATACONSUM,True,5,1,-2.5903702,-2.731979,-24.256313
Tea & Coffee,2024-06-17,MCLEODRUSS,CCL,True,5,1,-6.649494,13.306892,22.293224
Tea & Coffee,2024-06-17,MCLEODRUSS,JAYSREETEA,True,5,1,3.4539456,10.166252,40.150368
Tea & Coffee,2024-06-17,MCLEODRUSS,ROSSELLIND,False,5,1,12.189161,3.3485298,-93.271614
Tea & Coffee,2024-09-04,CCL,TATACONSUM,True,5,1,-1.7560244,-18.116909,-1.2939568
Tea & Coffee,2024-09-04,CCL,MCLEODRUSS,False,5,1,35.82828,52.328693,76.686935
Tea & Coffee,2024-09-04,CCL,JAYSREETEA,False,5,1,32.59114,19.20676,1.9785585
Tea & Coffee,2024-09-04,CCL,ROSSELLIND,False,5,1,-82.08552,-83.23774,-72.15982
Tea & Coffee,2024-12-04,MCLEODRUSS,TATACONSUM,False,5,1,-2.9802263,21.902763,20.167606
Tea & Coffee,2024-12-04,MCLEODRUSS,CCL,True,5,1,-7.488489,-8.817434,16.185158
Tea & Coffee,2024-12-04,MCLEODRUSS,JAYSREETEA,False,5,1,-8.521271,-13.670872,-17.387497
Tea & Coffee,2025-04-04,TATACONSUM,CCL,True,5,1,30.972876,44.153343,43.156063
Tea & Coffee,2025-04-04,TATACONSUM,MCLEODRUSS,False,5,1,-17.170906,-28.49226,-12.03649
Tea & Coffee,2025-04-04,TATACONSUM,JAYSREETEA,False,5,1,-1.2377918,4.7397366,-11.040985
Tea & Coffee,2025-04-04,TATACONSUM,ROSSELLIND,False,5,1,-9.762984,-19.83502,-22.861546
Tea & Coffee,2025-06-06,JAYSREETEA,TATACONSUM,True,5,1,-4.6477914,-0.2763033,8.571184
Tea & Coffee,2025-06-06,JAYSREETEA,CCL,False,5,1,-1.3153791,6.5383077,19.1357
Tea & Coffee,2025-06-06,JAYSREETEA,MCLEODRUSS,False,5,1,-2.9790282,8.572329,61.16706
Tea & Coffee,2025-06-06,JAYSREETEA,ROSSELLIND,False,5,1,5.2043915,1.9897819,-11.380738
Tea & Coffee,2025-10-07,MCLEODRUSS,TATACONSUM,True,5,1,4.5438886,10.21859,17.606503
Tea & Coffee,2025-10-07,MCLEODRUSS,CCL,True,5,1,3.520298,16.162247,46.367146
Tea & Coffee,2025-10-07,MCLEODRUSS,JAYSREETEA,True,5,1,-2.6830733,-5.8559237,-4.9996853
Tea & Coffee,2026-05-11,TATACONSUM,CCL,True,5,1,8.925379,0.3958583,
Tea & Coffee,2026-05-11,TATACONSUM,MCLEODRUSS,False,5,1,22.599422,-14.45616,
Tea & Coffee,2026-05-11,TATACONSUM,JAYSREETEA,False,5,1,-9.390813,-15.971882,
Tea & Coffee,2026-05-11,TATACONSUM,ROSSELLIND,False,5,1,-3.9495707,-3.637445,
Tea & Coffee,2026-08-20,JAYSREETEA,TATACONSUM,True,5,1,-2.4012864,,
Tea & Coffee,2026-08-20,JAYSREETEA,CCL,True,5,1,-2.8721154,,
Tea & Coffee,2026-08-20,JAYSREETEA,MCLEODRUSS,False,5,1,-13.843816,,
Edible Oil,2022-04-19,GOKULAGRO,AWL,False,3,1,-3.5019703,4.659706,6.4074993
Edible Oil,2022-04-19,GOKULAGRO,BCLIND,False,3,1,-2.8062887,-3.1753788,-24.925386
Edible Oil,2022-09-21,AWL,GOKULAGRO,True,3,1,23.57396,38.428032,26.903618
Edible Oil,2022-09-21,AWL,BCLIND,True,3,1,-2.2943554,11.112261,41.582382
Edible Oil,2022-11-29,BCLIND,AWL,False,3,1,-9.648615,-31.040264,-40.433323
Edible Oil,2022-11-29,BCLIND,GOKULAGRO,False,3,1,9.521162,5.721795,-11.345036
Edible Oil,2023-06-08,BCLIND,AWL,False,3,1,-10.937887,-33.410805,-52.65499
Edible Oil,2023-06-08,BCLIND,GOKULAGRO,True,3,1,1.4094114,-7.559347,-6.1422462
Edible Oil,2023-09-14,BCLIND,AWL,True,3,1,-3.6340654,1.6112323,-11.614145
Edible Oil,2023-09-14,BCLIND,GOKULAGRO,True,3,1,-3.35024,-2.8173685,-26.627613
Edible Oil,2023-12-06,AWL,GOKULAGRO,True,3,1,-7.5198946,-21.377247,-6.622303
Edible Oil,2023-12-06,AWL,BCLIND,False,3,1,-14.117289,1.3786316,-36.553806
Edible Oil,2024-02-26,AWL,GOKULAGRO,True,3,1,3.9352593,24.909937,66.86194
Edible Oil,2024-02-26,AWL,BCLIND,False,3,1,-14.9926195,-31.681192,-35.64691
Edible Oil,2024-04-29,GOKULAGRO,AWL,True,3,1,4.1477976,-11.44272,-15.087461
Edible Oil,2024-04-29,GOKULAGRO,BCLIND,False,3,1,-10.905057,-3.8743496,-11.572266
Edible Oil,2024-07-22,BCLIND,AWL,True,3,1,8.476305,-2.910626,-2.6037574
Edible Oil,2024-07-22,BCLIND,GOKULAGRO,False,3,1,29.109299,51.452984,113.715775
Edible Oil,2024-09-18,BCLIND,AWL,True,3,2,-6.364608,-13.758867,-6.2650623
Edible Oil,2025-06-05,GOKULAGRO,AWL,True,3,1,-5.7966766,-4.5200825,5.294013
Edible Oil,2025-06-05,GOKULAGRO,BCLIND,True,3,1,-4.1273775,-3.232384,-15.108223
Edible Oil,2025-09-15,GOKULAGRO,AWL,True,3,1,6.494999,2.2626638,-19.437973
Edible Oil,2025-09-15,GOKULAGRO,BCLIND,True,3,1,-1.5801849,-14.67663,-19.841564
Edible Oil,2026-04-06,BCLIND,AWL,False,3,1,0.55133057,-15.775752,-18.683075
Edible Oil,2026-04-06,BCLIND,GOKULAGRO,True,3,1,6.5911884,-8.797789,-7.846058
Dairy,2022-08-02,DODLA,HERITGFOOD,True,4,1,10.832977,3.782618,16.235065
Dairy,2022-08-02,DODLA,PARAGMILK,False,4,1,12.241877,10.661232,0.23977757
Dairy,2022-08-02,DODLA,HATSUN,True,4,1,-4.6587586,-16.312445,-23.876106
Dairy,2023-05-12,PARAGMILK,HERITGFOOD,False,4,1,6.53224,16.842354,-12.508691
Dairy,2023-05-12,PARAGMILK,DODLA,True,4,1,3.1881094,37.10978,22.821833
Dairy,2023-05-12,PARAGMILK,HATSUN,True,4,1,-1.254797,-0.95259094,8.772385
Dairy,2023-07-20,"DODLA,HATSUN",HERITGFOOD,False,4,3,-3.0928016,-19.270039,-15.531634
Dairy,2023-12-11,PARAGMILK,HERITGFOOD,False,4,1,19.43208,29.96259,39.81515
Dairy,2023-12-11,PARAGMILK,DODLA,True,4,1,4.6363115,8.51028,-5.558323
Dairy,2023-12-11,PARAGMILK,HATSUN,True,4,1,-1.2361169,-7.3822856,-23.581766
Dairy,2024-02-12,PARAGMILK,HERITGFOOD,False,4,1,6.4847827,0.54205656,53.54207
Dairy,2024-02-12,PARAGMILK,DODLA,False,4,1,-6.2489147,-6.5501156,11.498867
Dairy,2024-02-12,PARAGMILK,HATSUN,True,4,1,1.1398137,-10.975636,-11.748624
Dairy,2024-05-30,HERITGFOOD,PARAGMILK,False,4,1,-4.8160677,6.8538322,24.34311
Dairy,2024-05-30,HERITGFOOD,DODLA,True,4,1,3.6533585,30.081299,29.554379
Dairy,2024-05-30,HERITGFOOD,HATSUN,True,4,1,-7.3594575,16.946545,1.3120298
Dairy,2024-10-03,PARAGMILK,HERITGFOOD,True,4,1,-10.575431,-20.146507,-16.781605
Dairy,2024-10-03,PARAGMILK,DODLA,True,4,1,4.632181,4.9078226,17.249172
Dairy,2024-10-03,PARAGMILK,HATSUN,True,4,1,-1.2577775,-7.8173223,5.451393
Dairy,2025-05-05,PARAGMILK,HERITGFOOD,True,4,1,-2.7955532,7.2135334,9.94376
Dairy,2025-05-05,PARAGMILK,DODLA,True,4,1,7.118285,10.498978,9.601582
Dairy,2025-05-05,PARAGMILK,HATSUN,True,4,1,0.43854713,-7.3104854,-8.717978
Dairy,2025-06-30,HERITGFOOD,PARAGMILK,False,4,2,14.277256,27.22419,44.442017
Dairy,2025-06-30,HERITGFOOD,HATSUN,True,4,2,-3.177154,-5.240589,6.691181
Dairy,2025-09-15,PARAGMILK,HERITGFOOD,True,4,1,1.4765859,2.1221757,-24.665379
Dairy,2025-09-15,PARAGMILK,DODLA,True,4,1,-6.56808,-7.3682127,-9.448343
Dairy,2025-09-15,PARAGMILK,HATSUN,True,4,1,-1.6358018,17.074919,7.09694
Dairy,2025-11-12,PARAGMILK,HERITGFOOD,True,4,2,2.3084285,-16.976463,-22.757185
Dairy,2025-11-12,PARAGMILK,DODLA,True,4,2,6.192154,5.874729,-6.689823
Dairy,2026-08-24,HATSUN,HERITGFOOD,True,4,1,14.790236,,
Dairy,2026-08-24,HATSUN,PARAGMILK,True,4,1,13.950574,,
Dairy,2026-08-24,HATSUN,DODLA,True,4,1,-6.5912366,,
Seafood / Shrimp,2022-08-02,"AVANTIFEED,APEX",WATERBASE,True,4,2,-10.9236,-15.123808,-24.108643
Seafood / Shrimp,2022-08-02,"AVANTIFEED,APEX",COASTCORP,False,4,2,-2.9417992,-19.059479,-45.40404
Seafood / Shrimp,2023-05-30,AVANTIFEED,APEX,True,4,1,-3.479588,-11.644209,-24.683344
Seafood / Shrimp,2023-05-30,AVANTIFEED,WATERBASE,False,4,1,0.4310727,-7.3485374,
Seafood / Shrimp,2023-05-30,AVANTIFEED,COASTCORP,False,4,1,-4.835367,17.976547,-8.22327
Seafood / Shrimp,2023-09-05,APEX,AVANTIFEED,True,4,1,0.21367073,-17.49267,-13.998388
Seafood / Shrimp,2023-09-05,APEX,WATERBASE,True,4,1,-6.9083333,,
Seafood / Shrimp,2023-09-05,APEX,COASTCORP,False,4,1,-8.863473,-19.495224,-23.277746
Seafood / Shrimp,2024-01-03,COASTCORP,AVANTIFEED,True,4,1,8.849847,14.796644,30.364012
Seafood / Shrimp,2024-01-03,COASTCORP,APEX,True,4,1,1.5648718,-14.738297,-16.815186
Seafood / Shrimp,2024-06-07,AVANTIFEED,APEX,True,4,1,-11.746359,-5.604971,-8.0055
Seafood / Shrimp,2024-06-07,AVANTIFEED,COASTCORP,True,4,1,0.61567974,-7.1630363,-14.615017
Seafood / Shrimp,2024-12-16,APEX,AVANTIFEED,True,4,1,0.09087372,46.906197,21.96719
Seafood / Shrimp,2024-12-16,APEX,COASTCORP,True,4,1,0.831193,-59.78904,-75.53012
Seafood / Shrimp,2025-03-05,AVANTIFEED,APEX,False,4,1,-8.610857,-14.381969,-18.106115
Seafood / Shrimp,2025-03-05,AVANTIFEED,COASTCORP,False,4,1,-23.29204,-33.255924,-49.64751
Seafood / Shrimp,2025-10-23,COASTCORP,AVANTIFEED,True,4,1,18.784988,16.563183,90.72709
Seafood / Shrimp,2025-10-23,COASTCORP,APEX,True,4,1,13.869298,17.374294,66.80703
Seafood / Shrimp,2026-02-04,"AVANTIFEED,APEX",COASTCORP,True,4,2,-12.8483305,7.3262873,-7.4539185
Seafood / Shrimp,2026-04-27,COASTCORP,AVANTIFEED,False,4,1,-6.902188,-35.11984,
Seafood / Shrimp,2026-04-27,COASTCORP,APEX,False,4,1,-3.921777,-20.290422,
Poultry & Feed,2022-04-04,GODREJAGRO,VENKEYS,False,2,1,-4.8925457,-3.7703514,-11.876965
Poultry & Feed,2022-08-01,VENKEYS,GODREJAGRO,True,2,1,-3.8115382,-6.7356706,-20.189457
Poultry & Feed,2023-07-03,GODREJAGRO,VENKEYS,True,2,1,13.859857,1.5082111,-16.164446
Poultry & Feed,2023-12-13,GODREJAGRO,VENKEYS,True,2,1,-5.482185,-17.804604,-22.621483
Poultry & Feed,2024-06-18,GODREJAGRO,VENKEYS,True,2,1,-7.1852565,13.600575,-16.746897
Poultry & Feed,2025-07-23,GODREJAGRO,VENKEYS,True,2,1,-1.6461852,-3.8453164,13.20982
Poultry & Feed,2026-02-12,GODREJAGRO,VENKEYS,True,2,1,-7.946103,-0.02592802,-8.789754
Poultry & Feed,2026-08-17,GODREJAGRO,VENKEYS,True,2,1,21.985722,,
Alcohol (Spirits),2022-07-11,TI,RADICO,True,7,1,-5.2673635,5.730296,-6.959116
Alcohol (Spirits),2022-07-11,TI,GLOBUSSPR,False,7,1,-13.1973095,-26.561165,-30.657701
Alcohol (Spirits),2022-07-11,TI,SDBL,False,7,1,34.594143,79.415,50.620674
Alcohol (Spirits),2022-09-19,TI,RADICO,False,7,1,0.749141,0.39447546,20.540695
Alcohol (Spirits),2022-09-19,TI,GLOBUSSPR,True,7,1,0.08108616,4.369271,5.3991017
Alcohol (Spirits),2022-09-19,TI,SDBL,False,7,1,37.196922,39.106346,37.614937
Alcohol (Spirits),2022-11-24,SDBL,RADICO,True,7,1,-1.2021303,9.012753,0.007855892
Alcohol (Spirits),2022-11-24,SDBL,TI,False,7,1,-1.9070268,16.684193,33.00963
Alcohol (Spirits),2022-11-24,SDBL,GLOBUSSPR,True,7,1,2.0000637,-4.6256304,2.7244453
Alcohol (Spirits),2023-03-09,SDBL,RADICO,True,7,1,-6.446588,-16.575455,-32.338463
Alcohol (Spirits),2023-03-09,SDBL,TI,False,7,1,10.755193,40.23391,86.900505
Alcohol (Spirits),2023-03-09,SDBL,GLOBUSSPR,True,7,1,-0.33255816,12.748278,-23.768044
Alcohol (Spirits),2023-05-17,GLOBUSSPR,RADICO,True,7,2,-1.1155009,3.3692589,-15.839647
Alcohol (Spirits),2023-05-17,GLOBUSSPR,SDBL,False,7,2,30.80187,54.392944,46.781525
Alcohol (Spirits),2023-08-09,TI,RADICO,True,7,1,-12.013358,-15.856976,-6.900526
Alcohol (Spirits),2023-08-09,TI,GLOBUSSPR,False,7,1,-21.510649,-29.662794,-51.244415
Alcohol (Spirits),2023-08-09,TI,SDBL,False,7,1,-1.3952136,-5.034894,-37.66916
Alcohol (Spirits),2023-11-06,TI,RADICO,True,7,1,19.392597,1.9946918,18.086517
Alcohol (Spirits),2023-11-06,TI,GLOBUSSPR,False,7,1,-7.7649474,-25.668156,-31.534489
Alcohol (Spirits),2023-11-06,TI,SDBL,False,7,1,-16.335165,-37.355907,-19.920195
Alcohol (Spirits),2024-04-08,SDBL,RADICO,True,7,1,3.1742096,-5.647409,6.8757763
Alcohol (Spirits),2024-04-08,SDBL,TI,False,7,1,11.494328,9.158778,26.62872
Alcohol (Spirits),2024-04-08,SDBL,GLOBUSSPR,True,7,1,-4.705441,-16.920572,40.350246
Alcohol (Spirits),2024-06-06,TI,RADICO,True,7,1,-11.359251,-11.176777,23.523499
Alcohol (Spirits),2024-06-06,TI,GLOBUSSPR,True,7,1,1.450861,6.001091,1.299345
Alcohol (Spirits),2024-06-06,TI,SDBL,False,7,1,-19.365341,-33.882896,-30.126894
Alcohol (Spirits),2024-08-30,"RADICO,GLOBUSSPR",UNITDSPR,True,7,2,7.178271,6.0438156,6.229496
Alcohol (Spirits),2024-08-30,"RADICO,GLOBUSSPR",TI,True,7,2,5.082941,37.559605,9.766519
Alcohol (Spirits),2024-08-30,"RADICO,GLOBUSSPR",SDBL,True,7,2,0.8829236,-4.7620416,13.368338
Alcohol (Spirits),2024-08-30,"RADICO,GLOBUSSPR",ABDL,False,7,2,-6.2888207,-6.717521,8.721607
Alcohol (Spirits),2024-11-05,TI,UNITDSPR,True,7,1,2.578926,7.888961,17.58064
Alcohol (Spirits),2024-11-05,TI,RADICO,False,7,1,-4.9180984,-0.8344822,8.855141
Alcohol (Spirits),2024-11-05,TI,GLOBUSSPR,False,7,1,-17.833157,-13.399374,12.084925
Alcohol (Spirits),2024-11-05,TI,SDBL,True,7,1,-1.5969038,5.9713545,37.23464
Alcohol (Spirits),2024-11-05,TI,ABDL,True,7,1,3.4977198,26.683014,4.362726
Alcohol (Spirits),2025-03-17,SDBL,UNITDSPR,False,7,1,2.4200191,-10.844421,-24.587477
Alcohol (Spirits),2025-03-17,SDBL,RADICO,False,7,1,1.350915,-2.4649372,5.974161
Alcohol (Spirits),2025-03-17,SDBL,TI,False,7,1,-0.78743744,44.28038,81.3973
Alcohol (Spirits),2025-03-17,SDBL,GLOBUSSPR,False,7,1,11.06255,-10.324085,-3.4539223
Alcohol (Spirits),2025-03-17,SDBL,ABDL,False,7,1,-6.846214,18.923819,42.53122
Alcohol (Spirits),2025-06-04,RADICO,UNITDSPR,True,7,2,-15.636402,-15.313582,-6.9819565
Alcohol (Spirits),2025-06-04,RADICO,GLOBUSSPR,True,7,2,-8.637512,21.444254,7.036167
Alcohol (Spirits),2025-06-04,RADICO,SDBL,False,7,2,8.726824,-0.463444,-16.20027
Alcohol (Spirits),2025-06-04,RADICO,ABDL,False,7,2,2.0703793,27.025501,70.18388
Alcohol (Spirits),2025-08-01,RADICO,UNITDSPR,True,7,3,0.7314682,2.083552,9.681255
Alcohol (Spirits),2025-08-01,RADICO,SDBL,False,7,3,-5.9636354,-14.869053,-28.324518
Alcohol (Spirits),2025-08-01,RADICO,PICCADIL,False,7,3,-4.50148,0.5957246,4.324818
Alcohol (Spirits),2025-08-01,RADICO,ABDL,False,7,3,-0.8016169,29.161835,-1.3785534
Alcohol (Spirits),2025-10-23,ABDL,UNITDSPR,True,7,1,7.183969,6.3037395,7.1975293
Alcohol (Spirits),2025-10-23,ABDL,RADICO,True,7,1,4.953158,-4.0201845,0.9067774
Alcohol (Spirits),2025-10-23,ABDL,TI,True,7,1,2.5829792,-9.144628,-7.7284393
Alcohol (Spirits),2025-10-23,ABDL,GLOBUSSPR,True,7,1,4.616189,-9.465474,-5.791933
Alcohol (Spirits),2025-10-23,ABDL,SDBL,True,7,1,-5.060363,-14.578467,-29.090132
Alcohol (Spirits),2025-10-23,ABDL,PICCADIL,False,7,1,-4.360694,-6.9994926,-11.842239
Alcohol (Spirits),2026-04-20,RADICO,UNITDSPR,True,7,1,1.2485504,-2.877593,0.081682205
Alcohol (Spirits),2026-04-20,RADICO,TI,True,7,1,-9.811598,-12.52309,9.681285
Alcohol (Spirits),2026-04-20,RADICO,GLOBUSSPR,True,7,1,-8.4026575,-11.029852,-22.907978
Alcohol (Spirits),2026-04-20,RADICO,SDBL,False,7,1,-1.800251,-29.84668,-23.156528
Alcohol (Spirits),2026-04-20,RADICO,PICCADIL,False,7,1,-2.815789,11.715615,-6.6941204
Alcohol (Spirits),2026-04-20,RADICO,ABDL,False,7,1,-10.693675,-2.6528358,9.875536
Alcohol (Spirits),2026-07-06,ABDL,UNITDSPR,True,7,1,6.574774,-0.18340349,
Alcohol (Spirits),2026-07-06,ABDL,RADICO,False,7,1,7.960475,9.698969,
Alcohol (Spirits),2026-07-06,ABDL,TI,True,7,1,1.6630769,23.981483,
Alcohol (Spirits),2026-07-06,ABDL,GLOBUSSPR,False,7,1,-3.120768,-10.692263,
Alcohol (Spirits),2026-07-06,ABDL,SDBL,False,7,1,3.8716316,18.61933,
Alcohol (Spirits),2026-07-06,ABDL,PICCADIL,True,7,1,11.693621,-9.662557,
Alcohol (Spirits),2026-09-24,ABDL,UNITDSPR,True,7,1,,,
Alcohol (Spirits),2026-09-24,ABDL,RADICO,True,7,1,,,
Alcohol (Spirits),2026-09-24,ABDL,TI,False,7,1,,,
Alcohol (Spirits),2026-09-24,ABDL,GLOBUSSPR,True,7,1,,,
Alcohol (Spirits),2026-09-24,ABDL,SDBL,True,7,1,,,
Alcohol (Spirits),2026-09-24,ABDL,PICCADIL,False,7,1,,,
Biscuits & Snacks,2023-02-02,BRITANNIA,BIKAJI,False,2,1,-2.6386735,-5.057204,-2.2310028
Biscuits & Snacks,2023-06-12,BIKAJI,BRITANNIA,True,2,1,-1.6517997,-26.336594,-28.565645
Biscuits & Snacks,2023-12-26,BRITANNIA,BIKAJI,True,2,1,-0.93865395,-8.59676,13.154388
Biscuits & Snacks,2024-05-06,BRITANNIA,BIKAJI,True,2,1,9.532244,19.010578,52.93173
Biscuits & Snacks,2024-08-07,BIKAJI,BRITANNIA,True,2,1,-3.148973,-1.1924088,-10.555405
Seeds & Agri-inputs,2026-05-19,DHANUKA,KNAGRI,False,2,1,0.66205263,-5.6142564,
Fertilisers,2022-04-01,GSFC,CHAMBLFERT,False,11,3,10.228146,-16.772587,-19.346363
Fertilisers,2022-04-01,GSFC,COROMANDEL,True,11,3,8.417332,29.210247,21.94915
Fertilisers,2022-04-01,GSFC,NFL,False,11,3,-2.0002246,-16.946964,-18.303524
Fertilisers,2022-04-01,GSFC,FACT,False,11,3,-10.223616,-15.825879,-17.624956
Fertilisers,2022-04-01,GSFC,DEEPAKFERT,False,11,3,26.828205,25.863003,51.466644
Fertilisers,2022-04-01,GSFC,MANGCHEFER,False,11,3,47.37754,46.31282,59.945656
Fertilisers,2022-04-01,GSFC,ZUARI,False,11,3,44.877007,18.234682,22.874405
Fertilisers,2022-08-03,DEEPAKFERT,CHAMBLFERT,False,11,1,0.8837819,-8.23983,-15.360469
Fertilisers,2022-08-03,DEEPAKFERT,COROMANDEL,True,11,1,-5.8069825,-12.541765,-26.177734
Fertilisers,2022-08-03,DEEPAKFERT,GSFC,False,11,1,-12.8178005,-33.2286,-34.295387
Fertilisers,2022-08-03,DEEPAKFERT,GNFC,False,11,1,-5.7397842,-11.126643,-32.968254
Fertilisers,2022-08-03,DEEPAKFERT,RCF,False,11,1,6.344461,10.920072,31.014692
Fertilisers,2022-08-03,DEEPAKFERT,NFL,False,11,1,4.800987,0.073993206,43.47737
Fertilisers,2022-08-03,DEEPAKFERT,FACT,False,11,1,3.5207868,-1.2282968,193.7067
Fertilisers,2022-08-03,DEEPAKFERT,PARADEEP,False,11,1,10.305059,23.081303,10.243475
Fertilisers,2022-08-03,DEEPAKFERT,MANGCHEFER,False,11,1,4.6310544,-2.8618574,-34.61203
Fertilisers,2022-08-03,DEEPAKFERT,ZUARI,True,11,1,15.274477,20.74405,-16.461325
Fertilisers,2022-10-20,DEEPAKFERT,CHAMBLFERT,True,11,1,-13.805168,-9.238153,-13.3007345
Fertilisers,2022-10-20,DEEPAKFERT,COROMANDEL,True,11,1,-7.7891707,-13.099849,-5.0649824
Fertilisers,2022-10-20,DEEPAKFERT,GSFC,False,11,1,-7.981181,5.2294607,-4.010129
Fertilisers,2022-10-20,DEEPAKFERT,GNFC,True,11,1,-23.17577,-23.693382,-27.024508
Fertilisers,2022-10-20,DEEPAKFERT,RCF,True,11,1,-1.4310479,22.989239,6.3527822
Fertilisers,2022-10-20,DEEPAKFERT,NFL,True,11,1,0.105917454,45.120598,75.344574
Fertilisers,2022-10-20,DEEPAKFERT,FACT,True,11,1,12.092686,193.90907,120.70503
Fertilisers,2022-10-20,DEEPAKFERT,PARADEEP,False,11,1,-15.4697895,-9.87801,-17.40318
Fertilisers,2022-10-20,DEEPAKFERT,MANGCHEFER,True,11,1,-38.054943,-36.828583,-3.6279082
Fertilisers,2022-10-20,DEEPAKFERT,ZUARI,False,11,1,-21.467478,-22.708946,-28.217506
Fertilisers,2022-12-15,"GSFC,RCF,NFL,FACT",CHAMBLFERT,True,11,4,0.29931068,0.25227642,-12.7061
Fertilisers,2022-12-15,"GSFC,RCF,NFL,FACT",COROMANDEL,True,11,4,-6.248355,3.1201897,-6.8130674
Fertilisers,2022-12-15,"GSFC,RCF,NFL,FACT",GNFC,True,11,4,-1.163888,-2.8228102,-8.292473
Fertilisers,2022-12-15,"GSFC,RCF,NFL,FACT",DEEPAKFERT,False,11,4,-10.5857315,-12.401039,-33.029854
Fertilisers,2022-12-15,"GSFC,RCF,NFL,FACT",PARADEEP,True,11,4,-0.266999,-5.891424,-14.261103
Fertilisers,2022-12-15,"GSFC,RCF,NFL,FACT",MANGCHEFER,False,11,4,-2.6196897,31.55551,20.15598
Fertilisers,2022-12-15,"GSFC,RCF,NFL,FACT",ZUARI,False,11,4,-4.251766,-4.595995,-13.880218
Fertilisers,2023-03-07,MANGCHEFER,CHAMBLFERT,True,11,1,-3.0274808,-13.499283,-43.287945
Fertilisers,2023-03-07,MANGCHEFER,COROMANDEL,True,11,1,-5.536151,-10.51501,-18.961681
Fertilisers,2023-03-07,MANGCHEFER,GSFC,True,11,1,-7.000768,15.028597,-4.0776367
Fertilisers,2023-03-07,MANGCHEFER,GNFC,True,11,1,-2.0259798,-2.710867,-31.299437
Fertilisers,2023-03-07,MANGCHEFER,RCF,False,11,1,0.032663345,-9.256697,-25.594627
Fertilisers,2023-03-07,MANGCHEFER,NFL,False,11,1,18.212795,-7.4689264,-27.01949
Fertilisers,2023-03-07,MANGCHEFER,FACT,False,11,1,-5.084878,35.524323,77.76131
Fertilisers,2023-03-07,MANGCHEFER,DEEPAKFERT,False,11,1,-10.364234,-27.91785,-45.8669
Fertilisers,2023-03-07,MANGCHEFER,PARADEEP,True,11,1,-4.1482806,-15.2634735,-8.550896
Fertilisers,2023-03-07,MANGCHEFER,ZUARI,False,11,1,-8.134031,-9.630239,-16.836859
Fertilisers,2023-05-03,GSFC,CHAMBLFERT,True,11,3,-8.307505,-22.560717,-36.889267
Fertilisers,2023-05-03,GSFC,COROMANDEL,True,11,3,-1.7944098,-11.019291,-9.593939
Fertilisers,2023-05-03,GSFC,RCF,True,11,3,-10.688561,-11.669684,-12.8067
Fertilisers,2023-05-03,GSFC,NFL,False,11,3,-20.90794,-28.23273,-36.8084
Fertilisers,2023-05-03,GSFC,DEEPAKFERT,True,11,3,-13.334239,-22.961712,-16.219353
Fertilisers,2023-05-03,GSFC,PARADEEP,True,11,3,-6.1035037,-1.0133991,-11.828039
Fertilisers,2023-05-03,GSFC,MANGCHEFER,False,11,3,-9.512007,-10.887385,-22.678814
Fertilisers,2023-05-03,GSFC,ZUARI,True,11,3,0.59856176,2.5117874,-18.116127
Fertilisers,2023-07-05,FACT,CHAMBLFERT,True,11,3,-4.5982003,-15.882665,-10.624348
Fertilisers,2023-07-05,FACT,COROMANDEL,True,11,3,2.0078778,3.1725292,2.1748676
Fertilisers,2023-07-05,FACT,GSFC,False,11,3,-5.545521,-9.927607,-0.71463394
Fertilisers,2023-07-05,FACT,GNFC,True,11,3,-7.3982716,-18.1899,-9.396278
Fertilisers,2023-07-05,FACT,RCF,True,11,3,-8.209258,-10.846602,-16.804443
Fertilisers,2023-07-05,FACT,NFL,True,11,3,-6.1070385,-13.656699,-23.390257
Fertilisers,2023-07-05,FACT,DEEPAKFERT,True,11,3,-8.302391,-0.43945312,-15.81794
Fertilisers,2023-07-05,FACT,ZUARI,True,11,3,-0.18644333,-9.636377,-16.658854
Fertilisers,2023-09-01,GNFC,CHAMBLFERT,True,11,1,-2.693665,1.1476278,8.056046
Fertilisers,2023-09-01,GNFC,COROMANDEL,True,11,1,1.2364745,-2.818501,-26.080364
Fertilisers,2023-09-01,GNFC,GSFC,True,11,1,-4.277563,-8.916712,3.4160976
Fertilisers,2023-09-01,GNFC,RCF,True,11,1,1.8768787,-13.605255,-13.969921
Fertilisers,2023-09-01,GNFC,NFL,True,11,1,5.343938,-10.989428,24.662102
Fertilisers,2023-09-01,GNFC,FACT,False,11,1,9.049857,28.230808,36.257996
Fertilisers,2023-09-01,GNFC,DEEPAKFERT,True,11,1,5.189574,-13.221484,-48.655766
Fertilisers,2023-09-01,GNFC,PARADEEP,True,11,1,-2.4952471,-19.123913,-19.601177
Fertilisers,2023-09-01,GNFC,MANGCHEFER,True,11,1,-5.6328773,-6.86298,-16.427551
Fertilisers,2023-09-01,GNFC,ZUARI,True,11,1,-5.2337885,-14.61286,13.811588
Fertilisers,2023-12-12,MANGCHEFER,CHAMBLFERT,False,11,1,4.3031573,-6.1502695,8.852089
Fertilisers,2023-12-12,MANGCHEFER,COROMANDEL,True,11,1,-13.551706,-23.919243,-11.924755
Fertilisers,2023-12-12,MANGCHEFER,GSFC,True,11,1,19.361973,-16.818642,-20.0953
Fertilisers,2023-12-12,MANGCHEFER,GNFC,True,11,1,-2.0900488,-24.450684,-23.114819
Fertilisers,2023-12-12,MANGCHEFER,RCF,False,11,1,-2.235663,-22.545815,-17.304241
Fertilisers,2023-12-12,MANGCHEFER,NFL,False,11,1,21.336542,18.642975,18.295433
Fertilisers,2023-12-12,MANGCHEFER,FACT,False,11,1,-6.41402,-15.227318,-21.763504
Fertilisers,2023-12-12,MANGCHEFER,DEEPAKFERT,True,11,1,-9.191108,-33.41388,-27.674274
Fertilisers,2023-12-12,MANGCHEFER,PARADEEP,True,11,1,5.9178586,-1.5305395,-16.876554
Fertilisers,2023-12-12,MANGCHEFER,ZUARI,False,11,1,6.0881143,9.666694,-7.925331
Fertilisers,2024-04-24,CHAMBLFERT,COROMANDEL,True,11,1,12.779223,32.004128,35.55951
Fertilisers,2024-04-24,CHAMBLFERT,GSFC,False,11,1,-12.392378,-12.639606,-32.18582
Fertilisers,2024-04-24,CHAMBLFERT,GNFC,True,11,1,-7.8777313,-17.077477,-22.957294
Fertilisers,2024-04-24,CHAMBLFERT,RCF,False,11,1,-3.1965554,38.678482,-4.7133083
Fertilisers,2024-04-24,CHAMBLFERT,NFL,False,11,1,-4.277861,32.387184,-3.91823
Fertilisers,2024-04-24,CHAMBLFERT,FACT,False,11,1,-2.8562903,42.945755,2.6431808
Fertilisers,2024-04-24,CHAMBLFERT,DEEPAKFERT,False,11,1,-9.926009,12.861717,67.52435
Fertilisers,2024-04-24,CHAMBLFERT,PARADEEP,True,11,1,-4.647785,12.039412,13.198793
Fertilisers,2024-04-24,CHAMBLFERT,MANGCHEFER,False,11,1,-4.8302293,-2.0715237,-1.8280258
Fertilisers,2024-04-24,CHAMBLFERT,ZUARI,False,11,1,-13.617349,-1.8822784,-16.113543
Fertilisers,2024-06-19,"CHAMBLFERT,RCF,NFL,FACT,DEEPAKFERT,PARADEEP",COROMANDEL,False,11,6,-5.2443504,-2.0082827,5.574642
Fertilisers,2024-06-19,"CHAMBLFERT,RCF,NFL,FACT,DEEPAKFERT,PARADEEP",GSFC,False,11,6,-0.88347197,-17.091465,-17.449516
Fertilisers,2024-06-19,"CHAMBLFERT,RCF,NFL,FACT,DEEPAKFERT,PARADEEP",GNFC,True,11,6,-7.4509916,-15.888285,-16.147226
Fertilisers,2024-06-19,"CHAMBLFERT,RCF,NFL,FACT,DEEPAKFERT,PARADEEP",MANGCHEFER,True,11,6,-0.44515133,-5.3831573,24.079357
Fertilisers,2024-06-19,"CHAMBLFERT,RCF,NFL,FACT,DEEPAKFERT,PARADEEP",ZUARI,False,11,6,3.088224,-16.633076,15.738106
Fertilisers,2024-10-29,DEEPAKFERT,CHAMBLFERT,True,11,1,3.7396908,10.541344,57.765465
Fertilisers,2024-10-29,DEEPAKFERT,COROMANDEL,True,11,1,6.904435,12.995326,47.163563
Fertilisers,2024-10-29,DEEPAKFERT,GSFC,True,11,1,-0.90032816,5.9901834,5.4778037
Fertilisers,2024-10-29,DEEPAKFERT,GNFC,True,11,1,-5.251217,-8.429778,-8.960968
Fertilisers,2024-10-29,DEEPAKFERT,RCF,False,11,1,4.4780254,10.277414,0.28938007
Fertilisers,2024-10-29,DEEPAKFERT,NFL,False,11,1,6.8626757,3.077352,-8.454191
Fertilisers,2024-10-29,DEEPAKFERT,FACT,False,11,1,2.1971464,20.799278,4.1025815
Fertilisers,2024-10-29,DEEPAKFERT,PARADEEP,True,11,1,7.6260805,34.891212,55.123
Fertilisers,2024-10-29,DEEPAKFERT,MANGCHEFER,True,11,1,13.764478,37.614178,69.86422
Fertilisers,2024-10-29,DEEPAKFERT,ZUARI,True,11,1,14.414823,11.807954,31.904762
Fertilisers,2025-02-07,CHAMBLFERT,COROMANDEL,True,11,1,6.368947,35.88455,39.853897
Fertilisers,2025-02-07,CHAMBLFERT,GSFC,True,11,1,-3.102809,-1.6360464,-2.6817024
Fertilisers,2025-02-07,CHAMBLFERT,GNFC,True,11,1,-0.7285652,-10.88025,-6.447488
Fertilisers,2025-02-07,CHAMBLFERT,RCF,True,11,1,-11.16162,-3.9789438,-2.873075
Fertilisers,2025-02-07,CHAMBLFERT,NFL,False,11,1,-9.671538,-9.149128,-6.3253164
Fertilisers,2025-02-07,CHAMBLFERT,FACT,False,11,1,-17.476906,-3.6037922,6.605053
Fertilisers,2025-02-07,CHAMBLFERT,DEEPAKFERT,False,11,1,5.6173744,14.790559,30.689775
Fertilisers,2025-02-07,CHAMBLFERT,PARADEEP,True,11,1,-1.7747278,43.36647,111.63387
Fertilisers,2025-02-07,CHAMBLFERT,MANGCHEFER,True,11,1,-3.7910452,43.98587,112.66723
Fertilisers,2025-02-07,CHAMBLFERT,ZUARI,False,11,1,0.694746,12.259388,62.395004
Fertilisers,2025-04-15,MANGCHEFER,CHAMBLFERT,False,11,1,-10.441738,-31.018364,-34.60809
Fertilisers,2025-04-15,MANGCHEFER,COROMANDEL,False,11,1,6.3347096,-9.248627,-7.215321
Fertilisers,2025-04-15,MANGCHEFER,GSFC,False,11,1,2.83289,-3.922844,-6.0921073
Fertilisers,2025-04-15,MANGCHEFER,GNFC,True,11,1,-3.4002304,-2.8330803,-10.383451
Fertilisers,2025-04-15,MANGCHEFER,RCF,False,11,1,5.65964,1.5526657,-0.019550323
Fertilisers,2025-04-15,MANGCHEFER,NFL,False,11,1,10.387968,6.8434124,3.327012
Fertilisers,2025-04-15,MANGCHEFER,FACT,False,11,1,23.293863,24.040379,21.619366
Fertilisers,2025-04-15,MANGCHEFER,DEEPAKFERT,False,11,1,0.24307966,10.995018,10.682618
Fertilisers,2025-04-15,MANGCHEFER,PARADEEP,False,11,1,11.894751,7.636654,30.775986
Fertilisers,2025-04-15,MANGCHEFER,ZUARI,True,11,1,-11.189968,-21.286362,11.988151
Fertilisers,2025-07-21,PARADEEP,CHAMBLFERT,False,11,1,3.6839962,-8.170092,-9.876366
Fertilisers,2025-07-21,PARADEEP,COROMANDEL,True,11,1,5.861759,-4.6024437,4.9214005
Fertilisers,2025-07-21,PARADEEP,GSFC,True,11,1,8.894467,-1.305002,-1.9724612
Fertilisers,2025-07-21,PARADEEP,GNFC,True,11,1,-1.03966,-5.301839,-3.7217555
Fertilisers,2025-07-21,PARADEEP,RCF,True,11,1,-0.028985977,0.6741643,-1.0480704
Fertilisers,2025-07-21,PARADEEP,NFL,False,11,1,-2.23003,0.7391989,-5.164909
Fertilisers,2025-07-21,PARADEEP,FACT,False,11,1,6.050372,-2.6666167,0.65100193
Fertilisers,2025-07-21,PARADEEP,DEEPAKFERT,False,11,1,-5.225915,-8.386898,-17.079807
Fertilisers,2025-07-21,PARADEEP,MANGCHEFER,False,11,1,19.081272,8.913713,
Fertilisers,2025-07-21,PARADEEP,ZUARI,True,11,1,62.654068,23.821623,51.35474
Fertilisers,2025-12-15,ZUARI,CHAMBLFERT,True,11,1,2.5909066,6.6606407,9.694129
Fertilisers,2025-12-15,ZUARI,COROMANDEL,True,11,1,1.1944175,-1.6488905,-17.839272
Fertilisers,2025-12-15,ZUARI,GSFC,True,11,1,3.267151,2.8733082,-2.7033093
Fertilisers,2025-12-15,ZUARI,GNFC,True,11,1,-1.6100109,-7.460409,-4.723626
Fertilisers,2025-12-15,ZUARI,RCF,True,11,1,-0.08177161,-12.737148,-16.618229
Fertilisers,2025-12-15,ZUARI,NFL,True,11,1,-1.6721547,-8.209414,-17.353762
Fertilisers,2025-12-15,ZUARI,FACT,True,11,1,3.3831418,-10.42614,-1.4349103
Fertilisers,2025-12-15,ZUARI,DEEPAKFERT,True,11,1,-0.7685721,-8.280962,26.91614
Fertilisers,2025-12-15,ZUARI,PARADEEP,False,11,1,-3.4186246,-27.276075,-28.276045
Fertilisers,2026-04-21,DEEPAKFERT,CHAMBLFERT,True,11,1,0.74502826,-5.682564,-15.627706
Fertilisers,2026-04-21,DEEPAKFERT,COROMANDEL,True,11,1,-8.348417,-5.5244923,-18.30777
Fertilisers,2026-04-21,DEEPAKFERT,GSFC,False,11,1,1.244539,-15.184754,-17.53189
Fertilisers,2026-04-21,DEEPAKFERT,GNFC,False,11,1,13.29816,-4.1199446,24.946106
Fertilisers,2026-04-21,DEEPAKFERT,RCF,False,11,1,-4.54976,-8.091706,-22.023167
Fertilisers,2026-04-21,DEEPAKFERT,NFL,False,11,1,-1.977402,-11.42174,-20.972706
Fertilisers,2026-04-21,DEEPAKFERT,FACT,False,11,1,-4.173869,-13.669836,-24.561745
Fertilisers,2026-04-21,DEEPAKFERT,PARADEEP,False,11,1,-5.7974577,0.81403255,13.381373
Fertilisers,2026-04-21,DEEPAKFERT,ZUARI,False,11,1,-7.332301,-4.9955487,-14.610487
Fertilisers,2026-06-16,"CHAMBLFERT,FACT",COROMANDEL,True,11,3,-1.3035774,-9.4669285,
Fertilisers,2026-06-16,"CHAMBLFERT,FACT",GSFC,True,11,3,-6.634128,-8.056343,
Fertilisers,2026-06-16,"CHAMBLFERT,FACT",RCF,True,11,3,-4.6439705,-18.113476,
Fertilisers,2026-06-16,"CHAMBLFERT,FACT",NFL,True,11,3,-7.8674374,-13.630468,
Fertilisers,2026-06-16,"CHAMBLFERT,FACT",DEEPAKFERT,False,11,3,-1.425314,-16.513538,
Fertilisers,2026-06-16,"CHAMBLFERT,FACT",PARADEEP,True,11,3,3.5434008,14.874231,
Fertilisers,2026-06-16,"CHAMBLFERT,FACT",ZUARI,False,11,3,-1.5534163,-7.1115613,
Fertilisers,2026-08-28,PARADEEP,CHAMBLFERT,True,11,1,-0.016975403,,
Fertilisers,2026-08-28,PARADEEP,COROMANDEL,True,11,1,3.4602106,,
Fertilisers,2026-08-28,PARADEEP,GSFC,True,11,1,0.09636283,,
Fertilisers,2026-08-28,PARADEEP,GNFC,True,11,1,9.500056,,
Fertilisers,2026-08-28,PARADEEP,RCF,True,11,1,-8.5361595,,
Fertilisers,2026-08-28,PARADEEP,NFL,True,11,1,-5.380458,,
Fertilisers,2026-08-28,PARADEEP,FACT,False,11,1,-5.721545,,
Fertilisers,2026-08-28,PARADEEP,DEEPAKFERT,True,11,1,-4.210681,,
Fertilisers,2026-08-28,PARADEEP,ZUARI,True,11,1,-7.3287964,,
Agrochemicals,2022-05-03,ASTEC,PIIND,True,10,1,4.5718136,14.049226,8.040964
Agrochemicals,2022-05-03,ASTEC,UPL,True,10,1,2.2407775,-4.53018,-12.37269
Agrochemicals,2022-05-03,ASTEC,BAYERCROP,True,10,1,23.416115,20.510357,-1.7038226
Agrochemicals,2022-05-03,ASTEC,SUMICHEM,True,10,1,14.296306,9.344274,17.474901
Agrochemicals,2022-05-03,ASTEC,RALLIS,True,10,1,-3.2310896,2.7500267,-1.6098857
Agrochemicals,2022-05-03,ASTEC,DHANUKA,True,10,1,7.40915,4.8414707,-3.4155846
Agrochemicals,2022-05-03,ASTEC,INSECTICID,True,10,1,17.020702,48.56183,-1.3896227
Agrochemicals,2022-05-03,ASTEC,BHARATRAS,True,10,1,-4.2870693,-4.7979593,-24.499285
Agrochemicals,2022-05-03,ASTEC,HERANBA,True,10,1,0.49552965,-1.696414,-19.506573
Agrochemicals,2022-08-05,"PIIND,BAYERCROP",UPL,False,10,2,-8.658897,-7.4571967,-5.0899625
Agrochemicals,2022-08-05,"PIIND,BAYERCROP",SUMICHEM,True,10,2,-4.5907617,-2.0985603,-11.8454275
Agrochemicals,2022-08-05,"PIIND,BAYERCROP",RALLIS,True,10,2,-8.688837,-7.3485017,-13.562208
Agrochemicals,2022-08-05,"PIIND,BAYERCROP",DHANUKA,True,10,2,-2.7742147,1.4790659,-4.444468
Agrochemicals,2022-08-05,"PIIND,BAYERCROP",INSECTICID,False,10,2,-11.624807,-35.740532,-49.03375
Agrochemicals,2022-08-05,"PIIND,BAYERCROP",BHARATRAS,True,10,2,-5.6108117,-11.069202,-25.426327
Agrochemicals,2022-08-05,"PIIND,BAYERCROP",ASTEC,False,10,2,-6.4064503,5.417514,-19.899607
Agrochemicals,2022-08-05,"PIIND,BAYERCROP",HERANBA,True,10,2,-10.75486,-19.723612,-28.64449
Agrochemicals,2022-11-09,PIIND,UPL,True,10,1,0.7761121,3.0251143,-5.6948366
Agrochemicals,2022-11-09,PIIND,BAYERCROP,True,10,1,-3.0210137,-4.139757,-17.042519
Agrochemicals,2022-11-09,PIIND,SUMICHEM,True,10,1,0.33515692,2.9593883,-10.641641
Agrochemicals,2022-11-09,PIIND,RALLIS,True,10,1,6.247687,-5.157173,-16.1551
Agrochemicals,2022-11-09,PIIND,DHANUKA,True,10,1,-7.3864284,-2.2090497,-13.137108
Agrochemicals,2022-11-09,PIIND,INSECTICID,False,10,1,-0.068068504,-11.474925,-33.24272
Agrochemicals,2022-11-09,PIIND,BHARATRAS,True,10,1,-12.699944,-13.874948,-14.3077135
Agrochemicals,2022-11-09,PIIND,ASTEC,True,10,1,-12.431229,-30.83442,-22.490288
Agrochemicals,2022-11-09,PIIND,HERANBA,True,10,1,-2.7552009,-34.128986,-30.051708
Agrochemicals,2023-05-01,PIIND,UPL,True,10,1,-10.815859,-31.091969,-48.167557
Agrochemicals,2023-05-01,PIIND,BAYERCROP,True,10,1,-4.5586348,-5.2873964,-5.9652805
Agrochemicals,2023-05-01,PIIND,SUMICHEM,True,10,1,-4.3937087,-14.410042,-29.151237
Agrochemicals,2023-05-01,PIIND,RALLIS,True,10,1,-3.044796,-3.9731379,-21.92049
Agrochemicals,2023-05-01,PIIND,DHANUKA,True,10,1,6.982172,3.400732,-3.7800903
Agrochemicals,2023-05-01,PIIND,INSECTICID,False,10,1,-8.188838,-28.104424,-24.416054
Agrochemicals,2023-05-01,PIIND,BHARATRAS,True,10,1,-0.6384134,-24.454796,-42.767548
Agrochemicals,2023-05-01,PIIND,ASTEC,False,10,1,6.1705112,-20.045477,-34.30871
Agrochemicals,2023-05-01,PIIND,HERANBA,False,10,1,-9.509873,-16.483032,-38.726425
Agrochemicals,2023-07-05,RALLIS,PIIND,False,10,2,-9.322864,-24.520058,-34.027187
Agrochemicals,2023-07-05,RALLIS,UPL,True,10,2,-12.416363,-22.24086,-35.99289
Agrochemicals,2023-07-05,RALLIS,BAYERCROP,True,10,2,-4.8009396,1.1097555,-2.527237
Agrochemicals,2023-07-05,RALLIS,SUMICHEM,True,10,2,-14.182401,-19.289886,-34.63209
Agrochemicals,2023-07-05,RALLIS,DHANUKA,True,10,2,-10.533995,-7.047486,10.614883
Agrochemicals,2023-07-05,RALLIS,INSECTICID,True,10,2,-4.027879,-15.596878,24.76548
Agrochemicals,2023-07-05,RALLIS,BHARATRAS,True,10,2,-8.051181,-18.37843,-27.51131
Agrochemicals,2023-07-05,RALLIS,ASTEC,True,10,2,-14.300382,-18.042057,-41.571545
Agrochemicals,2023-09-05,BAYERCROP,PIIND,True,10,2,-6.3814044,-0.32747984,-21.604084
Agrochemicals,2023-09-05,BAYERCROP,UPL,True,10,2,-1.158458,-11.27398,-41.74491
Agrochemicals,2023-09-05,BAYERCROP,SUMICHEM,True,10,2,-6.1026874,-19.914894,-40.97059
Agrochemicals,2023-09-05,BAYERCROP,RALLIS,True,10,2,-14.638746,-16.885769,-28.572832
Agrochemicals,2023-09-05,BAYERCROP,DHANUKA,True,10,2,8.276308,16.272736,24.64235
Agrochemicals,2023-09-05,BAYERCROP,BHARATRAS,True,10,2,2.2375703,-3.4736395,-25.49691
Agrochemicals,2023-09-05,BAYERCROP,ASTEC,True,10,2,-8.012474,-19.790108,-59.63991
Agrochemicals,2023-09-05,BAYERCROP,HERANBA,True,10,2,-5.922073,-17.265648,-33.114838
Agrochemicals,2023-11-23,INSECTICID,PIIND,True,10,1,-13.670129,-22.651691,-23.910946
Agrochemicals,2023-11-23,INSECTICID,UPL,True,10,1,-2.7706861,-31.46066,-32.456184
Agrochemicals,2023-11-23,INSECTICID,BAYERCROP,True,10,1,-0.5115509,-6.179965,-17.674303
Agrochemicals,2023-11-23,INSECTICID,SUMICHEM,True,10,1,-0.07772446,-20.296741,-7.148445
Agrochemicals,2023-11-23,INSECTICID,RALLIS,True,10,1,3.06772,-9.512783,14.753532
Agrochemicals,2023-11-23,INSECTICID,DHANUKA,True,10,1,9.87295,1.4501095,30.038311
Agrochemicals,2023-11-23,INSECTICID,BHARATRAS,True,10,1,-6.831026,-20.510197,-8.252692
Agrochemicals,2023-11-23,INSECTICID,ASTEC,True,10,1,-15.539927,-48.92983,-14.335764
Agrochemicals,2023-11-23,INSECTICID,HERANBA,True,10,1,-2.9330373,-16.525711,-30.79655
Agrochemicals,2024-03-07,RALLIS,PIIND,True,10,1,2.3879886,-5.6207,-1.410162
Agrochemicals,2024-03-07,RALLIS,UPL,False,10,1,2.624476,4.5385475,0.36027336
Agrochemicals,2024-03-07,RALLIS,BAYERCROP,True,10,1,-3.6402345,-11.724413,-8.49067
Agrochemicals,2024-03-07,RALLIS,SUMICHEM,True,10,1,4.5228004,43.148815,43.540184
Agrochemicals,2024-03-07,RALLIS,DHANUKA,True,10,1,1.6275525,20.76757,54.652573
Agrochemicals,2024-03-07,RALLIS,INSECTICID,False,10,1,4.796171,6.693101,87.38331
Agrochemicals,2024-03-07,RALLIS,BHARATRAS,True,10,1,-5.478728,5.192196,15.651297
Agrochemicals,2024-03-07,RALLIS,ASTEC,False,10,1,15.698099,19.429218,7.800947
Agrochemicals,2024-03-07,RALLIS,HERANBA,True,10,1,-8.426559,-17.079348,24.660395
Agrochemicals,2024-05-23,SUMICHEM,PIIND,True,10,1,-3.9251566,9.086788,12.971807
Agrochemicals,2024-05-23,SUMICHEM,UPL,True,10,1,4.303026,-3.0888314,-4.289901
Agrochemicals,2024-05-23,SUMICHEM,BAYERCROP,True,10,1,4.003728,1.9427423,3.5191774
Agrochemicals,2024-05-23,SUMICHEM,RALLIS,False,10,1,20.221756,16.12996,11.4846945
Agrochemicals,2024-05-23,SUMICHEM,DHANUKA,False,10,1,24.277924,32.52126,10.409116
Agrochemicals,2024-05-23,SUMICHEM,INSECTICID,False,10,1,19.724335,62.66847,63.193264
Agrochemicals,2024-05-23,SUMICHEM,BHARATRAS,True,10,1,18.40186,14.299953,10.917438
Agrochemicals,2024-05-23,SUMICHEM,ASTEC,False,10,1,10.365056,-13.634741,-26.815765
Agrochemicals,2024-05-23,SUMICHEM,HERANBA,True,10,1,21.060085,37.069263,63.278675
Agrochemicals,2024-08-09,INSECTICID,PIIND,True,10,1,-1.0739207,-1.745534,-15.670509
Agrochemicals,2024-08-09,INSECTICID,UPL,True,10,1,6.0815573,-1.4179826,6.9530125
Agrochemicals,2024-08-09,INSECTICID,BAYERCROP,False,10,1,-7.865596,-1.2567759,-16.688366
Agrochemicals,2024-08-09,INSECTICID,SUMICHEM,False,10,1,0.35965443,8.392561,7.118827
Agrochemicals,2024-08-09,INSECTICID,RALLIS,False,10,1,-5.72744,-2.509141,-23.011591
Agrochemicals,2024-08-09,INSECTICID,DHANUKA,False,10,1,-17.839336,-17.218918,-19.315237
Agrochemicals,2024-08-09,INSECTICID,BHARATRAS,False,10,1,3.1369328,-9.681463,-7.909918
Agrochemicals,2024-08-09,INSECTICID,ASTEC,False,10,1,-12.858683,-16.93939,-21.655382
Agrochemicals,2024-08-09,INSECTICID,HERANBA,False,10,1,18.024147,21.093023,-6.1814375
Agrochemicals,2025-01-06,ASTEC,PIIND,True,10,1,8.887785,10.247099,18.983805
Agrochemicals,2025-01-06,ASTEC,UPL,True,10,1,29.252773,39.2541,32.251213
Agrochemicals,2025-01-06,ASTEC,BAYERCROP,True,10,1,0.99315643,3.9278326,19.234957
Agrochemicals,2025-01-06,ASTEC,SUMICHEM,True,10,1,8.838528,25.568752,5.266559
Agrochemicals,2025-01-06,ASTEC,RALLIS,True,10,1,-12.242115,-12.445409,10.374022
Agrochemicals,2025-01-06,ASTEC,DHANUKA,True,10,1,14.815622,14.774149,35.207485
Agrochemicals,2025-01-06,ASTEC,INSECTICID,False,10,1,7.4936924,10.547775,50.87982
Agrochemicals,2025-01-06,ASTEC,BHARATRAS,True,10,1,12.246614,26.686508,23.392105
Agrochemicals,2025-01-06,ASTEC,HERANBA,False,10,1,-6.7275944,-22.162025,-0.35848022
Agrochemicals,2025-05-14,RALLIS,PIIND,True,10,1,0.8432617,8.321917,-6.515467
Agrochemicals,2025-05-14,RALLIS,UPL,True,10,1,-8.195889,7.177019,7.256949
Agrochemicals,2025-05-14,RALLIS,BAYERCROP,True,10,1,3.5418386,19.658983,-7.7210665
Agrochemicals,2025-05-14,RALLIS,SUMICHEM,True,10,1,-12.042046,11.398066,-10.914678
Agrochemicals,2025-05-14,RALLIS,DHANUKA,False,10,1,11.000931,9.578443,-16.182863
Agrochemicals,2025-05-14,RALLIS,INSECTICID,False,10,1,13.465677,41.66124,-6.332755
Agrochemicals,2025-05-14,RALLIS,BHARATRAS,True,10,1,-13.820285,7.2272778,11.877787
Agrochemicals,2025-05-14,RALLIS,ASTEC,False,10,1,10.018753,20.574438,-9.323406
Agrochemicals,2025-05-14,RALLIS,HERANBA,False,10,1,-1.8100982,37.697205,8.37841
Agrochemicals,2025-07-14,RALLIS,PIIND,True,10,4,0.047308445,-10.95379,-15.0330305
Agrochemicals,2025-07-14,RALLIS,UPL,True,10,4,10.082329,4.203743,27.600216
Agrochemicals,2025-07-14,RALLIS,BAYERCROP,False,10,4,-4.6383204,-16.900988,-21.526016
Agrochemicals,2025-07-14,RALLIS,SUMICHEM,True,10,4,12.445664,-1.4355063,-7.963258
Agrochemicals,2025-07-14,RALLIS,DHANUKA,False,10,4,6.172359,-5.8707,-21.597439
Agrochemicals,2025-07-14,RALLIS,INSECTICID,False,10,4,4.865885,-23.604275,-22.37976
Agrochemicals,2025-10-23,BHARATRAS,PIIND,True,10,1,-0.45329332,0.26724958,0.17526817
Agrochemicals,2025-10-23,BHARATRAS,UPL,True,10,1,13.895667,22.932262,10.591841
Agrochemicals,2025-10-23,BHARATRAS,BAYERCROP,False,10,1,-6.0952425,-4.3182783,10.8950615
Agrochemicals,2025-10-23,BHARATRAS,SUMICHEM,True,10,1,-9.848255,-9.6412115,-9.013212
Agrochemicals,2025-10-23,BHARATRAS,RALLIS,False,10,1,-8.377152,-4.213339,1.0343313
Agrochemicals,2025-10-23,BHARATRAS,DHANUKA,False,10,1,-11.45826,-15.061187,-16.23655
Agrochemicals,2025-10-23,BHARATRAS,INSECTICID,False,10,1,-0.53527355,-3.4980955,2.9933338
Agrochemicals,2025-10-23,BHARATRAS,ASTEC,False,10,1,9.097778,2.150971,1.3345842
Agrochemicals,2025-10-23,BHARATRAS,HERANBA,False,10,1,-12.489891,-19.554485,-30.88936
Agrochemicals,2026-04-14,INSECTICID,PIIND,True,10,1,-1.9162536,-20.188839,-36.054874
Agrochemicals,2026-04-14,INSECTICID,UPL,False,10,1,-7.681799,-18.016058,-27.625233
Agrochemicals,2026-04-14,INSECTICID,BAYERCROP,True,10,1,-13.987255,-27.103043,-37.568375
Agrochemicals,2026-04-14,INSECTICID,SUMICHEM,True,10,1,-3.7479162,-3.6685467,-13.114792
Agrochemicals,2026-04-14,INSECTICID,RALLIS,False,10,1,-1.4533997,-21.804184,-33.646072
Agrochemicals,2026-04-14,INSECTICID,DHANUKA,False,10,1,0.7646203,-4.835522,-18.83118
Agrochemicals,2026-04-14,INSECTICID,BHARATRAS,False,10,1,-17.463577,-27.025026,-47.818916
Agrochemicals,2026-04-14,INSECTICID,ASTEC,False,10,1,0.69206953,-7.052791,-5.517626
Agrochemicals,2026-04-14,INSECTICID,HERANBA,False,10,1,-0.70854425,-17.1189,-18.898117
Agrochemicals,2026-09-22,ASTEC,PIIND,False,10,1,,,
Agrochemicals,2026-09-22,ASTEC,UPL,True,10,1,,,
Agrochemicals,2026-09-22,ASTEC,BAYERCROP,True,10,1,,,
Agrochemicals,2026-09-22,ASTEC,SUMICHEM,True,10,1,,,
Agrochemicals,2026-09-22,ASTEC,RALLIS,True,10,1,,,
Agrochemicals,2026-09-22,ASTEC,DHANUKA,True,10,1,,,
Agrochemicals,2026-09-22,ASTEC,INSECTICID,True,10,1,,,
Agrochemicals,2026-09-22,ASTEC,BHARATRAS,True,10,1,,,
Agrochemicals,2026-09-22,ASTEC,HERANBA,True,10,1,,,
Tobacco,2022-04-11,GODFRYPHLP,ITC,True,3,1,7.5621424,24.727959,26.888174
Tobacco,2022-04-11,GODFRYPHLP,VSTIND,True,3,1,10.719103,12.9992485,6.5420685
Tobacco,2022-08-02,VSTIND,ITC,True,3,1,-3.8704276,4.684007,-2.610743
Tobacco,2022-08-02,VSTIND,GODFRYPHLP,True,3,1,-11.393368,26.870476,66.12053
Tobacco,2022-10-05,GODFRYPHLP,ITC,True,3,1,5.417907,-1.5887022,19.834291
Tobacco,2022-10-05,GODFRYPHLP,VSTIND,True,3,1,7.0800896,-3.4214616,2.400273
Tobacco,2022-12-12,GODFRYPHLP,ITC,True,3,1,-0.05607605,21.333778,26.559639
Tobacco,2022-12-12,GODFRYPHLP,VSTIND,True,3,1,-9.4426155,-3.7324066,-10.117853
Tobacco,2023-07-27,GODFRYPHLP,ITC,True,3,1,-8.254022,-17.415052,-29.73863
Tobacco,2023-07-27,GODFRYPHLP,VSTIND,True,3,1,-9.905171,-24.46381,-29.56366
Tobacco,2024-01-02,VSTIND,ITC,True,3,1,-13.350487,-8.586365,-27.675062
Tobacco,2024-01-02,VSTIND,GODFRYPHLP,True,3,1,-1.8809199,48.804928,99.18332
Tobacco,2024-04-18,VSTIND,ITC,True,3,1,0.10223389,-6.797493,0.47006607
Tobacco,2024-04-18,VSTIND,GODFRYPHLP,False,3,1,17.088638,28.824661,96.87677
Tobacco,2024-07-15,GODFRYPHLP,ITC,True,3,1,6.2514544,9.875011,2.2320032
Tobacco,2024-07-15,GODFRYPHLP,VSTIND,True,3,1,-1.6211152,-91.877396,-94.11323
Tobacco,2025-02-17,GODFRYPHLP,ITC,True,3,1,-0.65593123,-4.3217893,-9.445858
Tobacco,2025-02-17,GODFRYPHLP,VSTIND,True,3,1,-6.8679094,-10.155451,-16.085941
Tobacco,2025-08-05,GODFRYPHLP,ITC,True,3,1,0.030708313,-0.6653786,-11.427968
Tobacco,2025-08-05,GODFRYPHLP,VSTIND,True,3,1,-3.6490679,-9.668177,-5.111307
Tobacco,2026-04-17,VSTIND,ITC,True,3,1,0.79886913,-17.95801,-23.3545
Tobacco,2026-04-17,VSTIND,GODFRYPHLP,False,3,1,9.773397,-11.025339,-20.297712
Oleochemicals / Surfactants,2022-05-31,FINEORG,GALAXYSURF,True,3,1,8.022648,5.0914764,-11.517965
Oleochemicals / Surfactants,2022-05-31,FINEORG,GODREJIND,True,3,1,-6.1799173,-7.5642586,-27.067333
Oleochemicals / Surfactants,2022-09-14,FINEORG,GALAXYSURF,True,3,1,-6.852263,-18.172844,-18.739807
Oleochemicals / Surfactants,2022-09-14,FINEORG,GODREJIND,True,3,1,-5.398089,-0.901711,-3.833973
Oleochemicals / Surfactants,2022-12-09,GODREJIND,FINEORG,True,3,1,-5.56221,-16.548603,-30.00946
Oleochemicals / Surfactants,2022-12-09,GODREJIND,GALAXYSURF,True,3,1,-8.919371,-4.8163776,-7.449216
Oleochemicals / Surfactants,2023-06-06,FINEORG,GALAXYSURF,True,3,1,-3.6272645,-19.087048,-17.797256
Oleochemicals / Surfactants,2023-06-06,FINEORG,GODREJIND,True,3,1,3.562951,-4.850567,8.436726
Oleochemicals / Surfactants,2023-08-23,GODREJIND,FINEORG,True,3,1,7.8103895,-11.700953,-27.733326
Oleochemicals / Surfactants,2023-08-23,GODREJIND,GALAXYSURF,True,3,1,-5.9742985,3.393495,-28.013897
Oleochemicals / Surfactants,2023-11-06,GALAXYSURF,FINEORG,True,3,1,-7.0693254,-10.003805,-20.31498
Oleochemicals / Surfactants,2023-11-06,GALAXYSURF,GODREJIND,False,3,1,-11.11455,6.9685097,0.2601738
Oleochemicals / Surfactants,2024-01-01,GODREJIND,GALAXYSURF,True,3,2,-8.241356,-17.107273,-22.258781
Oleochemicals / Surfactants,2024-04-29,GODREJIND,FINEORG,True,3,1,1.4312565,9.933722,-2.2926693
Oleochemicals / Surfactants,2024-04-29,GODREJIND,GALAXYSURF,True,3,1,-3.2883525,-0.65449524,-3.936636
Oleochemicals / Surfactants,2024-07-01,FINEORG,GALAXYSURF,True,3,1,-1.7415047,3.2963753,-8.859771
Oleochemicals / Surfactants,2024-07-01,FINEORG,GODREJIND,False,3,1,-2.7595162,31.242798,11.220848
Oleochemicals / Surfactants,2024-09-02,GODREJIND,FINEORG,True,3,1,-1.6018748,0.96416473,-6.24333
Oleochemicals / Surfactants,2024-09-02,GODREJIND,GALAXYSURF,True,3,1,3.3023953,3.0905128,1.0138397
Oleochemicals / Surfactants,2025-06-06,GODREJIND,FINEORG,False,3,1,7.5149775,0.9461045,-4.6202183
Oleochemicals / Surfactants,2025-06-06,GODREJIND,GALAXYSURF,True,3,1,6.5613146,-1.2588203,-12.456817
Oleochemicals / Surfactants,2026-02-24,FINEORG,GALAXYSURF,True,3,1,-8.543068,-12.045509,-9.307516
Oleochemicals / Surfactants,2026-02-24,FINEORG,GODREJIND,True,3,1,-15.965187,-0.4333377,4.8655148
Oleochemicals / Surfactants,2026-05-07,GODREJIND,FINEORG,False,3,1,2.4650633,3.646028,
Oleochemicals / Surfactants,2026-05-07,GODREJIND,GALAXYSURF,False,3,1,-7.0240316,0.3190279,
Oleochemicals / Surfactants,2026-07-10,GODREJIND,GALAXYSURF,True,3,2,1.9648075,21.385086,
Fluorochemicals,2022-07-11,FLUOROCHEM,SRF,True,3,1,6.266523,10.071969,-3.6995163
Fluorochemicals,2022-07-11,FLUOROCHEM,NAVINFLUOR,True,3,1,11.277235,6.951129,-6.7631598
Fluorochemicals,2023-12-22,FLUOROCHEM,SRF,True,3,1,-13.833385,-2.629763,-21.698242
Fluorochemicals,2023-12-22,FLUOROCHEM,NAVINFLUOR,True,3,1,-17.281359,-21.839012,-22.010809
Fluorochemicals,2024-04-22,FLUOROCHEM,SRF,True,3,1,-14.2912035,-21.341389,-25.025433
Fluorochemicals,2024-04-22,FLUOROCHEM,NAVINFLUOR,True,3,1,1.6357064,-3.1012774,-8.957838
Fluorochemicals,2024-07-30,SRF,NAVINFLUOR,True,3,1,-14.505577,-6.944114,9.418267
Fluorochemicals,2024-07-30,SRF,FLUOROCHEM,False,3,1,-1.8825054,47.535168,17.282242
Fluorochemicals,2025-01-09,"SRF,NAVINFLUOR",FLUOROCHEM,True,3,2,-0.30252934,11.977362,-8.45986
Fluorochemicals,2025-09-19,FLUOROCHEM,SRF,True,3,1,10.826951,9.057486,8.071946
Fluorochemicals,2025-09-19,FLUOROCHEM,NAVINFLUOR,True,3,1,10.075778,35.05089,47.39154
Fluorochemicals,2026-05-01,FLUOROCHEM,SRF,True,3,1,5.846238,1.0139823,
Fluorochemicals,2026-05-01,FLUOROCHEM,NAVINFLUOR,True,3,1,2.5319576,5.4609175,
Fluorochemicals,2026-07-20,FLUOROCHEM,SRF,True,3,1,-10.248846,,
Fluorochemicals,2026-07-20,FLUOROCHEM,NAVINFLUOR,True,3,1,2.3377895,,
Speciality Pigments & Dyes,2022-09-05,BODALCHEM,SUDARSCHEM,True,4,1,-5.5384994,-17.746687,-16.19284
Speciality Pigments & Dyes,2022-09-05,BODALCHEM,ASAHISONG,True,4,1,0.7530689,-16.582071,-24.88156
Speciality Pigments & Dyes,2022-09-05,BODALCHEM,KIRIINDUS,True,4,1,3.591621,-1.140976,-40.992638
Speciality Pigments & Dyes,2023-03-22,SUDARSCHEM,BODALCHEM,False,4,1,9.564829,10.118103,4.7997627
Speciality Pigments & Dyes,2023-03-22,SUDARSCHEM,ASAHISONG,False,4,1,11.991858,2.120388,-20.572063
Speciality Pigments & Dyes,2023-03-22,SUDARSCHEM,KIRIINDUS,False,4,1,2.4266605,-14.940928,-45.005676
Speciality Pigments & Dyes,2023-05-24,SUDARSCHEM,BODALCHEM,False,4,1,6.093359,-10.088324,-19.0997
Speciality Pigments & Dyes,2023-05-24,SUDARSCHEM,KIRIINDUS,False,4,1,-12.184257,-22.367805,-31.285053
Speciality Pigments & Dyes,2023-08-29,BODALCHEM,SUDARSCHEM,True,4,1,-10.659683,-22.591484,-25.029665
Speciality Pigments & Dyes,2023-08-29,BODALCHEM,ASAHISONG,True,4,1,6.1345572,20.90324,11.308123
Speciality Pigments & Dyes,2023-08-29,BODALCHEM,KIRIINDUS,True,4,1,-3.17294,-7.049644,15.505648
Speciality Pigments & Dyes,2023-12-15,KIRIINDUS,SUDARSCHEM,True,4,1,-1.801002,13.053644,67.46781
Speciality Pigments & Dyes,2023-12-15,KIRIINDUS,BODALCHEM,True,4,1,-0.7601023,7.523464,-24.037617
Speciality Pigments & Dyes,2023-12-15,KIRIINDUS,ASAHISONG,True,4,1,2.5008078,6.621027,8.862472
Speciality Pigments & Dyes,2024-02-19,SUDARSCHEM,BODALCHEM,True,4,1,4.9556847,-11.206937,-18.449146
Speciality Pigments & Dyes,2024-02-19,SUDARSCHEM,ASAHISONG,True,4,1,12.765663,12.337732,53.366253
Speciality Pigments & Dyes,2024-02-19,SUDARSCHEM,KIRIINDUS,False,4,1,-6.4762354,-17.90726,-30.643688
Speciality Pigments & Dyes,2024-04-23,SUDARSCHEM,BODALCHEM,False,4,1,-10.239405,-17.119728,-15.482056
Speciality Pigments & Dyes,2024-04-23,SUDARSCHEM,ASAHISONG,True,4,1,-5.070382,-2.8395653,10.662531
Speciality Pigments & Dyes,2024-04-23,SUDARSCHEM,KIRIINDUS,False,4,1,-15.278894,-24.259548,-18.364578
Speciality Pigments & Dyes,2024-06-27,ASAHISONG,SUDARSCHEM,False,4,1,-4.906869,4.1225796,15.160704
Speciality Pigments & Dyes,2024-06-27,ASAHISONG,BODALCHEM,True,4,1,-6.282532,-9.6701145,-18.16507
Speciality Pigments & Dyes,2024-06-27,ASAHISONG,KIRIINDUS,False,4,1,2.169001,0.018096924,115.38228
Speciality Pigments & Dyes,2024-08-28,KIRIINDUS,SUDARSCHEM,False,4,1,3.7537813,-2.191329,9.542501
Speciality Pigments & Dyes,2024-08-28,KIRIINDUS,BODALCHEM,True,4,1,-2.7050018,-3.572321,-3.629035
Speciality Pigments & Dyes,2024-08-28,KIRIINDUS,ASAHISONG,False,4,1,-17.837841,-22.001707,-30.342834
Speciality Pigments & Dyes,2024-11-14,KIRIINDUS,SUDARSCHEM,False,4,1,13.114475,12.795139,23.086208
Speciality Pigments & Dyes,2024-11-14,KIRIINDUS,BODALCHEM,True,4,1,-8.371735,-7.407868,6.2149878
Speciality Pigments & Dyes,2024-11-14,KIRIINDUS,ASAHISONG,False,4,1,1.7237072,-19.091457,34.585793
Speciality Pigments & Dyes,2025-05-08,ASAHISONG,SUDARSCHEM,False,4,1,3.3735514,27.562141,1.4972458
Speciality Pigments & Dyes,2025-05-08,ASAHISONG,BODALCHEM,False,4,1,0.72255135,1.5792017,-21.083485
Speciality Pigments & Dyes,2025-05-08,ASAHISONG,KIRIINDUS,False,4,1,-12.397605,-21.362608,-17.041086
Speciality Pigments & Dyes,2025-07-28,SUDARSCHEM,BODALCHEM,True,4,1,-10.268444,-19.445944,-24.783226
Speciality Pigments & Dyes,2025-07-28,SUDARSCHEM,KIRIINDUS,False,4,1,-0.9545088,2.128327,3.435397
Speciality Pigments & Dyes,2025-12-16,ASAHISONG,SUDARSCHEM,False,4,1,-3.071737,-1.4291344,-5.769837
Speciality Pigments & Dyes,2025-12-16,ASAHISONG,BODALCHEM,True,4,1,-3.2417119,-5.955082,28.462769
Speciality Pigments & Dyes,2025-12-16,ASAHISONG,KIRIINDUS,True,4,1,-4.542637,-26.731308,-39.142063
Speciality Pigments & Dyes,2026-05-21,BODALCHEM,SUDARSCHEM,False,4,1,-12.394172,0.046539307,
Speciality Pigments & Dyes,2026-05-21,BODALCHEM,ASAHISONG,False,4,1,2.2462845,36.299683,
Speciality Pigments & Dyes,2026-05-21,BODALCHEM,KIRIINDUS,False,4,1,-6.1247168,-2.5297284,
Speciality Pigments & Dyes,2026-07-22,ASAHISONG,SUDARSCHEM,False,4,1,8.498943,,
Speciality Pigments & Dyes,2026-07-22,ASAHISONG,BODALCHEM,False,4,1,8.201098,,
Speciality Pigments & Dyes,2026-07-22,ASAHISONG,KIRIINDUS,True,4,1,5.6457996,,
Specialty Chem (Custom Synthesis/CDMO),2022-07-25,NAVINFLUOR,PIIND,True,9,1,4.856384,-5.759859,-5.768239
Specialty Chem (Custom Synthesis/CDMO),2022-07-25,NAVINFLUOR,AARTIIND,True,9,1,-3.46905,-16.346973,-32.30706
Specialty Chem (Custom Synthesis/CDMO),2022-07-25,NAVINFLUOR,ANURAS,False,9,1,-10.381847,-10.960674,-25.883108
Specialty Chem (Custom Synthesis/CDMO),2022-07-25,NAVINFLUOR,NEOGEN,True,9,1,1.6488194,8.219921,-22.767002
Specialty Chem (Custom Synthesis/CDMO),2022-07-25,NAVINFLUOR,CLEAN,True,9,1,-7.107383,-18.101002,-29.65257
Specialty Chem (Custom Synthesis/CDMO),2022-07-25,NAVINFLUOR,TATVA,True,9,1,-6.508994,-4.108119,-28.525574
Specialty Chem (Custom Synthesis/CDMO),2022-07-25,NAVINFLUOR,AETHER,False,9,1,-10.311532,-4.2268515,-16.11427
Specialty Chem (Custom Synthesis/CDMO),2022-07-25,NAVINFLUOR,ROSSARI,True,9,1,4.600179,1.6492844,-27.529282
Specialty Chem (Custom Synthesis/CDMO),2022-11-09,PIIND,NAVINFLUOR,True,9,1,-5.4756823,-5.750764,4.8555374
Specialty Chem (Custom Synthesis/CDMO),2022-11-09,PIIND,AARTIIND,False,9,1,-12.01709,-25.700176,-24.751156
Specialty Chem (Custom Synthesis/CDMO),2022-11-09,PIIND,ANURAS,True,9,1,-6.0575724,-20.325035,59.743736
Specialty Chem (Custom Synthesis/CDMO),2022-11-09,PIIND,NEOGEN,False,9,1,-12.016434,-11.864846,22.967636
Specialty Chem (Custom Synthesis/CDMO),2022-11-09,PIIND,CLEAN,True,9,1,-3.0930698,-6.861294,-3.0810535
Specialty Chem (Custom Synthesis/CDMO),2022-11-09,PIIND,TATVA,True,9,1,-5.324155,-9.933145,-33.631207
Specialty Chem (Custom Synthesis/CDMO),2022-11-09,PIIND,AETHER,True,9,1,-0.9662628,2.135509,8.566332
Specialty Chem (Custom Synthesis/CDMO),2022-11-09,PIIND,ROSSARI,True,9,1,-6.0964823,-12.618762,-17.019283
Specialty Chem (Custom Synthesis/CDMO),2023-03-08,NEOGEN,PIIND,True,9,1,-3.765905,15.060246,-2.9346104
Specialty Chem (Custom Synthesis/CDMO),2023-03-08,NEOGEN,NAVINFLUOR,True,9,1,-0.47655106,-2.5810242,-26.760757
Specialty Chem (Custom Synthesis/CDMO),2023-03-08,NEOGEN,AARTIIND,True,9,1,-0.89972615,-15.533834,-45.83477
Specialty Chem (Custom Synthesis/CDMO),2023-03-08,NEOGEN,ANURAS,True,9,1,18.400894,60.92436,17.816067
Specialty Chem (Custom Synthesis/CDMO),2023-03-08,NEOGEN,CLEAN,True,9,1,-3.0566633,-12.050033,-33.699875
Specialty Chem (Custom Synthesis/CDMO),2023-03-08,NEOGEN,TATVA,True,9,1,-10.894066,-24.139153,-43.301212
Specialty Chem (Custom Synthesis/CDMO),2023-03-08,NEOGEN,AETHER,True,9,1,8.759319,-4.7049284,-7.575489
Specialty Chem (Custom Synthesis/CDMO),2023-03-08,NEOGEN,ROSSARI,True,9,1,-3.0036569,9.025479,0.2581482
Specialty Chem (Custom Synthesis/CDMO),2023-06-05,ROSSARI,PIIND,False,9,1,3.934657,-13.324261,-19.465744
Specialty Chem (Custom Synthesis/CDMO),2023-06-05,ROSSARI,NAVINFLUOR,True,9,1,-9.051508,-19.01462,-56.730606
Specialty Chem (Custom Synthesis/CDMO),2023-06-05,ROSSARI,AARTIIND,True,9,1,-7.705426,-27.190834,-27.1939
Specialty Chem (Custom Synthesis/CDMO),2023-06-05,ROSSARI,ANURAS,False,9,1,-16.498608,-27.188377,-41.418213
Specialty Chem (Custom Synthesis/CDMO),2023-06-05,ROSSARI,NEOGEN,False,9,1,-1.3813138,-17.112188,-31.597322
Specialty Chem (Custom Synthesis/CDMO),2023-06-05,ROSSARI,CLEAN,True,9,1,-6.351733,-17.621004,-29.198969
Specialty Chem (Custom Synthesis/CDMO),2023-06-05,ROSSARI,TATVA,True,9,1,4.8579817,-11.751139,-34.586704
Specialty Chem (Custom Synthesis/CDMO),2023-06-05,ROSSARI,AETHER,True,9,1,10.400176,-2.7995338,-28.11107
Specialty Chem (Custom Synthesis/CDMO),2023-08-30,NEOGEN,PIIND,True,9,1,-9.178662,-6.7906857,-30.83151
Specialty Chem (Custom Synthesis/CDMO),2023-08-30,NEOGEN,NAVINFLUOR,True,9,1,-6.4331293,-37.920677,-65.21158
Specialty Chem (Custom Synthesis/CDMO),2023-08-30,NEOGEN,AARTIIND,True,9,1,-1.0582805,-2.6595592,8.447252
Specialty Chem (Custom Synthesis/CDMO),2023-08-30,NEOGEN,ANURAS,True,9,1,-13.775688,-12.5471115,-39.23929
Specialty Chem (Custom Synthesis/CDMO),2023-08-30,NEOGEN,CLEAN,True,9,1,-2.18817,-10.564888,-23.021353
Specialty Chem (Custom Synthesis/CDMO),2023-08-30,NEOGEN,TATVA,True,9,1,-12.403334,-21.545553,-52.881035
Specialty Chem (Custom Synthesis/CDMO),2023-08-30,NEOGEN,AETHER,True,9,1,-9.970749,-19.85358,-40.494896
Specialty Chem (Custom Synthesis/CDMO),2023-08-30,NEOGEN,ROSSARI,True,9,1,-1.7631769,-21.751814,-35.815765
Specialty Chem (Custom Synthesis/CDMO),2023-12-01,ANURAS,PIIND,True,9,1,-14.331018,-21.673054,-26.570625
Specialty Chem (Custom Synthesis/CDMO),2023-12-01,ANURAS,NAVINFLUOR,False,9,1,-3.140521,-33.477337,-22.708696
Specialty Chem (Custom Synthesis/CDMO),2023-12-01,ANURAS,AARTIIND,True,9,1,10.958409,3.9200077,-0.79462624
Specialty Chem (Custom Synthesis/CDMO),2023-12-01,ANURAS,NEOGEN,True,9,1,-8.749944,-29.051447,-24.479557
Specialty Chem (Custom Synthesis/CDMO),2023-12-01,ANURAS,CLEAN,True,9,1,4.0917397,-13.19778,-24.24658
Specialty Chem (Custom Synthesis/CDMO),2023-12-01,ANURAS,TATVA,True,9,1,-4.091525,-38.479767,-49.985218
Specialty Chem (Custom Synthesis/CDMO),2023-12-01,ANURAS,AETHER,True,9,1,5.184889,-8.865297,-15.525783
Specialty Chem (Custom Synthesis/CDMO),2023-12-01,ANURAS,ROSSARI,True,9,1,-1.2187719,-16.829538,-31.878323
Specialty Chem (Custom Synthesis/CDMO),2024-04-12,AARTIIND,PIIND,True,9,1,-7.497919,-17.28786,-1.554573
Specialty Chem (Custom Synthesis/CDMO),2024-04-12,AARTIIND,NAVINFLUOR,True,9,1,-1.2766659,-4.2374964,-18.067253
Specialty Chem (Custom Synthesis/CDMO),2024-04-12,AARTIIND,ANURAS,True,9,1,-8.712864,-27.356892,-38.00084
Specialty Chem (Custom Synthesis/CDMO),2024-04-12,AARTIIND,NEOGEN,True,9,1,5.0910416,4.279936,27.901018
Specialty Chem (Custom Synthesis/CDMO),2024-04-12,AARTIIND,CLEAN,True,9,1,-4.6271744,-4.2550917,-8.931625
Specialty Chem (Custom Synthesis/CDMO),2024-04-12,AARTIIND,TATVA,False,9,1,-8.893972,-23.012178,-41.029243
Specialty Chem (Custom Synthesis/CDMO),2024-04-12,AARTIIND,AETHER,True,9,1,-2.2178888,-6.4020157,-12.355162
Specialty Chem (Custom Synthesis/CDMO),2024-04-12,AARTIIND,ROSSARI,True,9,1,-5.7404404,-6.8229074,-0.85800934
Specialty Chem (Custom Synthesis/CDMO),2024-06-18,AETHER,PIIND,True,9,1,0.5930066,17.774368,4.0533895
Specialty Chem (Custom Synthesis/CDMO),2024-06-18,AETHER,NAVINFLUOR,True,9,1,-3.5844922,-16.868406,-5.581713
Specialty Chem (Custom Synthesis/CDMO),2024-06-18,AETHER,AARTIIND,False,9,1,-3.4095526,-27.139557,-47.6108
Specialty Chem (Custom Synthesis/CDMO),2024-06-18,AETHER,ANURAS,True,9,1,-7.3351026,-13.038916,-13.143015
Specialty Chem (Custom Synthesis/CDMO),2024-06-18,AETHER,NEOGEN,False,9,1,-2.3215175,-15.360612,27.53465
Specialty Chem (Custom Synthesis/CDMO),2024-06-18,AETHER,CLEAN,True,9,1,2.8572326,5.4472685,-12.638152
Specialty Chem (Custom Synthesis/CDMO),2024-06-18,AETHER,TATVA,False,9,1,1.2444615,-22.27345,-28.987736
Specialty Chem (Custom Synthesis/CDMO),2024-06-18,AETHER,ROSSARI,True,9,1,2.0069003,6.5099363,-2.5106077
Specialty Chem (Custom Synthesis/CDMO),2024-09-09,AETHER,PIIND,True,9,1,0.8573055,-10.573512,-14.053465
Specialty Chem (Custom Synthesis/CDMO),2024-09-09,AETHER,NAVINFLUOR,True,9,1,7.1827354,11.836254,38.12599
Specialty Chem (Custom Synthesis/CDMO),2024-09-09,AETHER,AARTIIND,False,9,1,-6.717497,-24.889463,-15.028654
Specialty Chem (Custom Synthesis/CDMO),2024-09-09,AETHER,ANURAS,True,9,1,3.3517659,0.16816854,5.7905903
Specialty Chem (Custom Synthesis/CDMO),2024-09-09,AETHER,NEOGEN,True,9,1,44.99591,50.487152,35.248817
Specialty Chem (Custom Synthesis/CDMO),2024-09-09,AETHER,CLEAN,True,9,1,4.588896,-13.614798,5.7678995
Specialty Chem (Custom Synthesis/CDMO),2024-09-09,AETHER,TATVA,True,9,1,4.616398,-9.417009,-3.974945
Specialty Chem (Custom Synthesis/CDMO),2024-09-09,AETHER,ROSSARI,True,9,1,-1.343405,-5.18443,-8.185297
Specialty Chem (Custom Synthesis/CDMO),2025-01-09,NAVINFLUOR,PIIND,True,9,1,5.308783,7.562422,16.292011
Specialty Chem (Custom Synthesis/CDMO),2025-01-09,NAVINFLUOR,AARTIIND,False,9,1,15.793407,3.2070036,11.8017435
Specialty Chem (Custom Synthesis/CDMO),2025-01-09,NAVINFLUOR,ANURAS,True,9,1,8.068895,17.936886,58.82878
Specialty Chem (Custom Synthesis/CDMO),2025-01-09,NAVINFLUOR,NEOGEN,True,9,1,-1.6763034,-15.959085,-26.96306
Specialty Chem (Custom Synthesis/CDMO),2025-01-09,NAVINFLUOR,CLEAN,True,9,1,7.013893,-0.8048649,4.2111754
Specialty Chem (Custom Synthesis/CDMO),2025-01-09,NAVINFLUOR,TATVA,True,9,1,-5.1551223,-5.212879,12.847841
Specialty Chem (Custom Synthesis/CDMO),2025-01-09,NAVINFLUOR,AETHER,True,9,1,0.47318316,9.143543,-9.547747
Specialty Chem (Custom Synthesis/CDMO),2025-01-09,NAVINFLUOR,ROSSARI,True,9,1,-3.9341035,-3.81217,-14.329784
Specialty Chem (Custom Synthesis/CDMO),2025-03-07,ANURAS,PIIND,False,9,1,4.200238,7.237364,3.2757626
Specialty Chem (Custom Synthesis/CDMO),2025-03-07,ANURAS,NAVINFLUOR,False,9,1,-3.2175481,-6.87722,5.3127766
Specialty Chem (Custom Synthesis/CDMO),2025-03-07,ANURAS,AARTIIND,True,9,1,-8.012527,4.0110474,-18.587292
Specialty Chem (Custom Synthesis/CDMO),2025-03-07,ANURAS,NEOGEN,False,9,1,-13.941509,-22.28731,-31.45069
Specialty Chem (Custom Synthesis/CDMO),2025-03-07,ANURAS,CLEAN,False,9,1,-5.4454145,3.1119232,-21.091045
Specialty Chem (Custom Synthesis/CDMO),2025-03-07,ANURAS,TATVA,False,9,1,-4.110545,22.21918,37.328995
Specialty Chem (Custom Synthesis/CDMO),2025-03-07,ANURAS,AETHER,True,9,1,-7.4568806,-26.383038,-30.618984
Specialty Chem (Custom Synthesis/CDMO),2025-03-07,ANURAS,ROSSARI,False,9,1,-1.5915632,-11.684,-17.837168
Specialty Chem (Custom Synthesis/CDMO),2025-05-20,TATVA,PIIND,True,9,1,8.402789,2.2660732,-2.413702
Specialty Chem (Custom Synthesis/CDMO),2025-05-20,TATVA,NAVINFLUOR,True,9,1,5.5242414,12.802982,35.129116
Specialty Chem (Custom Synthesis/CDMO),2025-05-20,TATVA,AARTIIND,False,9,1,-6.964588,-21.830416,-20.193714
Specialty Chem (Custom Synthesis/CDMO),2025-05-20,TATVA,ANURAS,False,9,1,13.514554,17.610239,9.35961
Specialty Chem (Custom Synthesis/CDMO),2025-05-20,TATVA,NEOGEN,False,9,1,1.5909672,-6.235051,-8.474445
Specialty Chem (Custom Synthesis/CDMO),2025-05-20,TATVA,CLEAN,True,9,1,10.045195,-9.104437,-31.437128
Specialty Chem (Custom Synthesis/CDMO),2025-05-20,TATVA,AETHER,True,9,1,4.106152,-0.24579763,-2.6824355
Specialty Chem (Custom Synthesis/CDMO),2025-05-20,TATVA,ROSSARI,True,9,1,-1.1878729,-4.661274,-8.556324
Specialty Chem (Custom Synthesis/CDMO),2025-07-15,ROSSARI,PIIND,True,9,1,-2.3678417,-12.31429,-16.557402
Specialty Chem (Custom Synthesis/CDMO),2025-07-15,ROSSARI,NAVINFLUOR,True,9,1,1.9970417,-4.437601,17.940039
Specialty Chem (Custom Synthesis/CDMO),2025-07-15,ROSSARI,AARTIIND,True,9,1,-12.011301,-14.089978,-11.182945
Specialty Chem (Custom Synthesis/CDMO),2025-07-15,ROSSARI,ANURAS,False,9,1,3.3726692,-1.7237008,19.221954
Specialty Chem (Custom Synthesis/CDMO),2025-07-15,ROSSARI,NEOGEN,True,9,1,-4.390764,-3.8833497,-22.875673
Specialty Chem (Custom Synthesis/CDMO),2025-07-15,ROSSARI,CLEAN,False,9,1,-13.875271,-23.336554,-36.094677
Specialty Chem (Custom Synthesis/CDMO),2025-07-15,ROSSARI,TATVA,False,9,1,20.073807,17.453985,67.28733
Specialty Chem (Custom Synthesis/CDMO),2025-07-15,ROSSARI,AETHER,True,9,1,-5.139846,-6.7337217,19.93155
Specialty Chem (Custom Synthesis/CDMO),2025-10-15,TATVA,PIIND,True,9,1,0.7191539,-4.8810062,4.1236343
Specialty Chem (Custom Synthesis/CDMO),2025-10-15,TATVA,NAVINFLUOR,True,9,1,23.079847,18.528355,39.73485
Specialty Chem (Custom Synthesis/CDMO),2025-10-15,TATVA,AARTIIND,True,9,1,6.578827,3.8582206,22.481573
Specialty Chem (Custom Synthesis/CDMO),2025-10-15,TATVA,ANURAS,True,9,1,-5.527204,21.044933,32.830715
Specialty Chem (Custom Synthesis/CDMO),2025-10-15,TATVA,NEOGEN,True,9,1,-17.878574,-20.092346,-14.496571
Specialty Chem (Custom Synthesis/CDMO),2025-10-15,TATVA,CLEAN,True,9,1,-12.626791,-16.357296,-12.827091
Specialty Chem (Custom Synthesis/CDMO),2025-10-15,TATVA,AETHER,True,9,1,-0.7343054,36.24934,52.149155
Specialty Chem (Custom Synthesis/CDMO),2025-10-15,TATVA,ROSSARI,True,9,1,-4.146886,-10.793841,-15.888851
Specialty Chem (Custom Synthesis/CDMO),2026-01-06,AETHER,PIIND,True,9,1,4.551214,8.907426,-12.277079
Specialty Chem (Custom Synthesis/CDMO),2026-01-06,AETHER,NAVINFLUOR,True,9,1,14.015223,28.856987,29.39198
Specialty Chem (Custom Synthesis/CDMO),2026-01-06,AETHER,AARTIIND,True,9,1,19.379532,20.192934,15.862417
Specialty Chem (Custom Synthesis/CDMO),2026-01-06,AETHER,ANURAS,True,9,1,-2.50662,12.55644,-3.6794066
Specialty Chem (Custom Synthesis/CDMO),2026-01-06,AETHER,NEOGEN,False,9,1,18.11142,3.2286644,40.60227
Specialty Chem (Custom Synthesis/CDMO),2026-01-06,AETHER,CLEAN,True,9,1,6.0468435,-0.15065002,-5.4574966
Specialty Chem (Custom Synthesis/CDMO),2026-01-06,AETHER,TATVA,False,9,1,-4.581475,-8.678335,-22.180439
Specialty Chem (Custom Synthesis/CDMO),2026-01-06,AETHER,ROSSARI,True,9,1,3.6297262,-9.154438,2.5365233
Specialty Chem (Custom Synthesis/CDMO),2026-03-24,AETHER,PIIND,True,9,1,-2.95893,-13.218664,-36.06156
Specialty Chem (Custom Synthesis/CDMO),2026-03-24,AETHER,NAVINFLUOR,True,9,1,-11.446238,-1.183855,16.692986
Specialty Chem (Custom Synthesis/CDMO),2026-03-24,AETHER,AARTIIND,False,9,1,-11.47765,-6.057679,-9.470356
Specialty Chem (Custom Synthesis/CDMO),2026-03-24,AETHER,ANURAS,True,9,1,-9.323513,-14.999985,-22.33002
Specialty Chem (Custom Synthesis/CDMO),2026-03-24,AETHER,NEOGEN,False,9,1,-2.941227,34.50267,33.353924
Specialty Chem (Custom Synthesis/CDMO),2026-03-24,AETHER,CLEAN,True,9,1,-10.892105,-11.534214,-10.06831
Specialty Chem (Custom Synthesis/CDMO),2026-03-24,AETHER,TATVA,False,9,1,-9.2834,-21.926908,13.720036
Specialty Chem (Custom Synthesis/CDMO),2026-03-24,AETHER,ROSSARI,False,9,1,21.054996,16.217863,-4.357136
Specialty Chem (Custom Synthesis/CDMO),2026-06-24,AETHER,PIIND,True,9,1,-1.3745308,-20.880276,
Specialty Chem (Custom Synthesis/CDMO),2026-06-24,AETHER,NAVINFLUOR,False,9,1,1.592207,6.670141,
Specialty Chem (Custom Synthesis/CDMO),2026-06-24,AETHER,AARTIIND,True,9,1,6.7182302,2.01931,
Specialty Chem (Custom Synthesis/CDMO),2026-06-24,AETHER,ANURAS,True,9,1,-1.9172847,-7.3553805,
Specialty Chem (Custom Synthesis/CDMO),2026-06-24,AETHER,NEOGEN,False,9,1,4.8539877,14.889252,
Specialty Chem (Custom Synthesis/CDMO),2026-06-24,AETHER,CLEAN,True,9,1,-6.0188055,4.650712,
Specialty Chem (Custom Synthesis/CDMO),2026-06-24,AETHER,TATVA,True,9,1,38.445175,33.04149,
Specialty Chem (Custom Synthesis/CDMO),2026-06-24,AETHER,ROSSARI,False,9,1,-7.1654496,-17.872297,
Specialty Chem (Custom Synthesis/CDMO),2026-09-18,NEOGEN,PIIND,False,9,1,,,
Specialty Chem (Custom Synthesis/CDMO),2026-09-18,NEOGEN,NAVINFLUOR,True,9,1,,,
Specialty Chem (Custom Synthesis/CDMO),2026-09-18,NEOGEN,AARTIIND,True,9,1,,,
Specialty Chem (Custom Synthesis/CDMO),2026-09-18,NEOGEN,ANURAS,True,9,1,,,
Specialty Chem (Custom Synthesis/CDMO),2026-09-18,NEOGEN,CLEAN,True,9,1,,,
Specialty Chem (Custom Synthesis/CDMO),2026-09-18,NEOGEN,TATVA,False,9,1,,,
Specialty Chem (Custom Synthesis/CDMO),2026-09-18,NEOGEN,AETHER,True,9,1,,,
Specialty Chem (Custom Synthesis/CDMO),2026-09-18,NEOGEN,ROSSARI,True,9,1,,,
Phenol / Acetone / Basic Organics,2022-08-03,DEEPAKFERT,DEEPAKNTR,True,2,1,-6.095433,7.543254,-13.988054
Phenol / Acetone / Basic Organics,2022-10-20,DEEPAKFERT,DEEPAKNTR,True,2,1,-5.788076,-16.69017,-18.843538
Phenol / Acetone / Basic Organics,2023-05-24,DEEPAKNTR,DEEPAKFERT,True,2,1,-2.7738576,-18.863337,-18.805386
Phenol / Acetone / Basic Organics,2023-09-04,DEEPAKFERT,DEEPAKNTR,True,2,1,-6.807089,-9.430939,-21.425354
Phenol / Acetone / Basic Organics,2023-12-25,DEEPAKNTR,DEEPAKFERT,True,2,1,-12.028342,-29.25846,-20.938206
Phenol / Acetone / Basic Organics,2024-04-12,DEEPAKNTR,DEEPAKFERT,False,2,1,-3.3162653,22.047007,71.26981
Phenol / Acetone / Basic Organics,2024-06-19,DEEPAKFERT,DEEPAKNTR,True,2,1,6.6618085,7.5149174,2.8524752
Phenol / Acetone / Basic Organics,2024-10-29,DEEPAKFERT,DEEPAKNTR,True,2,1,2.0316005,-8.560878,-14.745993
Phenol / Acetone / Basic Organics,2025-05-28,DEEPAKFERT,DEEPAKNTR,True,2,1,-5.228293,-10.797125,-14.943474
Phenol / Acetone / Basic Organics,2026-04-21,DEEPAKFERT,DEEPAKNTR,False,2,1,10.123605,-4.8133135,-13.767159
Soda Ash / Chlor-Alkali,2022-04-01,GUJALKALI,TATACHEM,True,7,2,-8.581268,2.1975098,22.04517
Soda Ash / Chlor-Alkali,2022-04-01,GUJALKALI,DCW,False,7,2,6.5819263,-2.6264315,31.60447
Soda Ash / Chlor-Alkali,2022-04-01,GUJALKALI,CHEMPLASTS,False,7,2,-4.8618975,-12.422799,-33.505566
Soda Ash / Chlor-Alkali,2022-04-01,GUJALKALI,DCMSHRIRAM,False,7,2,-4.318589,-9.946387,-18.764519
Soda Ash / Chlor-Alkali,2022-04-01,GUJALKALI,NOCIL,False,7,2,-13.077116,20.391308,6.552184
Soda Ash / Chlor-Alkali,2022-08-10,TATACHEM,GHCL,True,7,1,-5.92196,-6.289816,-28.287132
Soda Ash / Chlor-Alkali,2022-08-10,TATACHEM,DCW,False,7,1,29.73063,57.375404,30.856323
Soda Ash / Chlor-Alkali,2022-08-10,TATACHEM,CHEMPLASTS,False,7,1,-16.059738,-24.222242,-2.9904366
Soda Ash / Chlor-Alkali,2022-08-10,TATACHEM,GUJALKALI,False,7,1,23.44737,14.282143,-12.342906
Soda Ash / Chlor-Alkali,2022-08-10,TATACHEM,DCMSHRIRAM,True,7,1,-4.4558525,-5.092263,-21.471561
Soda Ash / Chlor-Alkali,2022-08-10,TATACHEM,NOCIL,True,7,1,-1.5699983,-17.470343,-26.576965
Soda Ash / Chlor-Alkali,2022-12-01,CHEMPLASTS,TATACHEM,True,7,1,-9.253967,1.7208633,-9.621424
Soda Ash / Chlor-Alkali,2022-12-01,CHEMPLASTS,GHCL,True,7,1,-9.27689,-0.8056469,-18.328178
Soda Ash / Chlor-Alkali,2022-12-01,CHEMPLASTS,DCW,False,7,1,-2.010405,0.7139263,-14.351887
Soda Ash / Chlor-Alkali,2022-12-01,CHEMPLASTS,GUJALKALI,True,7,1,-4.840696,-9.939051,-5.9355855
Soda Ash / Chlor-Alkali,2022-12-01,CHEMPLASTS,DCMSHRIRAM,True,7,1,-0.25970936,4.984867,-10.4266405
Soda Ash / Chlor-Alkali,2022-12-01,CHEMPLASTS,NOCIL,False,7,1,1.9908488,6.4706025,-8.437479
Soda Ash / Chlor-Alkali,2023-04-26,GUJALKALI,TATACHEM,True,7,1,1.1068821,-11.001158,-22.816431
Soda Ash / Chlor-Alkali,2023-04-26,GUJALKALI,GHCL,True,7,1,-1.4842033,-9.67046,-5.4344883
Soda Ash / Chlor-Alkali,2023-04-26,GUJALKALI,DCW,True,7,1,-5.9247255,-23.15018,-7.1808453
Soda Ash / Chlor-Alkali,2023-04-26,GUJALKALI,CHEMPLASTS,True,7,1,-7.1855125,-19.383759,-23.023045
Soda Ash / Chlor-Alkali,2023-04-26,GUJALKALI,DCMSHRIRAM,True,7,1,-1.2350678,-8.375155,-7.8726406
Soda Ash / Chlor-Alkali,2023-04-26,GUJALKALI,NOCIL,True,7,1,-1.0225177,-17.608654,-31.152855
Soda Ash / Chlor-Alkali,2023-06-23,DCMSHRIRAM,TATACHEM,True,7,1,-5.510688,-9.240746,-27.645355
Soda Ash / Chlor-Alkali,2023-06-23,DCMSHRIRAM,GHCL,True,7,1,-3.0441523,9.2057,-17.20649
Soda Ash / Chlor-Alkali,2023-06-23,DCMSHRIRAM,DCW,True,7,1,-3.1096935,19.18229,-4.7131405
Soda Ash / Chlor-Alkali,2023-06-23,DCMSHRIRAM,CHEMPLASTS,False,7,1,-8.442312,-5.4370756,-17.204165
Soda Ash / Chlor-Alkali,2023-06-23,DCMSHRIRAM,GUJALKALI,True,7,1,-7.655418,-9.203875,-23.179626
Soda Ash / Chlor-Alkali,2023-06-23,DCMSHRIRAM,NOCIL,True,7,1,-9.959639,-10.215556,-17.046356
Soda Ash / Chlor-Alkali,2023-08-21,DCW,TATACHEM,True,7,1,-0.7492542,-14.891905,-35.41075
Soda Ash / Chlor-Alkali,2023-08-21,DCW,GHCL,True,7,1,20.97913,-6.1783075,-28.648067
Soda Ash / Chlor-Alkali,2023-08-21,DCW,CHEMPLASTS,True,7,1,-2.5330186,-11.952472,-29.022469
Soda Ash / Chlor-Alkali,2023-08-21,DCW,GUJALKALI,True,7,1,6.177557,0.8022785,-13.885677
Soda Ash / Chlor-Alkali,2023-08-21,DCW,DCMSHRIRAM,True,7,1,9.037161,-8.627695,-12.622227
Soda Ash / Chlor-Alkali,2023-08-21,DCW,NOCIL,True,7,1,1.5224338,-11.129749,-13.410843
Soda Ash / Chlor-Alkali,2023-10-16,GUJALKALI,TATACHEM,True,7,1,-8.813858,-9.669292,-0.634181
Soda Ash / Chlor-Alkali,2023-10-16,GUJALKALI,GHCL,True,7,1,-14.948994,-19.069677,-41.691597
Soda Ash / Chlor-Alkali,2023-10-16,GUJALKALI,DCW,False,7,1,-10.854841,-15.623194,-23.283176
Soda Ash / Chlor-Alkali,2023-10-16,GUJALKALI,CHEMPLASTS,True,7,1,-3.0949655,-5.9761763,-16.16481
Soda Ash / Chlor-Alkali,2023-10-16,GUJALKALI,DCMSHRIRAM,False,7,1,-8.61528,-1.2232656,-21.11686
Soda Ash / Chlor-Alkali,2023-10-16,GUJALKALI,NOCIL,True,7,1,-5.57822,-1.4878874,-7.0444107
Soda Ash / Chlor-Alkali,2023-12-11,NOCIL,TATACHEM,True,7,1,0.7664561,-14.023066,4.385805
Soda Ash / Chlor-Alkali,2023-12-11,NOCIL,GHCL,True,7,1,-3.5772681,-25.336765,-29.645395
Soda Ash / Chlor-Alkali,2023-12-11,NOCIL,DCW,True,7,1,-0.23487806,-5.4959536,-19.471365
Soda Ash / Chlor-Alkali,2023-12-11,NOCIL,CHEMPLASTS,True,7,1,-2.629304,-15.811289,-15.791046
Soda Ash / Chlor-Alkali,2023-12-11,NOCIL,GUJALKALI,True,7,1,-1.7356515,-4.8393726,-2.0479317
Soda Ash / Chlor-Alkali,2023-12-11,NOCIL,DCMSHRIRAM,True,7,1,3.6468983,-11.9354725,-13.391745
Soda Ash / Chlor-Alkali,2024-03-06,TATACHEM,GHCL,True,7,1,-3.0194879,-6.154317,16.585135
Soda Ash / Chlor-Alkali,2024-03-06,TATACHEM,DCW,False,7,1,-2.6166081,-15.617335,22.530165
Soda Ash / Chlor-Alkali,2024-03-06,TATACHEM,CHEMPLASTS,True,7,1,0.04736185,4.958642,3.3436298
Soda Ash / Chlor-Alkali,2024-03-06,TATACHEM,GUJALKALI,True,7,1,-10.15243,-1.6455054,-18.45702
Soda Ash / Chlor-Alkali,2024-03-06,TATACHEM,DCMSHRIRAM,True,7,1,-6.1653376,-1.499188,-1.6420956
Soda Ash / Chlor-Alkali,2024-03-06,TATACHEM,NOCIL,True,7,1,4.272628,-5.742794,-0.9205456
Soda Ash / Chlor-Alkali,2024-06-10,CHEMPLASTS,TATACHEM,True,7,1,-10.593647,-15.0603895,-5.3355093
Soda Ash / Chlor-Alkali,2024-06-10,CHEMPLASTS,GHCL,True,7,1,-0.8450632,15.275919,1.6967897
Soda Ash / Chlor-Alkali,2024-06-10,CHEMPLASTS,DCW,True,7,1,-2.6612406,39.132393,97.68353
Soda Ash / Chlor-Alkali,2024-06-10,CHEMPLASTS,GUJALKALI,True,7,1,-5.64611,-11.479664,-8.451891
Soda Ash / Chlor-Alkali,2024-06-10,CHEMPLASTS,DCMSHRIRAM,True,7,1,-10.594225,0.4837513,6.50642
Soda Ash / Chlor-Alkali,2024-06-10,CHEMPLASTS,NOCIL,True,7,1,4.025364,2.1196594,-4.906177
Soda Ash / Chlor-Alkali,2024-08-08,DCMSHRIRAM,TATACHEM,True,7,4,-0.5743742,14.46445,4.7417164
Soda Ash / Chlor-Alkali,2024-08-08,DCMSHRIRAM,CHEMPLASTS,False,7,4,-9.7348995,-10.025388,-4.1354594
Soda Ash / Chlor-Alkali,2024-08-08,DCMSHRIRAM,GUJALKALI,True,7,4,-0.65523386,13.596832,-1.1349502
Soda Ash / Chlor-Alkali,2024-10-11,GUJALKALI,GHCL,False,7,2,-2.0784855,20.617813,20.431751
Soda Ash / Chlor-Alkali,2024-10-11,GUJALKALI,DCW,False,7,2,8.67517,-10.646308,-4.545498
Soda Ash / Chlor-Alkali,2024-10-11,GUJALKALI,CHEMPLASTS,True,7,2,0.42043328,1.1638999,4.672867
Soda Ash / Chlor-Alkali,2024-10-11,GUJALKALI,DCMSHRIRAM,True,7,2,24.443626,7.7739296,23.579185
Soda Ash / Chlor-Alkali,2024-10-11,GUJALKALI,NOCIL,True,7,2,-1.8580914,-14.297295,-19.287218
Soda Ash / Chlor-Alkali,2024-12-10,GHCL,TATACHEM,True,7,1,-2.9993353,-3.1806755,-3.9614143
Soda Ash / Chlor-Alkali,2024-12-10,GHCL,DCW,False,7,1,-7.863819,-5.9071407,-10.772394
Soda Ash / Chlor-Alkali,2024-12-10,GHCL,CHEMPLASTS,True,7,1,1.2378275,5.5491695,-5.6211586
Soda Ash / Chlor-Alkali,2024-12-10,GHCL,GUJALKALI,True,7,1,-1.8638849,-10.620678,-15.154707
Soda Ash / Chlor-Alkali,2024-12-10,GHCL,DCMSHRIRAM,False,7,1,2.0875573,15.958602,6.201482
Soda Ash / Chlor-Alkali,2024-12-10,GHCL,NOCIL,True,7,1,-8.025658,-12.779324,-19.949562
Soda Ash / Chlor-Alkali,2025-06-06,NOCIL,TATACHEM,True,7,1,-1.8015981,0.7666409,-10.42682
Soda Ash / Chlor-Alkali,2025-06-06,NOCIL,GHCL,True,7,1,-3.9428055,-9.85992,-7.2409754
Soda Ash / Chlor-Alkali,2025-06-06,NOCIL,DCW,True,7,1,-3.5237074,-8.687174,-15.426934
Soda Ash / Chlor-Alkali,2025-06-06,NOCIL,CHEMPLASTS,True,7,1,-1.5277743,0.5924225,-32.794765
Soda Ash / Chlor-Alkali,2025-06-06,NOCIL,GUJALKALI,False,7,1,-3.9719164,0.78733563,-7.118392
Soda Ash / Chlor-Alkali,2025-06-06,NOCIL,DCMSHRIRAM,True,7,1,24.898754,17.573046,20.517181
Soda Ash / Chlor-Alkali,2026-02-12,CHEMPLASTS,TATACHEM,True,7,1,7.351202,21.745907,-0.12848377
Soda Ash / Chlor-Alkali,2026-02-12,CHEMPLASTS,GHCL,True,7,1,0.53760433,6.094325,-12.862534
Soda Ash / Chlor-Alkali,2026-02-12,CHEMPLASTS,DCW,False,7,1,-9.6467085,-5.1049767,-16.896503
Soda Ash / Chlor-Alkali,2026-02-12,CHEMPLASTS,GUJALKALI,True,7,1,1.2122574,70.31148,42.55606
Soda Ash / Chlor-Alkali,2026-02-12,CHEMPLASTS,DCMSHRIRAM,True,7,1,-0.7446108,19.977367,-0.94292164
Soda Ash / Chlor-Alkali,2026-02-12,CHEMPLASTS,NOCIL,False,7,1,-9.535729,15.1968355,-4.018748
Soda Ash / Chlor-Alkali,2026-04-28,TATACHEM,GHCL,True,7,1,-12.457191,-21.63291,
Soda Ash / Chlor-Alkali,2026-04-28,TATACHEM,DCW,False,7,1,1.9149303,-4.360962,
Soda Ash / Chlor-Alkali,2026-04-28,TATACHEM,CHEMPLASTS,False,7,1,-7.4372115,-28.877956,
Soda Ash / Chlor-Alkali,2026-04-28,TATACHEM,GUJALKALI,False,7,1,5.440831,-9.3773,
Soda Ash / Chlor-Alkali,2026-04-28,TATACHEM,DCMSHRIRAM,False,7,1,-4.4353247,-13.051253,
Soda Ash / Chlor-Alkali,2026-04-28,TATACHEM,NOCIL,False,7,1,-10.7014065,-15.554696,
Soda Ash / Chlor-Alkali,2026-08-24,GUJALKALI,TATACHEM,True,7,1,11.549317,,
Soda Ash / Chlor-Alkali,2026-08-24,GUJALKALI,GHCL,True,7,1,-4.281193,,
Soda Ash / Chlor-Alkali,2026-08-24,GUJALKALI,DCW,True,7,1,2.012515,,
Soda Ash / Chlor-Alkali,2026-08-24,GUJALKALI,CHEMPLASTS,False,7,1,1.8310785,,
Soda Ash / Chlor-Alkali,2026-08-24,GUJALKALI,DCMSHRIRAM,True,7,1,-7.7375355,,
Soda Ash / Chlor-Alkali,2026-08-24,GUJALKALI,NOCIL,True,7,1,18.109428,,
Rubber Chemicals / Carbon Black,2022-07-20,PCBL,NOCIL,False,2,1,-10.083079,-18.001276,-30.237669
Rubber Chemicals / Carbon Black,2023-05-08,NOCIL,PCBL,True,2,1,-0.9091854,2.6525383,16.235676
Rubber Chemicals / Carbon Black,2023-09-08,NOCIL,PCBL,True,2,1,12.469625,36.66686,36.390163
Rubber Chemicals / Carbon Black,2023-11-23,PCBL,NOCIL,True,2,1,1.8501401,-2.754653,-12.117088
Rubber Chemicals / Carbon Black,2024-01-18,PCBL,NOCIL,False,2,1,0.43985844,-4.0634274,-7.222664
Rubber Chemicals / Carbon Black,2024-06-20,NOCIL,PCBL,False,2,1,9.609472,88.88971,82.06799
Rubber Chemicals / Carbon Black,2025-06-06,NOCIL,PCBL,True,2,1,-3.8657486,-7.7661276,-18.47284
Rubber Chemicals / Carbon Black,2026-07-29,PCBL,NOCIL,True,2,1,-3.3620179,,
Rubber Chemicals / Carbon Black,2026-09-23,NOCIL,PCBL,True,2,1,,,
Amines / Solvents,2022-08-01,ALKYLAMINE,BALAMINES,True,3,1,-12.204832,-22.995068,-44.188587
Amines / Solvents,2023-04-12,BALAMINES,ALKYLAMINE,True,3,1,-0.07288456,-7.366253,-37.262615
Amines / Solvents,2023-06-13,ALKYLAMINE,BALAMINES,False,3,1,-3.6749363,-16.8746,-31.057812
Amines / Solvents,2023-12-06,BALAMINES,ALKYLAMINE,True,3,1,8.134424,-19.408192,-32.77867
Amines / Solvents,2023-12-06,BALAMINES,AMNPLST,False,3,1,-8.9342,-14.268297,-0.47439384
Amines / Solvents,2024-04-23,AMNPLST,ALKYLAMINE,True,3,1,-7.2781205,-16.558235,-4.2490005
Amines / Solvents,2024-04-23,AMNPLST,BALAMINES,True,3,1,-0.22735596,-9.273743,-16.711271
Amines / Solvents,2024-06-18,AMNPLST,ALKYLAMINE,True,3,1,-2.049923,4.589224,-1.1123905
Amines / Solvents,2024-06-18,AMNPLST,BALAMINES,True,3,1,-1.4005065,-8.075261,-17.71819
Amines / Solvents,2024-09-06,ALKYLAMINE,BALAMINES,True,3,1,1.0694385,-7.4639616,-18.764502
Amines / Solvents,2024-09-06,ALKYLAMINE,AMNPLST,False,3,1,-4.5548854,-14.7630625,-5.0997143
Amines / Solvents,2024-12-25,AMNPLST,ALKYLAMINE,True,3,1,-0.3887477,2.2609768,18.48228
Amines / Solvents,2024-12-25,AMNPLST,BALAMINES,True,3,1,-5.6094475,-18.633932,-20.729214
Amines / Solvents,2025-06-12,AMNPLST,ALKYLAMINE,True,3,1,14.027309,2.5962234,-15.350712
Amines / Solvents,2025-06-12,AMNPLST,BALAMINES,False,3,1,26.016151,2.209735,-17.898441
Amines / Solvents,2025-10-22,AMNPLST,ALKYLAMINE,True,3,1,-7.6844454,-8.845448,-20.475174
Amines / Solvents,2025-10-22,AMNPLST,BALAMINES,False,3,1,-12.741542,-2.025711,-12.691784
Amines / Solvents,2026-05-04,BALAMINES,ALKYLAMINE,False,3,1,1.4754176,10.511351,
Paints,2022-06-30,SHALPAINTS,ASIANPAINT,True,6,1,14.096713,14.2355795,-9.5745325
Paints,2022-06-30,SHALPAINTS,BERGEPAINT,False,6,1,1.28547,-3.0413275,-19.699085
Paints,2022-06-30,SHALPAINTS,KANSAINER,True,6,1,1.9656057,19.922127,-3.0088787
Paints,2022-06-30,SHALPAINTS,INDIGOPNTS,True,6,1,-7.734728,-5.2333956,-32.233482
Paints,2022-06-30,SHALPAINTS,AKZOINDIA,True,6,1,-2.0887852,0.9324312,-3.1008606
Paints,2022-09-15,AKZOINDIA,ASIANPAINT,False,6,1,-0.89570284,-6.68872,-7.67597
Paints,2022-09-15,AKZOINDIA,BERGEPAINT,True,6,1,-1.4607368,-6.9943366,-2.1490393
Paints,2022-09-15,AKZOINDIA,KANSAINER,False,6,1,-1.5340266,-13.257521,-10.275602
Paints,2022-09-15,AKZOINDIA,INDIGOPNTS,True,6,1,-1.4756379,-20.175642,-30.252485
Paints,2022-09-15,AKZOINDIA,SHALPAINTS,False,6,1,3.0945063,-14.826424,0.81356144
Paints,2023-07-10,AKZOINDIA,ASIANPAINT,True,6,1,-6.4514756,-20.38899,-25.527494
Paints,2023-07-10,AKZOINDIA,BERGEPAINT,True,6,1,-0.41685104,-29.61241,-37.99748
Paints,2023-07-10,AKZOINDIA,KANSAINER,False,6,1,0.07158518,-11.990833,-20.899427
Paints,2023-07-10,AKZOINDIA,INDIGOPNTS,False,6,1,4.485452,-11.743557,-23.676718
Paints,2023-07-10,AKZOINDIA,SHALPAINTS,True,6,1,-4.0909767,-9.379208,-13.706374
Paints,2023-10-12,SHALPAINTS,ASIANPAINT,True,6,1,0.90426207,-5.3387756,-19.782866
Paints,2023-10-12,SHALPAINTS,BERGEPAINT,False,6,1,5.71692,-6.5684433,-8.623136
Paints,2023-10-12,SHALPAINTS,KANSAINER,True,6,1,-2.0312848,-8.774888,-28.47674
Paints,2023-10-12,SHALPAINTS,INDIGOPNTS,True,6,1,4.4724584,-9.410369,-23.376686
Paints,2023-10-12,SHALPAINTS,AKZOINDIA,True,6,1,1.5717387,-5.559003,-13.87381
Paints,2023-12-27,KANSAINER,ASIANPAINT,True,6,1,-17.144178,-15.816743,-32.349556
Paints,2023-12-27,KANSAINER,BERGEPAINT,True,6,1,-9.01156,-4.9263477,-32.337738
Paints,2023-12-27,KANSAINER,INDIGOPNTS,True,6,1,-9.739452,-10.349095,-26.408518
Paints,2023-12-27,KANSAINER,AKZOINDIA,True,6,1,-3.847611,-5.7894287,-9.133554
Paints,2023-12-27,KANSAINER,SHALPAINTS,True,6,1,8.462822,-11.797685,-32.414402
Paints,2024-07-10,INDIGOPNTS,ASIANPAINT,True,6,1,2.6569486,1.8321514,-27.742702
Paints,2024-07-10,INDIGOPNTS,BERGEPAINT,True,6,1,0.5683541,10.194778,-19.452858
Paints,2024-07-10,INDIGOPNTS,KANSAINER,True,6,1,5.014324,2.781784,-10.718375
Paints,2024-07-10,INDIGOPNTS,AKZOINDIA,True,6,1,13.248372,38.25113,24.727047
Paints,2024-07-10,INDIGOPNTS,SHALPAINTS,True,6,1,-2.809149,-16.308296,-18.637108
Paints,2024-10-09,AKZOINDIA,ASIANPAINT,True,6,1,-5.7444572,-24.226456,-6.016321
Paints,2024-10-09,AKZOINDIA,BERGEPAINT,True,6,1,-8.644223,-20.897108,1.0891666
Paints,2024-10-09,AKZOINDIA,KANSAINER,True,6,1,-1.8210053,-10.234898,0.3771305
Paints,2024-10-09,AKZOINDIA,INDIGOPNTS,True,6,1,12.064702,-3.990084,-14.942318
Paints,2024-10-09,AKZOINDIA,SHALPAINTS,True,6,1,-6.78432,-4.551649,-1.6801414
Paints,2025-11-11,INDIGOPNTS,ASIANPAINT,True,6,1,10.0900955,-1.471365,-1.04177
Paints,2025-11-11,INDIGOPNTS,BERGEPAINT,True,6,1,3.7222745,-4.8814297,-9.527504
Paints,2025-11-11,INDIGOPNTS,KANSAINER,True,6,1,-4.130787,8.279652,-2.001268
Paints,2025-11-11,INDIGOPNTS,AKZOINDIA,True,6,1,12.718219,-6.4867144,
Paints,2025-11-11,INDIGOPNTS,SHALPAINTS,True,6,1,-14.478773,-15.007866,-33.933342
Paints,2026-05-07,KANSAINER,ASIANPAINT,True,6,1,6.9784346,7.482123,
Paints,2026-05-07,KANSAINER,BERGEPAINT,True,6,1,3.0306756,5.7417274,
Paints,2026-05-07,KANSAINER,INDIGOPNTS,False,6,1,5.1650467,15.854382,
Paints,2026-05-07,KANSAINER,SHALPAINTS,False,6,1,-9.054225,18.627834,
Paints,2026-07-20,SHALPAINTS,ASIANPAINT,True,6,1,-1.4896214,,
Paints,2026-07-20,SHALPAINTS,BERGEPAINT,True,6,1,10.607588,,
Paints,2026-07-20,SHALPAINTS,KANSAINER,True,6,1,0.9415746,,
Paints,2026-07-20,SHALPAINTS,INDIGOPNTS,True,6,1,6.3547254,,
Explosives,2022-08-04,SOLARINDS,GOCLCORP,False,3,1,10.852921,-3.3638835,32.598557
Explosives,2022-08-04,SOLARINDS,PREMEXPLN,True,3,1,33.707657,24.910854,4.1617517
Explosives,2022-11-18,GOCLCORP,SOLARINDS,True,3,1,0.43917894,-2.19661,-5.8934393
Explosives,2022-11-18,GOCLCORP,PREMEXPLN,False,3,1,-7.4185014,-5.793792,7.2801228
Explosives,2023-05-03,PREMEXPLN,SOLARINDS,True,3,1,-5.579555,-16.235115,2.5273323
Explosives,2023-05-03,PREMEXPLN,GOCLCORP,True,3,1,-3.8039267,4.358732,73.364746
Explosives,2023-07-10,PREMEXPLN,SOLARINDS,True,3,1,2.8392787,20.817316,60.27873
Explosives,2023-07-10,PREMEXPLN,GOCLCORP,True,3,1,31.25868,47.05957,37.539207
Explosives,2023-10-02,GOCLCORP,SOLARINDS,False,3,1,14.870125,27.662395,74.003006
Explosives,2023-10-02,GOCLCORP,PREMEXPLN,False,3,1,24.234598,43.116833,30.993258
Explosives,2024-03-04,PREMEXPLN,SOLARINDS,True,3,1,33.94417,41.159904,37.833702
Explosives,2024-03-04,PREMEXPLN,GOCLCORP,True,3,1,21.017557,-8.43997,-8.06706
Explosives,2024-06-10,PREMEXPLN,SOLARINDS,True,3,1,20.895374,3.7220478,-0.36156082
Explosives,2024-06-10,PREMEXPLN,GOCLCORP,False,3,1,2.9318924,2.3806572,-18.238014
Explosives,2025-04-29,PREMEXPLN,SOLARINDS,False,3,1,12.517786,-2.0954494,-4.414308
Explosives,2025-04-29,PREMEXPLN,GOCLCORP,False,3,1,-1.750052,25.179493,13.380909
Explosives,2026-03-04,SOLARINDS,GOCLCORP,False,3,1,15.851175,43.276855,39.507732
Explosives,2026-03-04,SOLARINDS,PREMEXPLN,True,3,1,-14.969231,22.72272,7.7232704
Explosives,2026-05-19,SOLARINDS,GOCLCORP,False,3,1,31.187605,31.4669,
Explosives,2026-05-19,SOLARINDS,PREMEXPLN,False,3,1,35.90951,15.676773,
Petrochem / Polymers,2022-08-23,BEPL,SPLPETRO,True,2,1,-13.538534,-12.153387,-56.687912
Petrochem / Polymers,2023-01-04,BEPL,SPLPETRO,True,2,1,-48.099327,-43.20491,-56.32405
Petrochem / Polymers,2023-05-03,BEPL,SPLPETRO,True,2,1,-7.533586,2.3984413,25.63591
Petrochem / Polymers,2023-10-05,SPLPETRO,BEPL,True,2,1,-9.181899,-9.0281725,-23.269104
Petrochem / Polymers,2023-12-13,BEPL,SPLPETRO,False,2,1,-8.492684,13.500107,1.9343967
Petrochem / Polymers,2024-02-19,SPLPETRO,BEPL,True,2,1,-3.0784016,-3.897357,33.54527
Petrochem / Polymers,2024-06-19,BEPL,SPLPETRO,True,2,1,18.911362,8.777952,-4.1700726
Petrochem / Polymers,2025-06-23,SPLPETRO,BEPL,False,2,1,-1.726532,-7.0922794,-15.374529
Petrochem / Polymers,2026-04-21,BEPL,SPLPETRO,False,2,1,-8.27614,-12.4768915,-2.9693127
Petrochem / Polymers,2026-06-18,BEPL,SPLPETRO,True,2,1,-3.641957,12.069786,
Petrochem / Polymers,2026-09-07,SPLPETRO,BEPL,False,2,1,2.629036,,
Hospitals,2022-07-18,ASTERDM,APOLLOHOSP,False,12,1,2.6318436,-2.441883,-2.9037838
Hospitals,2022-07-18,ASTERDM,MAXHEALTH,True,12,1,-0.19340515,8.908726,15.815674
Hospitals,2022-07-18,ASTERDM,FORTIS,True,12,1,7.2367907,-6.577718,-5.556858
Hospitals,2022-07-18,ASTERDM,NH,True,12,1,-7.446045,-12.003338,-14.607645
Hospitals,2022-07-18,ASTERDM,KIMS,True,12,1,-4.7106028,10.437811,9.451328
Hospitals,2022-07-18,ASTERDM,RAINBOW,True,12,1,15.89216,26.623764,68.08629
Hospitals,2022-07-18,ASTERDM,SHALBY,False,12,1,10.356379,10.631132,30.791985
Hospitals,2022-07-18,ASTERDM,KRSNAA,True,12,1,-25.67855,-25.331425,-35.759605
Hospitals,2022-09-15,MAXHEALTH,APOLLOHOSP,True,12,3,2.8482735,6.7868114,10.251081
Hospitals,2022-09-15,MAXHEALTH,NH,True,12,3,5.5265427,2.263546,14.107347
Hospitals,2022-09-15,MAXHEALTH,KIMS,True,12,3,22.390104,18.195236,16.728413
Hospitals,2022-09-15,MAXHEALTH,RAINBOW,False,12,3,11.795961,34.247635,43.649117
Hospitals,2022-09-15,MAXHEALTH,ASTERDM,False,12,3,0.57712793,-9.276545,-2.3015738
Hospitals,2022-09-15,MAXHEALTH,KRSNAA,True,12,3,-0.5670247,-8.891052,-20.54835
Hospitals,2023-01-03,SHALBY,APOLLOHOSP,True,12,1,-0.7579088,11.280161,2.6584988
Hospitals,2023-01-03,SHALBY,MAXHEALTH,True,12,1,3.3887982,15.544207,18.505466
Hospitals,2023-01-03,SHALBY,FORTIS,True,12,1,3.787315,6.1615047,-5.4278965
Hospitals,2023-01-03,SHALBY,NH,True,12,1,1.3734579,16.683693,24.55771
Hospitals,2023-01-03,SHALBY,MEDANTA,False,12,1,1.2388945,18.770605,32.79133
Hospitals,2023-01-03,SHALBY,KIMS,True,12,1,4.4649544,4.374153,1.8806229
Hospitals,2023-01-03,SHALBY,RAINBOW,False,12,1,2.9154122,4.9637794,17.634094
Hospitals,2023-01-03,SHALBY,ASTERDM,True,12,1,-4.4758444,16.153246,11.075724
Hospitals,2023-01-03,SHALBY,KRSNAA,True,12,1,-2.434474,11.218792,24.787333
Hospitals,2023-03-14,MAXHEALTH,APOLLOHOSP,True,12,2,-8.260566,-5.733263,-26.773546
Hospitals,2023-03-14,MAXHEALTH,FORTIS,True,12,2,-9.526169,-13.315712,-12.806688
Hospitals,2023-03-14,MAXHEALTH,NH,True,12,2,-7.3689938,-7.037222,-15.097832
Hospitals,2023-03-14,MAXHEALTH,KIMS,True,12,2,-1.5586257,-2.8876057,2.1364365
Hospitals,2023-03-14,MAXHEALTH,RAINBOW,True,12,2,-5.081713,15.526592,16.842724
Hospitals,2023-03-14,MAXHEALTH,ASTERDM,True,12,2,-0.5631685,-3.8225632,0.63542175
Hospitals,2023-03-14,MAXHEALTH,SHALBY,False,12,2,30.278421,14.61282,67.90854
Hospitals,2023-03-14,MAXHEALTH,KRSNAA,False,12,2,32.674763,36.34478,27.049149
Hospitals,2023-05-15,MAXHEALTH,APOLLOHOSP,True,12,2,0.64361095,-9.126066,-16.240097
Hospitals,2023-05-15,MAXHEALTH,FORTIS,True,12,2,-2.9933453,-0.23426819,-2.529646
Hospitals,2023-05-15,MAXHEALTH,NH,True,12,2,15.697968,8.874882,1.4282589
Hospitals,2023-05-15,MAXHEALTH,MEDANTA,True,12,2,4.38565,5.2546043,14.965033
Hospitals,2023-05-15,MAXHEALTH,KIMS,True,12,2,-0.59980154,3.7813911,-5.070997
Hospitals,2023-05-15,MAXHEALTH,ASTERDM,True,12,2,3.5938506,6.6116467,8.347559
Hospitals,2023-05-15,MAXHEALTH,SHALBY,False,12,2,-4.8306108,22.60133,45.45334
Hospitals,2023-05-15,MAXHEALTH,KRSNAA,False,12,2,9.180641,-15.187275,10.963345
Hospitals,2023-07-11,FORTIS,APOLLOHOSP,True,12,5,-10.429102,-17.057413,-18.549442
Hospitals,2023-07-11,FORTIS,MAXHEALTH,False,12,5,-15.655214,-18.82274,-16.752459
Hospitals,2023-07-11,FORTIS,NH,False,12,5,-8.454829,-7.074153,-14.250256
Hospitals,2023-07-11,FORTIS,RAINBOW,False,12,5,-7.1431694,-12.57869,-12.821615
Hospitals,2023-07-11,FORTIS,KRSNAA,True,12,5,-16.572989,-1.2004251,-2.2944927
Hospitals,2023-09-05,SHALBY,APOLLOHOSP,True,12,1,1.711595,3.7142634,11.955109
Hospitals,2023-09-05,SHALBY,MAXHEALTH,True,12,1,-1.3642728,-2.7443051,22.051823
Hospitals,2023-09-05,SHALBY,FORTIS,True,12,1,0.4775524,7.512307,8.718395
Hospitals,2023-09-05,SHALBY,NH,True,12,1,6.7704797,14.04072,4.656864
Hospitals,2023-09-05,SHALBY,MEDANTA,True,12,1,6.3237667,16.477228,66.48306
Hospitals,2023-09-05,SHALBY,KIMS,True,12,1,-8.611584,-15.748793,-20.393108
Hospitals,2023-09-05,SHALBY,RAINBOW,True,12,1,-2.1009743,2.467382,-0.030862808
Hospitals,2023-09-05,SHALBY,ASTERDM,True,12,1,-0.21243095,-5.0114274,17.823982
Hospitals,2023-09-05,SHALBY,YATHARTH,False,12,1,2.7875423,12.963606,5.0446396
Hospitals,2023-09-05,SHALBY,KRSNAA,False,12,1,-0.1814127,-9.741062,-22.953247
Hospitals,2023-11-17,NH,APOLLOHOSP,True,12,1,-5.725062,-2.5901566,-10.899746
Hospitals,2023-11-17,NH,MAXHEALTH,True,12,1,6.193614,23.792397,9.547247
Hospitals,2023-11-17,NH,FORTIS,True,12,1,3.5933733,1.9915466,8.342062
Hospitals,2023-11-17,NH,MEDANTA,False,12,1,-4.5451403,25.919495,44.62059
Hospitals,2023-11-17,NH,KIMS,True,12,1,-2.4009705,-3.3755417,-16.852926
Hospitals,2023-11-17,NH,RAINBOW,True,12,1,-3.249371,-5.5827866,15.681803
Hospitals,2023-11-17,NH,ASTERDM,True,12,1,6.3048725,4.8959618,-24.546093
Hospitals,2023-11-17,NH,YATHARTH,True,12,1,-6.773746,-6.8786507,-5.7015896
Hospitals,2023-11-17,NH,JLHL,False,12,1,8.085335,-6.4994106,-1.5876884
Hospitals,2023-11-17,NH,SHALBY,False,12,1,1.6144161,-18.047369,-31.604975
Hospitals,2023-11-17,NH,KRSNAA,True,12,1,5.6291695,-7.5606947,-31.227165
Hospitals,2024-01-23,MAXHEALTH,APOLLOHOSP,True,12,1,2.740466,1.4168024,-16.55221
Hospitals,2024-01-23,MAXHEALTH,FORTIS,False,12,1,-1.5791774,4.830539,-4.861128
Hospitals,2024-01-23,MAXHEALTH,NH,True,12,1,3.2867556,-0.9757042,-22.6543
Hospitals,2024-01-23,MAXHEALTH,MEDANTA,False,12,1,16.7765,22.888697,0.74534416
Hospitals,2024-01-23,MAXHEALTH,KIMS,True,12,1,4.207921,-7.9446554,-18.272638
Hospitals,2024-01-23,MAXHEALTH,RAINBOW,True,12,1,-4.5363545,5.165481,-16.98842
Hospitals,2024-01-23,MAXHEALTH,ASTERDM,False,12,1,4.421711,17.166222,-42.541874
Hospitals,2024-01-23,MAXHEALTH,YATHARTH,True,12,1,18.372356,17.318571,-6.7876215
Hospitals,2024-01-23,MAXHEALTH,JLHL,True,12,1,27.013134,12.2525215,-2.4435997
Hospitals,2024-01-23,MAXHEALTH,SHALBY,True,12,1,-7.951057,-15.045904,-24.551748
Hospitals,2024-01-23,MAXHEALTH,KRSNAA,True,12,1,-5.258906,-17.469513,-19.829548
Hospitals,2024-04-15,ASTERDM,APOLLOHOSP,True,12,1,-9.025198,-17.327929,-10.043216
Hospitals,2024-04-15,ASTERDM,MAXHEALTH,True,12,1,-5.45693,-1.6616106,-0.94041824
Hospitals,2024-04-15,ASTERDM,FORTIS,True,12,1,0.8648515,-8.786297,22.475983
Hospitals,2024-04-15,ASTERDM,NH,True,12,1,-2.4665296,-19.709795,-25.684483
Hospitals,2024-04-15,ASTERDM,MEDANTA,False,12,1,-0.91245174,-20.781464,-45.606667
Hospitals,2024-04-15,ASTERDM,KIMS,True,12,1,-0.5628109,-10.032582,-95.739975
Hospitals,2024-04-15,ASTERDM,RAINBOW,False,12,1,1.4623642,-20.030869,-18.26129
Hospitals,2024-04-15,ASTERDM,YATHARTH,False,12,1,-4.4955072,-22.44693,-0.46229362
Hospitals,2024-04-15,ASTERDM,JLHL,False,12,1,2.9363513,-10.627031,-3.1102066
Hospitals,2024-04-15,ASTERDM,SHALBY,False,12,1,-1.8176973,-7.4862003,-14.827431
Hospitals,2024-04-15,ASTERDM,KRSNAA,True,12,1,-2.9274583,-3.8441896,17.538868
Hospitals,2024-06-13,KRSNAA,APOLLOHOSP,True,12,1,-4.1363716,-1.1808872,0.7538681
Hospitals,2024-06-13,KRSNAA,MAXHEALTH,True,12,1,-1.974988,-9.193075,5.479599
Hospitals,2024-06-13,KRSNAA,FORTIS,True,12,1,-5.831313,7.8977947,32.64011
Hospitals,2024-06-13,KRSNAA,NH,True,12,1,-6.4181566,-7.128179,-6.0062404
Hospitals,2024-06-13,KRSNAA,MEDANTA,False,12,1,-3.4570932,-17.906021,-19.920498
Hospitals,2024-06-13,KRSNAA,KIMS,True,12,1,0.72181225,20.61498,-79.89838
Hospitals,2024-06-13,KRSNAA,RAINBOW,False,12,1,-11.513203,-14.954061,17.047943
Hospitals,2024-06-13,KRSNAA,ASTERDM,False,12,1,-13.599563,-1.0361557,28.485584
Hospitals,2024-06-13,KRSNAA,YATHARTH,True,12,1,-7.9056263,7.7317944,28.578247
Hospitals,2024-06-13,KRSNAA,JLHL,True,12,1,-0.3758073,0.62288094,17.747189
Hospitals,2024-06-13,KRSNAA,SHALBY,True,12,1,-1.4161944,-6.8891525,-25.702839
Hospitals,2024-08-21,YATHARTH,APOLLOHOSP,True,12,2,1.6743541,7.5336933,9.781647
Hospitals,2024-08-21,YATHARTH,MAXHEALTH,False,12,2,8.479511,21.45077,32.243896
Hospitals,2024-08-21,YATHARTH,FORTIS,False,12,2,10.119104,23.81512,31.667053
Hospitals,2024-08-21,YATHARTH,NH,True,12,2,-1.1506319,6.1330557,17.296648
Hospitals,2024-08-21,YATHARTH,MEDANTA,False,12,2,0.7370949,1.5998778,12.765158
Hospitals,2024-08-21,YATHARTH,KIMS,False,12,2,-80.135475,-71.27621,-65.15255
Hospitals,2024-08-21,YATHARTH,RAINBOW,True,12,2,4.3323874,43.457592,26.481915
Hospitals,2024-08-21,YATHARTH,JLHL,True,12,2,-1.0589004,15.397394,31.187105
Hospitals,2024-08-21,YATHARTH,SHALBY,False,12,2,0.58392286,-17.057919,-10.479456
Hospitals,2024-08-21,YATHARTH,KRSNAA,False,12,2,12.615538,30.602884,29.920626
Hospitals,2024-10-24,ASTERDM,APOLLOHOSP,True,12,2,1.322031,-0.71219206,12.80458
Hospitals,2024-10-24,ASTERDM,MAXHEALTH,True,12,2,11.947447,14.398415,23.487377
Hospitals,2024-10-24,ASTERDM,FORTIS,True,12,2,18.715162,11.158461,22.169209
Hospitals,2024-10-24,ASTERDM,NH,True,12,2,4.5705976,6.296891,57.70227
Hospitals,2024-10-24,ASTERDM,MEDANTA,True,12,2,6.070858,-3.1399548,23.93633
Hospitals,2024-10-24,ASTERDM,KIMS,False,12,2,15.913242,18.106335,36.992607
Hospitals,2024-10-24,ASTERDM,YATHARTH,False,12,2,-2.82349,-30.1013,-9.697748
Hospitals,2024-10-24,ASTERDM,JLHL,True,12,2,15.082759,14.232761,19.661867
Hospitals,2024-10-24,ASTERDM,SHALBY,True,12,2,-11.664862,-6.1825867,-8.614857
Hospitals,2024-10-24,ASTERDM,KRSNAA,False,12,2,23.347897,10.204393,11.436057
Hospitals,2025-02-25,NH,APOLLOHOSP,True,12,1,4.255372,-1.7028809,13.329458
Hospitals,2025-02-25,NH,MAXHEALTH,True,12,1,10.81658,-1.4683723,7.3026657
Hospitals,2025-02-25,NH,FORTIS,True,12,1,10.834867,5.297756,40.192642
Hospitals,2025-02-25,NH,MEDANTA,True,12,1,0.56177974,-13.672256,0.8507252
Hospitals,2025-02-25,NH,KIMS,True,12,1,21.138151,13.454914,29.498316
Hospitals,2025-02-25,NH,RAINBOW,False,12,1,4.1140137,-7.1731095,5.2697296
Hospitals,2025-02-25,NH,ASTERDM,True,12,1,10.668903,19.135178,33.13703
Hospitals,2025-02-25,NH,YATHARTH,False,12,1,11.098235,22.306038,74.29178
Hospitals,2025-02-25,NH,JLHL,True,12,1,5.8347883,-13.400519,-17.01159
Hospitals,2025-02-25,NH,SHALBY,True,12,1,-2.2043765,-14.709091,-15.025354
Hospitals,2025-02-25,NH,KRSNAA,False,12,1,10.015851,-26.583338,-4.2576914
Hospitals,2025-07-03,ASTERDM,APOLLOHOSP,True,12,1,0.96656084,1.8920541,-1.0128617
Hospitals,2025-07-03,ASTERDM,MAXHEALTH,True,12,1,-2.4047315,-11.062032,-11.897123
Hospitals,2025-07-03,ASTERDM,FORTIS,True,12,1,9.836608,25.744541,19.028652
Hospitals,2025-07-03,ASTERDM,NH,False,12,1,-2.6694477,-8.129191,-0.96182203
Hospitals,2025-07-03,ASTERDM,MEDANTA,True,12,1,11.981577,13.898045,5.265796
Hospitals,2025-07-03,ASTERDM,KIMS,True,12,1,13.347584,7.5360594,0.5936265
Hospitals,2025-07-03,ASTERDM,RAINBOW,True,12,1,-2.0378232,-11.992991,-8.808756
Hospitals,2025-07-03,ASTERDM,YATHARTH,False,12,1,15.855938,36.27015,28.764688
Hospitals,2025-07-03,ASTERDM,JLHL,True,12,1,-2.206814,3.6861002,-0.6010356
Hospitals,2025-07-03,ASTERDM,SHALBY,True,12,1,14.37437,37.327618,14.420891
Hospitals,2025-07-03,ASTERDM,KRSNAA,True,12,1,23.124928,11.868268,8.384359
Hospitals,2025-09-05,SHALBY,APOLLOHOSP,True,12,4,-2.6808262,-4.3387237,6.6170993
Hospitals,2025-09-05,SHALBY,MAXHEALTH,True,12,4,-3.4447074,-1.5263081,0.6611409
Hospitals,2025-09-05,SHALBY,NH,False,12,4,-0.6421447,9.286106,15.989309
Hospitals,2025-09-05,SHALBY,KIMS,True,12,4,-3.6478758,-4.8346105,4.613501
Hospitals,2025-09-05,SHALBY,RAINBOW,True,12,4,-12.871641,-9.724409,-11.372936
Hospitals,2025-09-05,SHALBY,ASTERDM,True,12,4,4.1899443,6.877625,2.1553936
Hospitals,2025-09-05,SHALBY,JLHL,True,12,4,3.3014894,5.622041,-3.062212
Hospitals,2025-09-05,SHALBY,KRSNAA,True,12,4,-8.412886,-1.2853444,-16.149128
Hospitals,2025-11-17,NH,APOLLOHOSP,True,12,1,-1.1743546,1.8900869,9.669834
Hospitals,2025-11-17,NH,MAXHEALTH,True,12,1,0.9537103,-4.367161,-3.480935
Hospitals,2025-11-17,NH,FORTIS,True,12,1,-3.688693,-0.009716034,7.2630467
Hospitals,2025-11-17,NH,MEDANTA,True,12,1,-0.30259466,-6.4970255,-1.5295858
Hospitals,2025-11-17,NH,KIMS,True,12,1,3.30112,1.2341261,3.7398698
Hospitals,2025-11-17,NH,RAINBOW,True,12,1,8.293766,-6.617058,2.6999953
Hospitals,2025-11-17,NH,ASTERDM,True,12,1,-4.8306885,-15.854139,4.1940813
Hospitals,2025-11-17,NH,YATHARTH,True,12,1,-8.014655,-15.39365,-4.6176615
Hospitals,2025-11-17,NH,JLHL,True,12,1,1.3892891,-5.4794493,-5.0377426
Hospitals,2025-11-17,NH,SHALBY,False,12,1,-8.501308,-17.761528,-28.059292
Hospitals,2025-11-17,NH,KRSNAA,True,12,1,-5.1741066,-9.813791,-25.908703
Hospitals,2026-05-04,ASTERDM,APOLLOHOSP,True,12,1,4.7574997,9.513271,
Hospitals,2026-05-04,ASTERDM,MAXHEALTH,True,12,1,-7.263863,9.649265,
Hospitals,2026-05-04,ASTERDM,FORTIS,True,12,1,-2.5244832,-5.893153,
Hospitals,2026-05-04,ASTERDM,NH,True,12,1,6.110251,9.699238,
Hospitals,2026-05-04,ASTERDM,MEDANTA,True,12,1,-0.26780367,15.338741,
Hospitals,2026-05-04,ASTERDM,KIMS,True,12,1,10.311031,12.3811245,
Hospitals,2026-05-04,ASTERDM,RAINBOW,True,12,1,8.600723,12.891972,
Hospitals,2026-05-04,ASTERDM,YATHARTH,False,12,1,-3.5659611,-2.0977855,
Hospitals,2026-05-04,ASTERDM,JLHL,True,12,1,4.8734546,-78.4988,
Hospitals,2026-05-04,ASTERDM,SHALBY,False,12,1,3.7133574,-4.5907736,
Hospitals,2026-05-04,ASTERDM,KRSNAA,False,12,1,-8.100486,-12.759029,
Hospitals,2026-08-26,YATHARTH,APOLLOHOSP,True,12,1,3.3770561,,
Hospitals,2026-08-26,YATHARTH,MAXHEALTH,True,12,1,5.389118,,
Hospitals,2026-08-26,YATHARTH,FORTIS,True,12,1,-2.2457004,,
Hospitals,2026-08-26,YATHARTH,NH,True,12,1,1.8704414,,
Hospitals,2026-08-26,YATHARTH,MEDANTA,True,12,1,2.476287,,
Hospitals,2026-08-26,YATHARTH,KIMS,True,12,1,5.474639,,
Hospitals,2026-08-26,YATHARTH,RAINBOW,True,12,1,-2.8523088,,
Hospitals,2026-08-26,YATHARTH,ASTERDM,True,12,1,-0.34256577,,
Hospitals,2026-08-26,YATHARTH,JLHL,False,12,1,-8.34136,,
Hospitals,2026-08-26,YATHARTH,SHALBY,True,12,1,-7.2428346,,
Hospitals,2026-08-26,YATHARTH,KRSNAA,True,12,1,-1.0460794,,
Diagnostics,2022-09-06,VIJAYA,LALPATHLAB,False,4,1,3.1617641,-1.1431098,-12.740601
Diagnostics,2022-09-06,VIJAYA,METROPOLIS,True,4,1,14.353931,6.094504,3.619963
Diagnostics,2022-09-06,VIJAYA,THYROCARE,True,4,1,8.854162,-6.5022054,-21.842861
Diagnostics,2023-06-19,"LALPATHLAB,METROPOLIS",THYROCARE,True,4,2,12.081098,-4.3363686,-2.912939
Diagnostics,2023-06-19,"LALPATHLAB,METROPOLIS",VIJAYA,True,4,2,7.840026,-0.7766838,37.48764
Diagnostics,2023-10-12,VIJAYA,LALPATHLAB,True,4,1,10.6637,-8.749783,-21.070993
Diagnostics,2023-10-12,VIJAYA,METROPOLIS,True,4,1,11.170459,0.23421097,0.8171911
Diagnostics,2023-10-12,VIJAYA,THYROCARE,True,4,1,0.16888976,7.1647053,-2.0379667
Diagnostics,2023-12-22,THYROCARE,LALPATHLAB,True,4,1,-13.636244,-23.702751,-8.142387
Diagnostics,2023-12-22,THYROCARE,METROPOLIS,True,4,1,-14.392,-11.609549,-2.8970242
Diagnostics,2023-12-22,THYROCARE,VIJAYA,False,4,1,-6.5264106,-7.152897,10.618603
Diagnostics,2024-04-12,METROPOLIS,LALPATHLAB,True,4,1,-0.23248792,6.8995247,16.64226
Diagnostics,2024-04-12,METROPOLIS,THYROCARE,True,4,1,0.7667959,-11.919987,9.163988
Diagnostics,2024-04-12,METROPOLIS,VIJAYA,True,4,1,17.793459,-0.030481339,6.818735
Diagnostics,2024-07-24,THYROCARE,LALPATHLAB,False,4,1,5.7223673,7.941985,2.0465612
Diagnostics,2024-07-24,THYROCARE,METROPOLIS,True,4,1,-1.68612,1.8756986,-3.93188
Diagnostics,2024-07-24,THYROCARE,VIJAYA,True,4,1,12.308108,27.50821,64.428474
Diagnostics,2024-11-08,VIJAYA,LALPATHLAB,True,4,1,-1.5729189,1.5821991,9.358293
Diagnostics,2024-11-08,VIJAYA,METROPOLIS,True,4,1,-0.530684,-7.5602465,-3.6948738
Diagnostics,2024-11-08,VIJAYA,THYROCARE,True,4,1,-2.0361543,-10.20782,10.487335
Diagnostics,2025-07-09,METROPOLIS,LALPATHLAB,True,4,1,12.533599,9.043348,-46.66031
Diagnostics,2025-07-09,METROPOLIS,THYROCARE,False,4,1,27.217644,12.2394085,-52.346157
Diagnostics,2025-07-09,METROPOLIS,VIJAYA,True,4,1,7.503694,-0.12086034,8.395111
Diagnostics,2026-05-04,"LALPATHLAB,VIJAYA",METROPOLIS,False,4,2,9.802222,12.471474,
Diagnostics,2026-05-04,"LALPATHLAB,VIJAYA",THYROCARE,True,4,2,24.213385,24.498045,
Diagnostics,2026-08-12,VIJAYA,LALPATHLAB,True,4,1,-2.3486912,,
Diagnostics,2026-08-12,VIJAYA,METROPOLIS,True,4,1,8.368576,,
Diagnostics,2026-08-12,VIJAYA,THYROCARE,True,4,1,-12.464595,,
Pharma (Large),2022-08-04,CIPLA,SUNPHARMA,True,9,1,-11.874987,3.3483982,4.3470383
Pharma (Large),2022-08-04,CIPLA,DRREDDY,True,9,1,-6.585801,-0.4757762,-5.3154106
Pharma (Large),2022-08-04,CIPLA,LUPIN,True,9,1,-9.214562,-1.447618,6.107641
Pharma (Large),2022-08-04,CIPLA,ZYDUSLIFE,True,9,1,-6.373978,11.4915495,11.96599
Pharma (Large),2022-08-04,CIPLA,TORNTPHARM,False,9,1,-10.743929,-1.6429305,-7.5292463
Pharma (Large),2022-08-04,CIPLA,ALKEM,True,9,1,-7.7505236,-2.9482722,-9.080994
Pharma (Large),2022-08-04,CIPLA,AUROPHARMA,True,9,1,-13.708604,-13.134277,-31.824923
Pharma (Large),2022-10-03,"LUPIN,ZYDUSLIFE",SUNPHARMA,True,9,2,4.3689013,3.5665035,6.7076325
Pharma (Large),2022-10-03,"LUPIN,ZYDUSLIFE",CIPLA,True,9,2,-0.05532503,-5.3438783,-18.412262
Pharma (Large),2022-10-03,"LUPIN,ZYDUSLIFE",DRREDDY,True,9,2,-2.978623,-6.1851206,5.387509
Pharma (Large),2022-10-03,"LUPIN,ZYDUSLIFE",TORNTPHARM,True,9,2,1.2099147,-2.8976142,1.319772
Pharma (Large),2022-10-03,"LUPIN,ZYDUSLIFE",ALKEM,True,9,2,-6.83378,-8.117592,0.17933846
Pharma (Large),2022-10-03,"LUPIN,ZYDUSLIFE",AUROPHARMA,True,9,2,-2.7453303,-20.625824,-10.584854
Pharma (Large),2023-02-06,ZYDUSLIFE,SUNPHARMA,True,9,1,-4.1061583,-11.036253,-17.745638
Pharma (Large),2023-02-06,ZYDUSLIFE,CIPLA,True,9,1,-12.887841,-19.370401,-23.415257
Pharma (Large),2023-02-06,ZYDUSLIFE,DRREDDY,True,9,1,3.6324143,5.7939053,-1.3148785
Pharma (Large),2023-02-06,ZYDUSLIFE,LUPIN,True,9,1,-9.527164,-12.331992,0.4448166
Pharma (Large),2023-02-06,ZYDUSLIFE,TORNTPHARM,True,9,1,-1.0945678,-0.50572157,5.462372
Pharma (Large),2023-02-06,ZYDUSLIFE,ALKEM,True,9,1,4.4767857,6.844616,-2.0209198
Pharma (Large),2023-02-06,ZYDUSLIFE,AUROPHARMA,True,9,1,14.065254,41.12699,63.954075
Pharma (Large),2023-05-12,LUPIN,SUNPHARMA,True,9,1,-2.5727868,1.7255287,-4.826605
Pharma (Large),2023-05-12,LUPIN,CIPLA,True,9,1,-2.1042585,11.635374,4.188633
Pharma (Large),2023-05-12,LUPIN,DRREDDY,True,9,1,-1.0025859,9.087002,-0.22097969
Pharma (Large),2023-05-12,LUPIN,ZYDUSLIFE,True,9,1,-6.6354456,9.097467,-9.106804
Pharma (Large),2023-05-12,LUPIN,TORNTPHARM,True,9,1,3.9351816,12.505436,4.1838284
Pharma (Large),2023-05-12,LUPIN,ALKEM,True,9,1,-5.3292155,2.8360958,-13.257778
Pharma (Large),2023-05-12,LUPIN,AUROPHARMA,False,9,1,4.385376,20.728683,25.728811
Pharma (Large),2023-07-26,ALKEM,SUNPHARMA,True,9,1,-4.274583,-10.30811,-9.27142
Pharma (Large),2023-07-26,ALKEM,CIPLA,True,9,1,9.848738,-0.7321234,-4.01392
Pharma (Large),2023-07-26,ALKEM,DRREDDY,True,9,1,3.397345,-10.34572,-22.722853
Pharma (Large),2023-07-26,ALKEM,LUPIN,True,9,1,10.893785,16.753376,31.69416
Pharma (Large),2023-07-26,ALKEM,ZYDUSLIFE,True,9,1,-1.6976714,-20.285654,-14.899958
Pharma (Large),2023-07-26,ALKEM,TORNTPHARM,True,9,1,-6.965667,-13.342237,-4.8284073
Pharma (Large),2023-07-26,ALKEM,MANKIND,False,9,1,-5.034089,-15.49167,-11.143316
Pharma (Large),2023-07-26,ALKEM,AUROPHARMA,False,9,1,0.93078613,5.276848,20.473778
Pharma (Large),2023-11-07,ALKEM,SUNPHARMA,True,9,1,-1.0879993,-4.601883,1.3371468
Pharma (Large),2023-11-07,ALKEM,CIPLA,True,9,1,-6.288862,-17.12017,-18.47148
Pharma (Large),2023-11-07,ALKEM,DRREDDY,True,9,1,-0.061309338,-13.671673,-15.317726
Pharma (Large),2023-11-07,ALKEM,LUPIN,True,9,1,2.7876973,6.294691,12.351345
Pharma (Large),2023-11-07,ALKEM,ZYDUSLIFE,True,9,1,-0.79381466,4.802477,35.1781
Pharma (Large),2023-11-07,ALKEM,TORNTPHARM,True,9,1,-1.8624425,2.0061493,6.5224876
Pharma (Large),2023-11-07,ALKEM,MANKIND,True,9,1,1.7445321,-7.3340416,13.029705
Pharma (Large),2023-11-07,ALKEM,AUROPHARMA,True,9,1,6.7258716,6.3367367,-10.009623
Pharma (Large),2024-01-02,LUPIN,SUNPHARMA,True,9,2,-0.6546736,23.783134,-1.4914398
Pharma (Large),2024-01-02,LUPIN,CIPLA,True,9,2,-7.1680727,11.506152,-0.08367348
Pharma (Large),2024-01-02,LUPIN,DRREDDY,True,9,2,-7.931757,4.002309,-17.743147
Pharma (Large),2024-01-02,LUPIN,TORNTPHARM,True,9,2,0.017046928,11.18443,5.484724
Pharma (Large),2024-01-02,LUPIN,MANKIND,True,9,2,-9.083867,11.356175,-8.2890625
Pharma (Large),2024-01-02,LUPIN,ALKEM,False,9,2,-11.105323,-3.0531466,-18.212582
Pharma (Large),2024-01-02,LUPIN,AUROPHARMA,True,9,2,-0.61302185,-7.597047,-10.366821
Pharma (Large),2024-03-27,MANKIND,SUNPHARMA,True,9,1,-18.75446,-25.691212,-16.238762
Pharma (Large),2024-03-27,MANKIND,CIPLA,True,9,1,-15.825719,-12.856985,-20.021082
Pharma (Large),2024-03-27,MANKIND,DRREDDY,True,9,1,-12.917257,-20.90233,-21.892357
Pharma (Large),2024-03-27,MANKIND,LUPIN,True,9,1,-12.620515,-21.1762,6.7952404
Pharma (Large),2024-03-27,MANKIND,ZYDUSLIFE,False,9,1,-17.99559,-12.06081,-20.00319
Pharma (Large),2024-03-27,MANKIND,TORNTPHARM,True,9,1,-6.939996,-7.2745686,2.2577038
Pharma (Large),2024-03-27,MANKIND,ALKEM,True,9,1,-17.033852,-15.838063,-5.8429604
Pharma (Large),2024-03-27,MANKIND,AUROPHARMA,True,9,1,-10.093641,-5.3077946,9.5358715
Pharma (Large),2024-07-26,TORNTPHARM,SUNPHARMA,True,9,1,1.2940288,8.672703,9.108138
Pharma (Large),2024-07-26,TORNTPHARM,CIPLA,True,9,1,-2.3221195,-4.24608,-1.4187093
Pharma (Large),2024-07-26,TORNTPHARM,DRREDDY,True,9,1,-1.190865,-4.766369,-73.387146
Pharma (Large),2024-07-26,TORNTPHARM,LUPIN,True,9,1,11.443079,15.6502,24.248672
Pharma (Large),2024-07-26,TORNTPHARM,ZYDUSLIFE,True,9,1,-4.561293,-17.989958,-11.945772
Pharma (Large),2024-07-26,TORNTPHARM,MANKIND,True,9,1,12.617195,25.994432,29.774405
Pharma (Large),2024-07-26,TORNTPHARM,ALKEM,True,9,1,6.477964,13.167583,6.022954
Pharma (Large),2024-07-26,TORNTPHARM,AUROPHARMA,True,9,1,8.671677,3.4733772,-9.0134735
Pharma (Large),2024-12-19,MANKIND,SUNPHARMA,True,9,1,3.3825574,17.313898,0.5631561
Pharma (Large),2024-12-19,MANKIND,CIPLA,True,9,1,2.4882317,22.914564,9.48925
Pharma (Large),2024-12-19,MANKIND,DRREDDY,False,9,1,4.949546,10.646492,9.731125
Pharma (Large),2024-12-19,MANKIND,LUPIN,True,9,1,3.71654,15.934282,1.1063929
Pharma (Large),2024-12-19,MANKIND,ZYDUSLIFE,True,9,1,6.932026,14.414793,6.995493
Pharma (Large),2024-12-19,MANKIND,TORNTPHARM,True,9,1,-1.701951,12.229615,2.5584455
Pharma (Large),2024-12-19,MANKIND,ALKEM,True,9,1,0.98643875,11.534929,-3.26643
Pharma (Large),2024-12-19,MANKIND,AUROPHARMA,True,9,1,-1.1692109,12.443376,-0.5793934
Pharma (Large),2025-06-30,TORNTPHARM,SUNPHARMA,True,9,1,3.9470553,-2.357775,11.976677
Pharma (Large),2025-06-30,TORNTPHARM,CIPLA,True,9,1,6.755018,2.6741087,7.3225374
Pharma (Large),2025-06-30,TORNTPHARM,DRREDDY,False,9,1,2.6851177,1.695782,7.53023
Pharma (Large),2025-06-30,TORNTPHARM,LUPIN,True,9,1,3.526616,3.2721221,17.132061
Pharma (Large),2025-06-30,TORNTPHARM,ZYDUSLIFE,True,9,1,1.3706207,5.194253,0.07991791
Pharma (Large),2025-06-30,TORNTPHARM,MANKIND,True,9,1,11.926794,9.590691,0.12292242
Pharma (Large),2025-06-30,TORNTPHARM,ALKEM,True,9,1,4.560399,13.439852,19.571144
Pharma (Large),2025-06-30,TORNTPHARM,AUROPHARMA,True,9,1,1.6782761,-3.3260226,14.352411
Pharma (Large),2025-11-10,TORNTPHARM,SUNPHARMA,True,9,1,11.805899,6.1093926,8.431965
Pharma (Large),2025-11-10,TORNTPHARM,CIPLA,True,9,1,5.090553,-6.506754,-10.048479
Pharma (Large),2025-11-10,TORNTPHARM,DRREDDY,True,9,1,11.666304,12.172532,25.133568
Pharma (Large),2025-11-10,TORNTPHARM,LUPIN,True,9,1,10.054988,17.22076,23.126549
Pharma (Large),2025-11-10,TORNTPHARM,ZYDUSLIFE,True,9,1,3.5006764,2.977437,5.406636
Pharma (Large),2025-11-10,TORNTPHARM,MANKIND,True,9,1,3.7254455,2.5004745,7.764453
Pharma (Large),2025-11-10,TORNTPHARM,ALKEM,True,9,1,4.5927887,7.4445543,0.42203712
Pharma (Large),2025-11-10,TORNTPHARM,AUROPHARMA,True,9,1,7.967216,11.629319,29.00849
Pharma (Large),2026-02-16,TORNTPHARM,SUNPHARMA,True,9,1,15.755886,6.8957334,7.6477046
Pharma (Large),2026-02-16,TORNTPHARM,CIPLA,True,9,1,6.734544,-7.0275187,0.8811717
Pharma (Large),2026-02-16,TORNTPHARM,DRREDDY,True,9,1,11.483448,0.8863926,-11.827887
Pharma (Large),2026-02-16,TORNTPHARM,LUPIN,True,9,1,13.994116,-1.68221,-0.09832382
Pharma (Large),2026-02-16,TORNTPHARM,ZYDUSLIFE,True,9,1,8.305979,1.8766642,15.307594
Pharma (Large),2026-02-16,TORNTPHARM,MANKIND,True,9,1,11.439817,15.273594,11.367573
Pharma (Large),2026-02-16,TORNTPHARM,ALKEM,True,9,1,8.018785,-1.0593653,-3.6854982
Pharma (Large),2026-02-16,TORNTPHARM,AUROPHARMA,True,9,1,18.9122,22.263132,23.42428
Pharma (Large),2026-04-23,DRREDDY,SUNPHARMA,True,9,1,12.234449,9.898984,2.3806095
Pharma (Large),2026-04-23,DRREDDY,CIPLA,True,9,1,7.0150256,3.293252,-2.2942424
Pharma (Large),2026-04-23,DRREDDY,LUPIN,True,9,1,-2.7663946,0.6235957,-19.639141
Pharma (Large),2026-04-23,DRREDDY,ZYDUSLIFE,True,9,1,9.184563,15.760148,15.14094
Pharma (Large),2026-04-23,DRREDDY,TORNTPHARM,True,9,1,7.42805,14.092778,8.967376
Pharma (Large),2026-04-23,DRREDDY,MANKIND,True,9,1,9.310949,4.866934,1.4355302
Pharma (Large),2026-04-23,DRREDDY,ALKEM,True,9,1,-0.68039894,-2.7569413,-7.27213
Pharma (Large),2026-04-23,DRREDDY,AUROPHARMA,True,9,1,7.4177027,1.7008781,12.239038
Pharma (Mid/Small),2022-09-05,UNICHEMLAB,AJANTPHARM,False,11,1,-0.48747683,-8.919138,-5.9711275
Pharma (Mid/Small),2022-09-05,UNICHEMLAB,IPCALAB,True,11,1,9.357012,1.08428,1.7280998
Pharma (Mid/Small),2022-09-05,UNICHEMLAB,GLENMARK,True,11,1,11.853016,14.504135,16.572018
Pharma (Mid/Small),2022-09-05,UNICHEMLAB,NATCOPHARM,True,11,1,3.12981,-9.906805,-6.667882
Pharma (Mid/Small),2022-09-05,UNICHEMLAB,JBCHEPHARM,False,11,1,10.448885,4.472995,6.4296427
Pharma (Mid/Small),2022-09-05,UNICHEMLAB,ERIS,True,11,1,8.574116,-4.087913,-4.5998335
Pharma (Mid/Small),2022-09-05,UNICHEMLAB,ALEMBICLTD,False,11,1,-5.6775813,-2.1519601,-6.8470116
Pharma (Mid/Small),2022-09-05,UNICHEMLAB,INDOCO,True,11,1,-4.9168763,5.7144165,0.13426566
Pharma (Mid/Small),2022-09-05,UNICHEMLAB,MARKSANS,False,11,1,-9.358824,10.096205,31.578297
Pharma (Mid/Small),2022-09-05,UNICHEMLAB,CAPLIPOINT,False,11,1,0.3052652,-4.0389004,-7.9117775
Pharma (Mid/Small),2022-11-01,UNICHEMLAB,AJANTPHARM,True,11,2,-9.065413,-10.892081,0.6230116
Pharma (Mid/Small),2022-11-01,UNICHEMLAB,IPCALAB,True,11,2,-8.03926,-8.055324,-11.910391
Pharma (Mid/Small),2022-11-01,UNICHEMLAB,GLENMARK,True,11,2,3.683412,-1.6281307,20.051897
Pharma (Mid/Small),2022-11-01,UNICHEMLAB,NATCOPHARM,True,11,2,-11.964905,-16.20596,-7.8912735
Pharma (Mid/Small),2022-11-01,UNICHEMLAB,JBCHEPHARM,True,11,2,-1.5243888,-2.4159908,8.346987
Pharma (Mid/Small),2022-11-01,UNICHEMLAB,ALEMBICLTD,True,11,2,-1.4145255,-0.9149909,-7.411206
Pharma (Mid/Small),2022-11-01,UNICHEMLAB,INDOCO,True,11,2,6.3110595,0.8717537,-15.07963
Pharma (Mid/Small),2022-11-01,UNICHEMLAB,MARKSANS,True,11,2,17.01504,31.307354,55.970943
Pharma (Mid/Small),2022-11-01,UNICHEMLAB,CAPLIPOINT,True,11,2,0.45405626,-7.095605,-17.097908
Pharma (Mid/Small),2023-01-11,MARKSANS,AJANTPHARM,True,11,1,8.88021,17.43415,18.551527
Pharma (Mid/Small),2023-01-11,MARKSANS,IPCALAB,True,11,1,5.721104,-0.484169,-26.084908
Pharma (Mid/Small),2023-01-11,MARKSANS,GLENMARK,True,11,1,-5.3495703,17.377132,45.187317
Pharma (Mid/Small),2023-01-11,MARKSANS,NATCOPHARM,True,11,1,1.4581859,13.726622,17.11012
Pharma (Mid/Small),2023-01-11,MARKSANS,JBCHEPHARM,True,11,1,10.5121975,6.5035877,13.550579
Pharma (Mid/Small),2023-01-11,MARKSANS,ERIS,True,11,1,4.643929,-3.9750042,-7.9521422
Pharma (Mid/Small),2023-01-11,MARKSANS,ALEMBICLTD,True,11,1,-0.71263885,-0.51242733,-0.028562546
Pharma (Mid/Small),2023-01-11,MARKSANS,UNICHEMLAB,False,11,1,11.72688,19.811266,15.676008
Pharma (Mid/Small),2023-01-11,MARKSANS,INDOCO,True,11,1,-13.922304,-15.800768,-34.219383
Pharma (Mid/Small),2023-01-11,MARKSANS,CAPLIPOINT,True,11,1,1.4068782,-10.733861,-2.9886608
Pharma (Mid/Small),2023-04-07,JBCHEPHARM,AJANTPHARM,True,11,1,-4.47073,-1.6284466,-0.68214035
Pharma (Mid/Small),2023-04-07,JBCHEPHARM,IPCALAB,True,11,1,-21.667362,-28.434097,-27.078367
Pharma (Mid/Small),2023-04-07,JBCHEPHARM,GLENMARK,False,11,1,7.7615614,22.328878,31.754028
Pharma (Mid/Small),2023-04-07,JBCHEPHARM,NATCOPHARM,True,11,1,-1.376152,1.9983292,12.093521
Pharma (Mid/Small),2023-04-07,JBCHEPHARM,ERIS,True,11,1,-0.5690217,0.46635818,2.7431602
Pharma (Mid/Small),2023-04-07,JBCHEPHARM,ALEMBICLTD,True,11,1,-3.7500262,0.09757233,-14.378
Pharma (Mid/Small),2023-04-07,JBCHEPHARM,UNICHEMLAB,False,11,1,3.9707422,-7.860136,-12.179672
Pharma (Mid/Small),2023-04-07,JBCHEPHARM,INDOCO,True,11,1,-6.0016155,-19.159286,-31.868446
Pharma (Mid/Small),2023-04-07,JBCHEPHARM,MARKSANS,True,11,1,5.911994,15.720953,13.1073
Pharma (Mid/Small),2023-04-07,JBCHEPHARM,CAPLIPOINT,True,11,1,3.8096905,13.543867,28.15932
Pharma (Mid/Small),2023-06-05,MARKSANS,AJANTPHARM,True,11,3,1.6196251,8.942926,24.749159
Pharma (Mid/Small),2023-06-05,MARKSANS,IPCALAB,True,11,3,-2.3643017,7.131363,32.24099
Pharma (Mid/Small),2023-06-05,MARKSANS,GLENMARK,False,11,3,1.383698,8.044554,9.009386
Pharma (Mid/Small),2023-06-05,MARKSANS,JBCHEPHARM,True,11,3,6.1643953,21.765053,-87.79829
Pharma (Mid/Small),2023-06-05,MARKSANS,ERIS,True,11,3,2.1834373,8.602978,11.556757
Pharma (Mid/Small),2023-06-05,MARKSANS,UNICHEMLAB,False,11,3,-2.502644,-4.373598,-10.893965
Pharma (Mid/Small),2023-06-05,MARKSANS,INDOCO,True,11,3,-6.5147457,-19.109577,-23.25654
Pharma (Mid/Small),2023-06-05,MARKSANS,CAPLIPOINT,False,11,3,0.6527066,17.268887,20.515692
Pharma (Mid/Small),2023-07-31,UNICHEMLAB,IPCALAB,True,11,7,-1.7724633,7.2154408,10.795105
Pharma (Mid/Small),2023-07-31,UNICHEMLAB,GLENMARK,False,11,7,-6.706667,-0.92538595,-7.591177
Pharma (Mid/Small),2023-07-31,UNICHEMLAB,NATCOPHARM,False,11,7,3.3372402,-10.384732,-29.936726
Pharma (Mid/Small),2023-07-31,UNICHEMLAB,INDOCO,True,11,7,-2.155888,-6.0097933,-11.501396
Pharma (Mid/Small),2023-10-02,GLENMARK,AJANTPHARM,False,11,2,2.1924558,4.182971,11.841177
Pharma (Mid/Small),2023-10-02,GLENMARK,IPCALAB,True,11,2,16.476791,12.045239,22.385168
Pharma (Mid/Small),2023-10-02,GLENMARK,NATCOPHARM,False,11,2,-4.202544,-21.321064,-5.2802925
Pharma (Mid/Small),2023-10-02,GLENMARK,JBCHEPHARM,False,11,2,-5.425501,4.6028852,2.7113438
Pharma (Mid/Small),2023-10-02,GLENMARK,ERIS,True,11,2,-2.2731304,-13.33096,-18.977089
Pharma (Mid/Small),2023-10-02,GLENMARK,ALEMBICLTD,True,11,2,-0.9894428,-3.1413794,-17.021858
Pharma (Mid/Small),2023-10-02,GLENMARK,UNICHEMLAB,True,11,2,9.977133,-9.508157,13.099348
Pharma (Mid/Small),2023-10-02,GLENMARK,MARKSANS,True,11,2,-5.511814,21.071075,5.4914827
Pharma (Mid/Small),2023-10-02,GLENMARK,CAPLIPOINT,False,11,2,-3.109479,18.736805,6.356632
Pharma (Mid/Small),2023-11-29,MARKSANS,AJANTPHARM,True,11,1,-0.6118059,-5.4304485,7.785656
Pharma (Mid/Small),2023-11-29,MARKSANS,IPCALAB,False,11,1,-12.351639,-8.929813,-5.7082996
Pharma (Mid/Small),2023-11-29,MARKSANS,GLENMARK,True,11,1,3.0243878,-0.861145,14.641285
Pharma (Mid/Small),2023-11-29,MARKSANS,NATCOPHARM,True,11,1,-4.0824533,13.432991,2.094389
Pharma (Mid/Small),2023-11-29,MARKSANS,JBCHEPHARM,False,11,1,18.570982,11.353468,19.784058
Pharma (Mid/Small),2023-11-29,MARKSANS,ERIS,True,11,1,-10.256147,-27.246649,-25.604021
Pharma (Mid/Small),2023-11-29,MARKSANS,ALEMBICLTD,True,11,1,2.252936,4.7717323,2.6704922
Pharma (Mid/Small),2023-11-29,MARKSANS,UNICHEMLAB,True,11,1,-8.719152,11.458372,11.438347
Pharma (Mid/Small),2023-11-29,MARKSANS,INDOCO,True,11,1,5.4273486,-18.766285,-29.800623
Pharma (Mid/Small),2023-11-29,MARKSANS,CAPLIPOINT,True,11,1,12.883484,15.107418,1.2723923
Pharma (Mid/Small),2024-02-05,UNICHEMLAB,AJANTPHARM,True,11,1,-3.4646692,-1.3317704,-7.697165
Pharma (Mid/Small),2024-02-05,UNICHEMLAB,IPCALAB,True,11,1,6.737137,14.086533,-6.662154
Pharma (Mid/Small),2024-02-05,UNICHEMLAB,GLENMARK,True,11,1,4.9849987,21.339882,52.982292
Pharma (Mid/Small),2024-02-05,UNICHEMLAB,NATCOPHARM,True,11,1,15.227902,8.449352,30.916618
Pharma (Mid/Small),2024-02-05,UNICHEMLAB,JBCHEPHARM,False,11,1,-7.459408,8.090568,-7.5990915
Pharma (Mid/Small),2024-02-05,UNICHEMLAB,ERIS,True,11,1,1.1804819,-2.6445866,0.9138708
Pharma (Mid/Small),2024-02-05,UNICHEMLAB,ALEMBICLTD,True,11,1,-1.2247264,-7.570201,37.498737
Pharma (Mid/Small),2024-02-05,UNICHEMLAB,INDOCO,True,11,1,-1.9564092,-12.134541,-22.300888
Pharma (Mid/Small),2024-02-05,UNICHEMLAB,MARKSANS,False,11,1,3.9725184,24.938452,28.880585
Pharma (Mid/Small),2024-02-05,UNICHEMLAB,CAPLIPOINT,False,11,1,7.1510673,-3.6095083,-3.9681559
Pharma (Mid/Small),2024-04-04,IPCALAB,AJANTPHARM,True,11,1,-1.2300849,-5.683685,20.770826
Pharma (Mid/Small),2024-04-04,IPCALAB,GLENMARK,False,11,1,1.2191176,10.401892,43.3534
Pharma (Mid/Small),2024-04-04,IPCALAB,NATCOPHARM,False,11,1,-5.891615,0.97776604,35.59784
Pharma (Mid/Small),2024-04-04,IPCALAB,JBCHEPHARM,True,11,1,6.5206294,-12.198664,-9.870779
Pharma (Mid/Small),2024-04-04,IPCALAB,ERIS,True,11,1,1.8216252,11.771416,47.155396
Pharma (Mid/Small),2024-04-04,IPCALAB,ALEMBICLTD,False,11,1,-8.534973,3.8510551,30.317057
Pharma (Mid/Small),2024-04-04,IPCALAB,UNICHEMLAB,True,11,1,12.918472,-3.71213,7.558668
Pharma (Mid/Small),2024-04-04,IPCALAB,INDOCO,True,11,1,-7.81914,-17.285002,-13.197529
Pharma (Mid/Small),2024-04-04,IPCALAB,MARKSANS,True,11,1,13.571655,0.8451462,99.15237
Pharma (Mid/Small),2024-04-04,IPCALAB,CAPLIPOINT,True,11,1,-2.0361185,2.3964882,26.447546
Pharma (Mid/Small),2024-06-06,ERIS,AJANTPHARM,True,11,3,-16.645872,12.931953,12.092947
Pharma (Mid/Small),2024-06-06,ERIS,IPCALAB,True,11,3,-11.706018,-4.704357,21.021557
Pharma (Mid/Small),2024-06-06,ERIS,NATCOPHARM,True,11,3,4.5327663,35.43466,28.031528
Pharma (Mid/Small),2024-06-06,ERIS,JBCHEPHARM,True,11,3,-12.268866,-7.6602106,-12.833751
Pharma (Mid/Small),2024-06-06,ERIS,UNICHEMLAB,True,11,3,-12.644398,-11.847365,50.516056
Pharma (Mid/Small),2024-06-06,ERIS,INDOCO,True,11,3,-3.533721,-3.224516,-10.355366
Pharma (Mid/Small),2024-06-06,ERIS,MARKSANS,False,11,3,-3.8866405,57.042965,120.09088
Pharma (Mid/Small),2024-06-06,ERIS,CAPLIPOINT,True,11,3,-3.298914,19.267845,53.683567
Pharma (Mid/Small),2024-08-01,AJANTPHARM,IPCALAB,True,11,4,0.07271767,20.410294,18.682892
Pharma (Mid/Small),2024-08-01,AJANTPHARM,GLENMARK,False,11,4,16.489399,19.866592,6.569892
Pharma (Mid/Small),2024-08-01,AJANTPHARM,JBCHEPHARM,True,11,4,1.3912082,2.5897443,-4.1587477
Pharma (Mid/Small),2024-08-01,AJANTPHARM,ERIS,False,11,4,18.794727,18.083912,19.714266
Pharma (Mid/Small),2024-08-01,AJANTPHARM,UNICHEMLAB,True,11,4,-1.8354356,44.515545,28.82698
Pharma (Mid/Small),2024-08-01,AJANTPHARM,INDOCO,True,11,4,9.247553,-1.1565506,5.226141
Pharma (Mid/Small),2024-08-01,AJANTPHARM,CAPLIPOINT,True,11,4,12.146807,32.288296,56.98118
Pharma (Mid/Small),2024-10-14,IPCALAB,AJANTPHARM,False,11,2,-8.616244,-5.5109262,-3.7104912
Pharma (Mid/Small),2024-10-14,IPCALAB,GLENMARK,True,11,2,-6.441456,-7.230979,2.4953842
Pharma (Mid/Small),2024-10-14,IPCALAB,NATCOPHARM,False,11,2,1.8915296,-4.179824,-23.912348
Pharma (Mid/Small),2024-10-14,IPCALAB,JBCHEPHARM,True,11,2,0.8850813,6.0293493,3.529869
Pharma (Mid/Small),2024-10-14,IPCALAB,ERIS,False,11,2,0.24984479,-2.5987623,16.42282
Pharma (Mid/Small),2024-10-14,IPCALAB,ALEMBICLTD,True,11,2,3.792888,0.4527986,-5.7740936
Pharma (Mid/Small),2024-10-14,IPCALAB,UNICHEMLAB,False,11,2,24.065514,1.7191947,5.628084
Pharma (Mid/Small),2024-10-14,IPCALAB,INDOCO,True,11,2,-5.04685,2.6779711,-5.8150177
Pharma (Mid/Small),2024-10-14,IPCALAB,CAPLIPOINT,False,11,2,9.242314,36.277695,21.625917
Pharma (Mid/Small),2024-12-11,ALEMBICLTD,AJANTPHARM,True,11,1,11.223006,13.894892,2.4910803
Pharma (Mid/Small),2024-12-11,ALEMBICLTD,IPCALAB,True,11,1,14.197421,9.679765,-1.2283382
Pharma (Mid/Small),2024-12-11,ALEMBICLTD,GLENMARK,True,11,1,11.721301,13.426555,14.631622
Pharma (Mid/Small),2024-12-11,ALEMBICLTD,NATCOPHARM,True,11,1,-4.7741537,-21.804743,-30.86298
Pharma (Mid/Small),2024-12-11,ALEMBICLTD,JBCHEPHARM,True,11,1,9.571028,9.659941,4.2579947
Pharma (Mid/Small),2024-12-11,ALEMBICLTD,ERIS,True,11,1,-9.652173,5.3018875,18.043644
Pharma (Mid/Small),2024-12-11,ALEMBICLTD,UNICHEMLAB,False,11,1,-2.6429534,5.38056,-16.641731
Pharma (Mid/Small),2024-12-11,ALEMBICLTD,INDOCO,True,11,1,3.4471989,-10.033005,-9.027147
Pharma (Mid/Small),2024-12-11,ALEMBICLTD,MARKSANS,False,11,1,-7.228881,-12.468271,-11.484642
Pharma (Mid/Small),2024-12-11,ALEMBICLTD,CAPLIPOINT,False,11,1,9.671509,0.22019768,-4.787142
Pharma (Mid/Small),2025-05-21,CAPLIPOINT,AJANTPHARM,True,11,1,-4.6071234,0.829339,-6.498015
Pharma (Mid/Small),2025-05-21,CAPLIPOINT,IPCALAB,True,11,1,-9.907669,-7.7040854,-10.959989
Pharma (Mid/Small),2025-05-21,CAPLIPOINT,GLENMARK,True,11,1,12.832273,40.461838,24.70541
Pharma (Mid/Small),2025-05-21,CAPLIPOINT,NATCOPHARM,True,11,1,-2.1683216,2.8200507,-11.133278
Pharma (Mid/Small),2025-05-21,CAPLIPOINT,JBCHEPHARM,True,11,1,0.55179596,2.2418141,6.1861877
Pharma (Mid/Small),2025-05-21,CAPLIPOINT,ERIS,False,11,1,15.74974,10.763895,3.34208
Pharma (Mid/Small),2025-05-21,CAPLIPOINT,ALEMBICLTD,True,11,1,1.0693431,-5.360687,-13.725376
Pharma (Mid/Small),2025-05-21,CAPLIPOINT,UNICHEMLAB,False,11,1,-8.087503,-15.987092,-26.396347
Pharma (Mid/Small),2025-05-21,CAPLIPOINT,INDOCO,False,11,1,5.646968,11.827242,-0.84445477
Pharma (Mid/Small),2025-05-21,CAPLIPOINT,MARKSANS,False,11,1,-2.489245,-26.797867,-27.624935
Pharma (Mid/Small),2025-11-10,JBCHEPHARM,AJANTPHARM,True,11,1,11.131174,20.393372,20.95037
Pharma (Mid/Small),2025-11-10,JBCHEPHARM,IPCALAB,True,11,1,13.661856,22.392464,26.394123
Pharma (Mid/Small),2025-11-10,JBCHEPHARM,GLENMARK,True,11,1,11.037762,19.277977,42.948494
Pharma (Mid/Small),2025-11-10,JBCHEPHARM,NATCOPHARM,True,11,1,18.397491,13.368702,38.31996
Pharma (Mid/Small),2025-11-10,JBCHEPHARM,ERIS,True,11,1,2.3727717,-2.865612,-7.6031027
Pharma (Mid/Small),2025-11-10,JBCHEPHARM,ALEMBICLTD,True,11,1,5.918372,4.239744,-5.1295757
Pharma (Mid/Small),2025-11-10,JBCHEPHARM,UNICHEMLAB,True,11,1,1.5630784,-8.546507,-13.470751
Pharma (Mid/Small),2025-11-10,JBCHEPHARM,INDOCO,True,11,1,1.0958433,-9.961796,-15.883684
Pharma (Mid/Small),2025-11-10,JBCHEPHARM,MARKSANS,True,11,1,4.5128407,-5.1423073,1.3665738
Pharma (Mid/Small),2025-11-10,JBCHEPHARM,CAPLIPOINT,True,11,1,5.2073717,2.8469143,-6.1590014
Pharma (Mid/Small),2026-02-24,JBCHEPHARM,AJANTPHARM,True,11,1,8.167856,12.252676,12.740253
Pharma (Mid/Small),2026-02-24,JBCHEPHARM,IPCALAB,True,11,1,12.093634,7.813763,5.3239346
Pharma (Mid/Small),2026-02-24,JBCHEPHARM,GLENMARK,True,11,1,12.872929,19.445787,4.342043
Pharma (Mid/Small),2026-02-24,JBCHEPHARM,NATCOPHARM,True,11,1,8.3099,14.3013,-17.196907
Pharma (Mid/Small),2026-02-24,JBCHEPHARM,ERIS,True,11,1,3.617322,-4.140109,-8.773256
Pharma (Mid/Small),2026-02-24,JBCHEPHARM,ALEMBICLTD,True,11,1,-8.363134,-10.191853,-21.926577
Pharma (Mid/Small),2026-02-24,JBCHEPHARM,UNICHEMLAB,False,11,1,-9.065998,6.1258435,55.349194
Pharma (Mid/Small),2026-02-24,JBCHEPHARM,INDOCO,True,11,1,1.9131298,2.541697,1.2408962
Pharma (Mid/Small),2026-02-24,JBCHEPHARM,MARKSANS,True,11,1,5.5959163,18.611776,44.10981
Pharma (Mid/Small),2026-02-24,JBCHEPHARM,CAPLIPOINT,True,11,1,3.6959887,13.433981,38.20412
Pharma (Mid/Small),2026-05-07,INDOCO,AJANTPHARM,True,11,1,-2.4439156,10.591829,
Pharma (Mid/Small),2026-05-07,INDOCO,IPCALAB,True,11,1,5.256706,11.698782,
Pharma (Mid/Small),2026-05-07,INDOCO,GLENMARK,True,11,1,-6.2518415,-8.682215,
Pharma (Mid/Small),2026-05-07,INDOCO,NATCOPHARM,False,11,1,-18.670845,-20.54503,
Pharma (Mid/Small),2026-05-07,INDOCO,JBCHEPHARM,True,11,1,1.3585329,,
Pharma (Mid/Small),2026-05-07,INDOCO,ERIS,True,11,1,0.65229535,-1.6159534,
Pharma (Mid/Small),2026-05-07,INDOCO,ALEMBICLTD,False,11,1,-7.9947176,-7.0266786,
Pharma (Mid/Small),2026-05-07,INDOCO,UNICHEMLAB,False,11,1,-3.2574656,32.440174,
Pharma (Mid/Small),2026-05-07,INDOCO,MARKSANS,True,11,1,19.593138,26.33903,
Pharma (Mid/Small),2026-05-07,INDOCO,CAPLIPOINT,True,11,1,10.003871,34.8405,
Pharma (Mid/Small),2026-07-09,UNICHEMLAB,AJANTPHARM,True,11,1,2.4092197,9.225959,
Pharma (Mid/Small),2026-07-09,UNICHEMLAB,IPCALAB,True,11,1,-4.557514,10.720653,
Pharma (Mid/Small),2026-07-09,UNICHEMLAB,GLENMARK,True,11,1,-2.389276,3.774196,
Pharma (Mid/Small),2026-07-09,UNICHEMLAB,NATCOPHARM,False,11,1,-7.61885,-13.63011,
Pharma (Mid/Small),2026-07-09,UNICHEMLAB,JBCHEPHARM,True,11,1,,,
Pharma (Mid/Small),2026-07-09,UNICHEMLAB,ERIS,True,11,1,-5.806482,-15.837044,
Pharma (Mid/Small),2026-07-09,UNICHEMLAB,ALEMBICLTD,True,11,1,-4.878706,18.253977,
Pharma (Mid/Small),2026-07-09,UNICHEMLAB,INDOCO,False,11,1,-15.551306,3.0550063,
Pharma (Mid/Small),2026-07-09,UNICHEMLAB,MARKSANS,False,11,1,-5.5419865,18.37812,
Pharma (Mid/Small),2026-07-09,UNICHEMLAB,CAPLIPOINT,False,11,1,-3.870827,1.3607085,
Pharma (Mid/Small),2026-09-03,"ALEMBICLTD,CAPLIPOINT",AJANTPHARM,True,11,4,5.073494,,
Pharma (Mid/Small),2026-09-03,"ALEMBICLTD,CAPLIPOINT",IPCALAB,True,11,4,2.7128518,,
Pharma (Mid/Small),2026-09-03,"ALEMBICLTD,CAPLIPOINT",GLENMARK,True,11,4,-1.8330395,,
Pharma (Mid/Small),2026-09-03,"ALEMBICLTD,CAPLIPOINT",NATCOPHARM,True,11,4,1.3444185,,
Pharma (Mid/Small),2026-09-03,"ALEMBICLTD,CAPLIPOINT",ERIS,True,11,4,-5.350339,,
Pharma (Mid/Small),2026-09-03,"ALEMBICLTD,CAPLIPOINT",UNICHEMLAB,False,11,4,1.018095,,
API / Bulk Drugs,2022-07-14,GRANULES,DIVISLAB,False,8,1,-12.632751,-21.396505,-40.227814
API / Bulk Drugs,2022-07-14,GRANULES,LAURUSLABS,False,8,1,1.7092223,-15.552264,-50.362846
API / Bulk Drugs,2022-07-14,GRANULES,SOLARA,False,8,1,13.500429,25.647388,29.093658
API / Bulk Drugs,2022-07-14,GRANULES,AARTIDRUGS,True,8,1,-8.088249,-3.6087036,-13.450228
API / Bulk Drugs,2022-07-14,GRANULES,NEULANDLAB,False,8,1,-22.74205,20.220493,22.20403
API / Bulk Drugs,2022-07-14,GRANULES,SMSPHARMA,False,8,1,-7.392502,-10.929119,-22.499065
API / Bulk Drugs,2022-07-14,GRANULES,SHILPAMED,True,8,1,-15.3503475,-25.326078,-49.000084
API / Bulk Drugs,2022-09-13,SMSPHARMA,DIVISLAB,True,8,3,-0.60483193,-18.454422,-19.871964
API / Bulk Drugs,2022-09-13,SMSPHARMA,LAURUSLABS,False,8,3,-3.4653008,-30.208397,-36.424572
API / Bulk Drugs,2022-09-13,SMSPHARMA,GRANULES,False,8,3,15.340942,10.973144,-2.3551702
API / Bulk Drugs,2022-09-13,SMSPHARMA,NEULANDLAB,False,8,3,37.39328,43.9085,47.243595
API / Bulk Drugs,2022-09-13,SMSPHARMA,SHILPAMED,True,8,3,-5.5880127,-24.638485,-24.683216
API / Bulk Drugs,2022-11-11,"NEULANDLAB,SMSPHARMA",DIVISLAB,True,8,2,-2.4422765,-7.452548,-2.9585958
API / Bulk Drugs,2022-11-11,"NEULANDLAB,SMSPHARMA",LAURUSLABS,False,8,2,-11.899644,-22.850037,-32.608944
API / Bulk Drugs,2022-11-11,"NEULANDLAB,SMSPHARMA",GRANULES,True,8,2,-12.453609,-21.075134,-26.186932
API / Bulk Drugs,2022-11-11,"NEULANDLAB,SMSPHARMA",SOLARA,True,8,2,-3.138876,-1.1058931,-6.2829313
API / Bulk Drugs,2022-11-11,"NEULANDLAB,SMSPHARMA",AARTIDRUGS,True,8,2,-4.1790066,-5.4696264,-7.8529654
API / Bulk Drugs,2022-11-11,"NEULANDLAB,SMSPHARMA",SHILPAMED,False,8,2,-4.033595,-14.214946,-16.746555
API / Bulk Drugs,2023-04-06,NEULANDLAB,DIVISLAB,True,8,1,4.495489,5.0961723,-7.314934
API / Bulk Drugs,2023-04-06,NEULANDLAB,LAURUSLABS,True,8,1,2.4396782,7.389784,-0.44807053
API / Bulk Drugs,2023-04-06,NEULANDLAB,GRANULES,True,8,1,-6.2413692,-17.631065,-27.38222
API / Bulk Drugs,2023-04-06,NEULANDLAB,SOLARA,False,8,1,12.99708,4.51709,-28.564203
API / Bulk Drugs,2023-04-06,NEULANDLAB,AARTIDRUGS,False,8,1,18.92116,14.792513,29.212856
API / Bulk Drugs,2023-04-06,NEULANDLAB,SMSPHARMA,False,8,1,21.582567,23.073256,48.00671
API / Bulk Drugs,2023-04-06,NEULANDLAB,SHILPAMED,False,8,1,2.061594,-14.608181,12.257027
API / Bulk Drugs,2023-06-30,SHILPAMED,DIVISLAB,True,8,1,-0.96532106,-10.926247,-22.946201
API / Bulk Drugs,2023-06-30,SHILPAMED,LAURUSLABS,False,8,1,-13.171673,-8.87413,-31.030529
API / Bulk Drugs,2023-06-30,SHILPAMED,GRANULES,True,8,1,2.9151196,-0.8764267,11.015762
API / Bulk Drugs,2023-06-30,SHILPAMED,SOLARA,False,8,1,-0.36081076,-28.898548,-45.50054
API / Bulk Drugs,2023-06-30,SHILPAMED,AARTIDRUGS,True,8,1,20.61603,4.4440985,-31.152206
API / Bulk Drugs,2023-06-30,SHILPAMED,NEULANDLAB,False,8,1,15.12785,14.5127535,39.085762
API / Bulk Drugs,2023-06-30,SHILPAMED,SMSPHARMA,False,8,1,22.703468,19.896671,3.0032768
API / Bulk Drugs,2023-11-07,NEULANDLAB,DIVISLAB,True,8,1,0.5145788,-19.731056,-17.202091
API / Bulk Drugs,2023-11-07,NEULANDLAB,LAURUSLABS,True,8,1,-5.216551,-23.029947,-5.8098564
API / Bulk Drugs,2023-11-07,NEULANDLAB,GRANULES,True,8,1,7.9012628,-1.0288467,-3.1081924
API / Bulk Drugs,2023-11-07,NEULANDLAB,SOLARA,False,8,1,-3.7915826,-1.6199951,49.419212
API / Bulk Drugs,2023-11-07,NEULANDLAB,AARTIDRUGS,False,8,1,-3.158462,-18.549025,-25.180592
API / Bulk Drugs,2023-11-07,NEULANDLAB,SMSPHARMA,True,8,1,-8.929157,-19.726395,48.82794
API / Bulk Drugs,2023-11-07,NEULANDLAB,SHILPAMED,False,8,1,-5.011022,-32.66199,42.266533
API / Bulk Drugs,2024-01-02,SOLARA,LAURUSLABS,True,8,2,-26.16951,-10.13965,-22.585129
API / Bulk Drugs,2024-01-02,SOLARA,GRANULES,False,8,2,-9.241218,3.5828114,-6.1344385
API / Bulk Drugs,2024-01-02,SOLARA,AARTIDRUGS,False,8,2,-9.717215,-16.143833,-20.710255
API / Bulk Drugs,2024-01-02,SOLARA,NEULANDLAB,False,8,2,18.304789,35.944332,33.66425
API / Bulk Drugs,2024-01-02,SOLARA,SMSPHARMA,True,8,2,-11.629183,37.65478,41.109585
API / Bulk Drugs,2024-01-02,SOLARA,SHILPAMED,True,8,2,-8.730096,43.341743,65.52835
API / Bulk Drugs,2024-03-05,SMSPHARMA,DIVISLAB,True,8,3,4.871762,22.374498,10.36688
API / Bulk Drugs,2024-03-05,SMSPHARMA,LAURUSLABS,True,8,3,3.3221245,6.5069556,-11.736906
API / Bulk Drugs,2024-03-05,SMSPHARMA,GRANULES,True,8,3,-3.7032127,-10.663277,24.977552
API / Bulk Drugs,2024-03-05,SMSPHARMA,AARTIDRUGS,True,8,3,-3.675425,-2.6551366,-12.0921135
API / Bulk Drugs,2024-03-05,SMSPHARMA,NEULANDLAB,False,8,3,-1.4546752,0.6929636,73.98684
API / Bulk Drugs,2024-05-28,DIVISLAB,LAURUSLABS,True,8,1,-13.61019,-17.465956,-3.473199
API / Bulk Drugs,2024-05-28,DIVISLAB,GRANULES,True,8,1,2.9880638,40.08148,21.084763
API / Bulk Drugs,2024-05-28,DIVISLAB,SOLARA,False,8,1,-4.824317,36.220303,60.835716
API / Bulk Drugs,2024-05-28,DIVISLAB,AARTIDRUGS,True,8,1,-5.0122147,-8.937729,-17.017586
API / Bulk Drugs,2024-05-28,DIVISLAB,NEULANDLAB,False,8,1,9.394873,70.12496,134.72603
API / Bulk Drugs,2024-05-28,DIVISLAB,SMSPHARMA,False,8,1,-0.11046028,29.134907,24.820686
API / Bulk Drugs,2024-05-28,DIVISLAB,SHILPAMED,False,8,1,12.673342,26.463356,68.01362
API / Bulk Drugs,2024-07-31,GRANULES,DIVISLAB,True,8,4,-3.215444,14.9787655,20.501644
API / Bulk Drugs,2024-07-31,GRANULES,SOLARA,False,8,4,9.771168,30.851925,13.447433
API / Bulk Drugs,2024-07-31,GRANULES,AARTIDRUGS,True,8,4,13.321209,-0.92954016,-2.0954132
API / Bulk Drugs,2024-07-31,GRANULES,NEULANDLAB,False,8,4,41.708527,61.99466,61.22841
API / Bulk Drugs,2024-12-25,AARTIDRUGS,DIVISLAB,True,8,1,7.093948,16.830133,22.150589
API / Bulk Drugs,2024-12-25,AARTIDRUGS,LAURUSLABS,False,8,1,7.224923,24.337626,22.932945
API / Bulk Drugs,2024-12-25,AARTIDRUGS,GRANULES,True,8,1,5.466735,1.5920868,-10.197812
API / Bulk Drugs,2024-12-25,AARTIDRUGS,SOLARA,False,8,1,6.3983617,-3.0582066,-11.586446
API / Bulk Drugs,2024-12-25,AARTIDRUGS,NEULANDLAB,False,8,1,6.6480575,1.7875967,-3.3680677
API / Bulk Drugs,2024-12-25,AARTIDRUGS,SMSPHARMA,False,8,1,-4.2032127,8.995479,7.0887327
API / Bulk Drugs,2024-12-25,AARTIDRUGS,SHILPAMED,True,8,1,11.072641,5.5943966,22.992313
API / Bulk Drugs,2025-04-23,SMSPHARMA,DIVISLAB,True,8,1,7.2625637,4.463827,5.5226684
API / Bulk Drugs,2025-04-23,SMSPHARMA,LAURUSLABS,True,8,1,-12.321258,16.09522,29.703081
API / Bulk Drugs,2025-04-23,SMSPHARMA,GRANULES,False,8,1,3.3512235,-6.5448165,12.317038
API / Bulk Drugs,2025-04-23,SMSPHARMA,SOLARA,False,8,1,-11.125523,23.520613,6.900644
API / Bulk Drugs,2025-04-23,SMSPHARMA,AARTIDRUGS,False,8,1,27.104736,31.865202,32.35457
API / Bulk Drugs,2025-04-23,SMSPHARMA,NEULANDLAB,False,8,1,-15.537983,3.2930613,22.712505
API / Bulk Drugs,2025-04-23,SMSPHARMA,SHILPAMED,False,8,1,4.8852324,25.266745,-53.404343
API / Bulk Drugs,2025-06-25,SOLARA,DIVISLAB,False,8,2,-1.1822343,-7.763493,1.4917908
API / Bulk Drugs,2025-06-25,SOLARA,LAURUSLABS,True,8,2,20.57848,37.234356,55.116695
API / Bulk Drugs,2025-06-25,SOLARA,GRANULES,True,8,2,-5.817187,8.160269,20.887512
API / Bulk Drugs,2025-06-25,SOLARA,AARTIDRUGS,False,8,2,16.13481,14.383888,-7.927376
API / Bulk Drugs,2025-06-25,SOLARA,SMSPHARMA,False,8,2,-0.8953452,20.287764,40.607685
API / Bulk Drugs,2025-06-25,SOLARA,SHILPAMED,False,8,2,4.460013,-5.618155,-57.098038
API / Bulk Drugs,2025-09-10,SMSPHARMA,DIVISLAB,True,8,1,2.291739,12.101471,17.03819
API / Bulk Drugs,2025-09-10,SMSPHARMA,LAURUSLABS,False,8,1,-2.8662622,17.911243,36.166584
API / Bulk Drugs,2025-09-10,SMSPHARMA,GRANULES,True,8,1,8.535528,12.805581,26.059593
API / Bulk Drugs,2025-09-10,SMSPHARMA,SOLARA,False,8,1,-9.691548,-12.307023,-20.556599
API / Bulk Drugs,2025-09-10,SMSPHARMA,AARTIDRUGS,True,8,1,0.32153726,-15.173692,-17.859821
API / Bulk Drugs,2025-09-10,SMSPHARMA,NEULANDLAB,True,8,1,6.7999125,19.655682,-1.1001587
API / Bulk Drugs,2025-09-10,SMSPHARMA,SHILPAMED,True,8,1,-55.1723,-55.20841,-49.599922
API / Bulk Drugs,2025-11-10,NEULANDLAB,DIVISLAB,True,8,2,0.5853777,-0.81737614,3.123683
API / Bulk Drugs,2025-11-10,NEULANDLAB,GRANULES,True,8,2,4.8832064,14.018738,41.686348
API / Bulk Drugs,2025-11-10,NEULANDLAB,SOLARA,False,8,2,5.846888,3.9492726,-3.0914068
API / Bulk Drugs,2025-11-10,NEULANDLAB,AARTIDRUGS,True,8,2,-17.572922,-16.084755,-22.747028
API / Bulk Drugs,2025-11-10,NEULANDLAB,SMSPHARMA,False,8,2,15.2112665,17.805862,33.710415
API / Bulk Drugs,2025-11-10,NEULANDLAB,SHILPAMED,False,8,2,-9.458863,-14.6624565,14.551324
API / Bulk Drugs,2026-02-17,SMSPHARMA,DIVISLAB,True,8,1,9.336699,7.78802,28.25489
API / Bulk Drugs,2026-02-17,SMSPHARMA,LAURUSLABS,True,8,1,6.5581264,29.428726,81.089615
API / Bulk Drugs,2026-02-17,SMSPHARMA,GRANULES,True,8,1,11.531615,33.38204,48.64855
API / Bulk Drugs,2026-02-17,SMSPHARMA,SOLARA,False,8,1,-0.2569561,9.0332575,4.0494437
API / Bulk Drugs,2026-02-17,SMSPHARMA,AARTIDRUGS,True,8,1,0.18274212,-3.5720944,-0.2614975
API / Bulk Drugs,2026-02-17,SMSPHARMA,NEULANDLAB,False,8,1,0.7561264,21.148758,29.710686
API / Bulk Drugs,2026-02-17,SMSPHARMA,SHILPAMED,False,8,1,2.5546255,31.57255,85.611984
API / Bulk Drugs,2026-05-04,SOLARA,DIVISLAB,True,8,1,-1.0343909,7.221663,
API / Bulk Drugs,2026-05-04,SOLARA,LAURUSLABS,True,8,1,18.995583,42.115677,
API / Bulk Drugs,2026-05-04,SOLARA,GRANULES,False,8,1,14.531363,19.171106,
API / Bulk Drugs,2026-05-04,SOLARA,AARTIDRUGS,True,8,1,-3.308779,-0.9661794,
API / Bulk Drugs,2026-05-04,SOLARA,NEULANDLAB,False,8,1,6.6235423,13.018799,
API / Bulk Drugs,2026-05-04,SOLARA,SMSPHARMA,True,8,1,-11.523235,-8.289313,
API / Bulk Drugs,2026-05-04,SOLARA,SHILPAMED,False,8,1,19.200777,43.43991,
API / Bulk Drugs,2026-06-29,LAURUSLABS,DIVISLAB,True,8,1,11.626458,40.60775,
API / Bulk Drugs,2026-06-29,LAURUSLABS,GRANULES,False,8,1,4.6043277,7.2097783,
API / Bulk Drugs,2026-06-29,LAURUSLABS,SOLARA,True,8,1,-13.101882,36.662186,
API / Bulk Drugs,2026-06-29,LAURUSLABS,AARTIDRUGS,True,8,1,8.606577,13.71566,
API / Bulk Drugs,2026-06-29,LAURUSLABS,NEULANDLAB,False,8,1,3.5739183,22.100317,
API / Bulk Drugs,2026-06-29,LAURUSLABS,SMSPHARMA,True,8,1,1.50702,33.140495,
API / Bulk Drugs,2026-06-29,LAURUSLABS,SHILPAMED,False,8,1,6.7589407,83.780945,
API / Bulk Drugs,2026-09-07,SOLARA,DIVISLAB,False,8,3,2.9834988,,
API / Bulk Drugs,2026-09-07,SOLARA,LAURUSLABS,False,8,3,9.307104,,
API / Bulk Drugs,2026-09-07,SOLARA,GRANULES,True,8,3,-4.2702494,,
API / Bulk Drugs,2026-09-07,SOLARA,NEULANDLAB,False,8,3,-0.08966923,,
API / Bulk Drugs,2026-09-07,SOLARA,SMSPHARMA,True,8,3,37.570625,,
CDMO / CRO,2022-04-11,SYNGENE,JUBLPHARMA,False,5,2,-1.4251709,-11.679715,-25.839132
CDMO / CRO,2022-08-31,SUVENPHAR,SYNGENE,True,5,1,-5.913502,1.1577964,-3.0789015
CDMO / CRO,2022-08-31,SUVENPHAR,JUBLPHARMA,False,5,1,-4.125875,6.305015,-11.155897
CDMO / CRO,2022-12-09,JUBLPHARMA,SYNGENE,True,5,1,3.4413218,6.6579695,23.321854
CDMO / CRO,2022-12-09,JUBLPHARMA,SUVENPHAR,True,5,1,7.4882865,10.578125,-2.1318793
CDMO / CRO,2023-04-27,SYNGENE,SUVENPHAR,True,5,1,-3.463924,-14.831984,-4.5357456
CDMO / CRO,2023-04-27,SYNGENE,JUBLPHARMA,True,5,1,18.476307,13.079763,4.109146
CDMO / CRO,2023-07-27,SYNGENE,SUVENPHAR,True,5,1,-1.9383073,6.240999,30.931961
CDMO / CRO,2023-07-27,SYNGENE,JUBLPHARMA,False,5,1,13.68749,-7.1675663,10.410297
CDMO / CRO,2023-12-01,SUVENPHAR,SYNGENE,True,5,1,-9.402884,-14.949584,-24.704517
CDMO / CRO,2023-12-01,SUVENPHAR,JUBLPHARMA,False,5,1,17.809628,12.184465,49.606403
CDMO / CRO,2024-04-04,JUBLPHARMA,SYNGENE,True,5,1,-9.78294,-12.9851465,3.2892227
CDMO / CRO,2024-04-04,JUBLPHARMA,SUVENPHAR,True,5,1,-0.4809022,20.359564,76.05994
CDMO / CRO,2024-06-14,SUVENPHAR,SYNGENE,True,5,1,-1.1592388,16.173231,24.40847
CDMO / CRO,2024-06-14,SUVENPHAR,JUBLPHARMA,False,5,1,-10.699188,14.771305,49.33375
CDMO / CRO,2024-09-05,SYNGENE,SUVENPHAR,False,5,1,4.3056545,16.656898,20.566673
CDMO / CRO,2024-09-05,SYNGENE,AKUMS,False,5,1,-0.15806556,-22.183151,-19.907986
CDMO / CRO,2024-09-05,SYNGENE,JUBLPHARMA,False,5,1,19.838291,34.842827,21.976084
CDMO / CRO,2025-05-22,JUBLPHARMA,SYNGENE,True,5,1,-2.0114958,5.166215,-0.77153444
CDMO / CRO,2025-05-22,JUBLPHARMA,SAILIFE,True,5,1,0.06247759,22.992128,21.958256
CDMO / CRO,2025-05-22,JUBLPHARMA,SUVENPHAR,False,5,1,,,
CDMO / CRO,2025-05-22,JUBLPHARMA,AKUMS,False,5,1,-4.8276186,-16.487717,-24.534857
CDMO / CRO,2025-07-29,SYNGENE,SAILIFE,True,5,1,1.4792979,7.4070334,12.10891
CDMO / CRO,2025-07-29,SYNGENE,AKUMS,True,5,1,-10.87827,-15.799653,-11.365694
CDMO / CRO,2025-07-29,SYNGENE,JUBLPHARMA,False,5,1,-6.6953955,0.97762346,1.8220963
CDMO / CRO,2026-03-05,SAILIFE,SYNGENE,False,5,1,2.1860719,11.10437,-11.183036
CDMO / CRO,2026-03-05,SAILIFE,AKUMS,True,5,1,13.536156,4.0636425,45.478355
CDMO / CRO,2026-03-05,SAILIFE,JUBLPHARMA,True,5,1,3.788352,4.1943436,-14.910841
CDMO / CRO,2026-06-11,AKUMS,SYNGENE,False,5,1,-13.053942,-18.954067,
CDMO / CRO,2026-06-11,AKUMS,SAILIFE,True,5,1,-1.283598,24.893724,
CDMO / CRO,2026-06-11,AKUMS,JUBLPHARMA,True,5,1,-3.3188224,-12.440592,
CDMO / CRO,2026-08-11,AKUMS,SYNGENE,True,5,1,-5.4208694,,
CDMO / CRO,2026-08-11,AKUMS,SAILIFE,True,5,1,13.449966,,
CDMO / CRO,2026-08-11,AKUMS,JUBLPHARMA,True,5,1,2.8102398,,
Medical Devices,2022-07-07,TARSONS,POLYMED,False,3,1,-6.6708922,9.54454,7.0265045
Medical Devices,2022-11-09,POLYMED,TARSONS,False,3,1,0.6661296,1.4108775,-24.904602
Medical Devices,2023-03-01,POLYMED,TARSONS,True,3,1,-8.742422,-18.77489,-42.110104
Medical Devices,2023-06-15,POLYMED,TARSONS,True,3,1,5.3480506,-28.143513,-50.607998
Medical Devices,2024-05-21,POLYMED,TARSONS,True,3,1,14.058506,0.8903742,-24.74426
Medical Devices,2024-10-31,POLYMED,TARSONS,False,3,1,2.4147153,1.1694193,4.5512495
Medical Devices,2025-05-06,POLYMED,TARSONS,False,3,1,-6.1636453,-11.40157,-33.31952
Medical Devices,2025-05-06,POLYMED,LAXMIDENTL,False,3,1,-4.9430733,-0.6090765,-31.470518
Medical Devices,2025-07-16,LAXMIDENTL,POLYMED,False,3,1,-6.5536194,-8.160364,-11.961156
Medical Devices,2025-07-16,LAXMIDENTL,TARSONS,True,3,1,-4.35993,-18.99469,-33.706398
Medical Devices,2026-05-22,LAXMIDENTL,POLYMED,False,3,1,-14.449335,-3.3722281,
Medical Devices,2026-05-22,LAXMIDENTL,TARSONS,False,3,1,15.250324,58.103058,
Medical Devices,2026-08-11,POLYMED,TARSONS,False,3,1,8.82089,,
Medical Devices,2026-08-11,POLYMED,LAXMIDENTL,False,3,1,-6.044728,,
Precision Engineering,2022-04-07,PARAS,MTARTECH,False,7,1,-8.728128,-14.145828,-5.2351055
Precision Engineering,2022-08-01,PARAS,MTARTECH,True,7,1,27.694416,23.027193,27.163124
Precision Engineering,2022-12-02,MTARTECH,PARAS,False,7,1,-0.17567873,-14.083659,-4.2741656
Precision Engineering,2022-12-02,MTARTECH,HARSHA,False,7,1,-2.3205698,-8.157092,7.3596234
Precision Engineering,2023-05-02,MTARTECH,PARAS,False,7,1,-11.750311,8.93371,3.846775
Precision Engineering,2023-05-02,MTARTECH,HARSHA,False,7,1,-2.8066158,-11.8227005,-37.29867
Precision Engineering,2023-07-11,PARAS,MTARTECH,True,7,1,9.915506,17.202164,-17.698967
Precision Engineering,2023-07-11,PARAS,PTCIL,False,7,1,3.8269286,38.489426,40.1257
Precision Engineering,2023-07-11,PARAS,HARSHA,True,7,1,-13.804358,-20.438068,-42.289352
Precision Engineering,2023-12-14,PTCIL,MTARTECH,True,7,1,-12.572342,-28.098679,-32.90704
Precision Engineering,2023-12-14,PTCIL,PARAS,True,7,1,-4.807639,-13.8803005,9.925019
Precision Engineering,2023-12-14,PTCIL,HARSHA,True,7,1,-5.2761793,-9.771645,21.90541
Precision Engineering,2024-02-22,HARSHA,AZAD,False,7,1,12.965054,20.308876,38.04885
Precision Engineering,2024-02-22,HARSHA,MTARTECH,False,7,1,-6.762582,-9.778458,-24.064743
Precision Engineering,2024-02-22,HARSHA,PARAS,True,7,1,-4.0446224,-4.5366287,81.32823
Precision Engineering,2024-02-22,HARSHA,PTCIL,False,7,1,2.0634174,-11.449539,85.8524
Precision Engineering,2024-04-26,HARSHA,AZAD,False,7,1,4.118967,14.102184,-2.8468008
Precision Engineering,2024-04-26,HARSHA,MTARTECH,True,7,1,13.886333,-8.735777,-21.521317
Precision Engineering,2024-04-26,HARSHA,PARAS,True,7,1,15.961945,103.47587,58.618465
Precision Engineering,2024-04-26,HARSHA,PTCIL,True,7,1,5.8096886,100.64691,87.028854
Precision Engineering,2024-11-20,MTARTECH,AZAD,True,7,1,0.067961216,-0.16351318,20.680809
Precision Engineering,2024-11-20,MTARTECH,PARAS,False,7,1,0.48246384,17.153269,103.253136
Precision Engineering,2024-11-20,MTARTECH,PTCIL,False,7,1,-8.670521,25.778955,22.481977
Precision Engineering,2024-11-20,MTARTECH,HARSHA,True,7,1,4.4106007,-8.701807,-14.822264
Precision Engineering,2025-04-28,PARAS,AZAD,False,7,1,5.988109,-9.977638,-3.474533
Precision Engineering,2025-04-28,PARAS,MTARTECH,False,7,1,8.132696,-5.2390695,51.216843
Precision Engineering,2025-04-28,PARAS,UNIMECH,False,7,1,13.120733,24.875591,-2.2384996
Precision Engineering,2025-04-28,PARAS,PTCIL,False,7,1,7.5394387,-6.2741876,13.54406
Precision Engineering,2025-04-28,PARAS,HARSHA,True,7,1,-6.297493,-6.593287,-7.8203077
Precision Engineering,2025-07-04,ROSSTECH,AZAD,False,7,2,-8.225381,-1.0774372,6.7343354
Precision Engineering,2025-07-04,ROSSTECH,MTARTECH,False,7,2,-6.031418,21.171278,61.27938
Precision Engineering,2025-07-04,ROSSTECH,UNIMECH,False,7,2,-9.386593,-16.859865,-18.71907
Precision Engineering,2025-07-04,ROSSTECH,PARAS,False,7,2,-28.880655,-24.344898,-22.232098
Precision Engineering,2025-07-04,ROSSTECH,PTCIL,True,7,2,2.7893722,8.022243,28.701283
Precision Engineering,2025-09-17,MTARTECH,AZAD,True,7,1,4.996437,5.83896,17.400753
Precision Engineering,2025-09-17,MTARTECH,UNIMECH,False,7,1,-11.543834,-3.404564,-1.6767673
Precision Engineering,2025-09-17,MTARTECH,PARAS,False,7,1,-3.6500695,-3.116703,21.305527
Precision Engineering,2025-09-17,MTARTECH,PTCIL,True,7,1,10.190195,25.533895,32.24304
Precision Engineering,2025-09-17,MTARTECH,HARSHA,True,7,1,-6.249934,-4.378706,-1.397686
Precision Engineering,2025-09-17,MTARTECH,ROSSTECH,False,7,1,-5.3512278,-0.67665577,16.667187
Precision Engineering,2026-01-30,MTARTECH,AZAD,True,7,1,15.537703,44.93959,54.665806
Precision Engineering,2026-01-30,MTARTECH,UNIMECH,True,7,1,-1.1862874,21.566212,42.285587
Precision Engineering,2026-01-30,MTARTECH,PARAS,True,7,1,-3.3686638,29.307556,75.604416
Precision Engineering,2026-01-30,MTARTECH,PTCIL,True,7,1,-1.3737202,-18.795471,-16.535217
Precision Engineering,2026-01-30,MTARTECH,HARSHA,True,7,1,-2.203995,0.21034479,-0.02974224
Precision Engineering,2026-01-30,MTARTECH,ROSSTECH,False,7,1,5.90328,32.326176,43.06866
Precision Engineering,2026-04-10,ROSSTECH,AZAD,True,7,1,26.381516,13.9119625,46.836136
Precision Engineering,2026-04-10,ROSSTECH,MTARTECH,False,7,1,76.97998,90.51495,85.633224
Precision Engineering,2026-04-10,ROSSTECH,UNIMECH,False,7,1,13.203823,23.602665,82.45768
Precision Engineering,2026-04-10,ROSSTECH,PARAS,False,7,1,22.355425,76.30496,79.202446
Precision Engineering,2026-04-10,ROSSTECH,PTCIL,False,7,1,-3.8985496,-0.4572754,31.58468
Precision Engineering,2026-04-10,ROSSTECH,HARSHA,False,7,1,13.692497,4.877926,16.315973
Precision Engineering,2026-06-05,PARAS,AZAD,False,7,3,-7.010764,22.907972,
Precision Engineering,2026-06-05,PARAS,UNIMECH,False,7,3,2.7986884,33.193493,
Precision Engineering,2026-06-05,PARAS,PTCIL,True,7,3,-8.459449,13.1567955,
Precision Engineering,2026-06-05,PARAS,HARSHA,False,7,3,-4.3313622,-1.0807753,
Precision Engineering,2026-08-04,UNIMECH,MTARTECH,False,7,2,9.91844,,
Precision Engineering,2026-08-04,UNIMECH,PARAS,False,7,2,6.011915,,
Precision Engineering,2026-08-04,UNIMECH,PTCIL,True,7,2,25.600063,,
Precision Engineering,2026-08-04,UNIMECH,HARSHA,True,7,2,11.0486145,,
Precision Engineering,2026-08-04,UNIMECH,ROSSTECH,False,7,2,6.6405296,,
Defence (PSU),2022-04-07,BEL,HAL,False,8,2,5.3473353,27.109688,40.766712
Defence (PSU),2022-04-07,BEL,MAZDOCK,True,8,2,0.3518641,-2.8816948,50.29884
Defence (PSU),2022-04-07,BEL,GRSE,True,8,2,8.647037,-2.0726929,17.813772
Defence (PSU),2022-04-07,BEL,COCHINSHIP,True,8,2,5.732548,11.785531,33.06777
Defence (PSU),2022-04-07,BEL,BEML,False,8,2,-5.4905715,-15.014006,-15.540796
Defence (PSU),2022-04-07,BEL,MIDHANI,True,8,2,2.135253,3.3570528,16.505236
Defence (PSU),2022-07-18,BEL,HAL,True,8,1,13.005972,16.14232,23.46053
Defence (PSU),2022-07-18,BEL,BDL,False,8,1,-0.04980564,2.7272825,10.115814
Defence (PSU),2022-07-18,BEL,MAZDOCK,False,8,1,20.53268,154.34006,245.8829
Defence (PSU),2022-07-18,BEL,GRSE,False,8,1,9.634708,95.293465,99.34555
Defence (PSU),2022-07-18,BEL,COCHINSHIP,True,8,1,-1.7213821,52.131866,53.825844
Defence (PSU),2022-07-18,BEL,BEML,False,8,1,26.063358,0.3806591,-4.6508913
Defence (PSU),2022-07-18,BEL,MIDHANI,False,8,1,4.453432,32.42959,25.27983
Defence (PSU),2022-09-16,MIDHANI,HAL,False,8,4,-0.40462613,14.583505,22.048891
Defence (PSU),2022-09-16,MIDHANI,BEL,False,8,4,-3.5153685,-3.9760888,-4.5815463
Defence (PSU),2022-09-16,MIDHANI,BDL,True,8,4,-1.3825417,6.68571,15.789425
Defence (PSU),2022-09-16,MIDHANI,BEML,False,8,4,0.9435475,-2.9229462,-15.094751
Defence (PSU),2022-11-22,HAL,BEL,False,8,2,-10.63723,-8.410895,-5.991769
Defence (PSU),2022-11-22,HAL,BDL,False,8,2,-9.28598,-12.890833,3.059113
Defence (PSU),2022-11-22,HAL,GRSE,False,8,2,-4.458213,-9.290994,-2.5760293
Defence (PSU),2022-11-22,HAL,COCHINSHIP,False,8,2,-8.991027,-20.145388,-16.02214
Defence (PSU),2022-11-22,HAL,BEML,True,8,2,-5.8328986,-2.9542568,-10.684514
Defence (PSU),2022-11-22,HAL,MIDHANI,False,8,2,-1.5576363,-9.739828,-10.4513645
Defence (PSU),2023-03-31,COCHINSHIP,HAL,True,8,1,-6.235778,8.947622,-2.7691612
Defence (PSU),2023-03-31,COCHINSHIP,BEL,True,8,1,-7.265305,-1.2870426,-8.205318
Defence (PSU),2023-03-31,COCHINSHIP,BDL,True,8,1,-11.480748,-12.695419,-39.65695
Defence (PSU),2023-03-31,COCHINSHIP,MAZDOCK,False,8,1,0.60244846,52.565147,218.99092
Defence (PSU),2023-03-31,COCHINSHIP,GRSE,True,8,1,-11.600649,-1.0539284,62.13959
Defence (PSU),2023-03-31,COCHINSHIP,BEML,False,8,1,-16.392582,5.224777,44.28825
Defence (PSU),2023-03-31,COCHINSHIP,MIDHANI,True,8,1,-2.5721188,27.719343,80.30635
Defence (PSU),2023-06-05,"HAL,MAZDOCK",BEL,True,8,3,1.6890883,0.56531525,4.3956985
Defence (PSU),2023-06-05,"HAL,MAZDOCK",BDL,False,8,3,-7.9241457,-18.458187,-27.084227
Defence (PSU),2023-06-05,"HAL,MAZDOCK",GRSE,False,8,3,8.952535,63.47909,38.378845
Defence (PSU),2023-06-05,"HAL,MAZDOCK",COCHINSHIP,False,8,3,-3.838694,45.54455,83.6856
Defence (PSU),2023-06-05,"HAL,MAZDOCK",BEML,False,8,3,0.29261112,27.905704,11.367498
Defence (PSU),2023-07-31,BEML,HAL,False,8,2,-5.2467585,-60.5483,-51.392143
Defence (PSU),2023-07-31,BEML,BEL,True,8,2,-0.86580515,-2.4564981,20.374893
Defence (PSU),2023-07-31,BEML,BDL,True,8,2,-12.799901,-28.118109,16.693138
Defence (PSU),2023-07-31,BEML,MAZDOCK,False,8,2,-0.65193176,-1.3866305,-8.855558
Defence (PSU),2023-07-31,BEML,GRSE,False,8,2,41.96228,20.084465,21.442139
Defence (PSU),2023-07-31,BEML,MIDHANI,False,8,2,16.63852,10.088718,-11.379898
Defence (PSU),2023-10-11,MIDHANI,HAL,False,8,1,3.0226588,35.57099,58.097885
Defence (PSU),2023-10-11,MIDHANI,BEL,True,8,1,4.3905497,20.609583,34.447933
Defence (PSU),2023-10-11,MIDHANI,BDL,True,8,1,1.5433431,49.39579,62.02687
Defence (PSU),2023-10-11,MIDHANI,MAZDOCK,False,8,1,-11.602152,-12.967103,-28.465605
Defence (PSU),2023-10-11,MIDHANI,GRSE,False,8,1,-8.451313,-12.157517,-21.192593
Defence (PSU),2023-10-11,MIDHANI,COCHINSHIP,False,8,1,2.328515,17.065012,-27.157814
Defence (PSU),2023-10-11,MIDHANI,BEML,False,8,1,-15.184492,0.14489937,16.460693
Defence (PSU),2023-12-06,BDL,HAL,False,8,2,-1.3976812,0.5054703,62.099472
Defence (PSU),2023-12-06,BDL,MAZDOCK,False,8,2,0.82957745,-13.179738,21.148825
Defence (PSU),2023-12-06,BDL,GRSE,False,8,2,-6.3912153,-19.627625,19.205893
Defence (PSU),2023-12-06,BDL,COCHINSHIP,False,8,2,-1.5556574,-46.409645,9.525299
Defence (PSU),2023-12-06,BDL,BEML,False,8,2,12.147247,24.018084,73.95749
Defence (PSU),2023-12-06,BDL,MIDHANI,False,8,2,-3.9458752,-9.109676,8.281063
Defence (PSU),2024-04-03,COCHINSHIP,HAL,True,8,1,5.073071,34.607864,-3.3954983
Defence (PSU),2024-04-03,COCHINSHIP,BEL,True,8,1,0.8509517,25.884867,4.6015625
Defence (PSU),2024-04-03,COCHINSHIP,BDL,True,8,1,13.088953,-12.151658,-49.361843
Defence (PSU),2024-04-03,COCHINSHIP,MAZDOCK,False,8,1,3.5875325,102.5112,104.69187
Defence (PSU),2024-04-03,COCHINSHIP,GRSE,False,8,1,7.362389,138.45624,83.45295
Defence (PSU),2024-04-03,COCHINSHIP,BEML,False,8,1,3.049755,50.183212,4.540945
Defence (PSU),2024-04-03,COCHINSHIP,MIDHANI,False,8,1,0.25712252,0.57229996,-29.51479
Defence (PSU),2025-01-20,BDL,HAL,True,8,1,1.3825178,15.94708,21.1586
Defence (PSU),2025-01-20,BDL,BEL,True,8,1,5.118722,19.433857,47.415424
Defence (PSU),2025-01-20,BDL,MAZDOCK,False,8,1,4.513997,27.845646,33.646393
Defence (PSU),2025-01-20,BDL,GRSE,False,8,1,-3.8327217,18.163181,64.72982
Defence (PSU),2025-01-20,BDL,COCHINSHIP,False,8,1,-2.611374,10.273957,31.3866
Defence (PSU),2025-01-20,BDL,BEML,True,8,1,-10.775875,-3.1175737,27.44199
Defence (PSU),2025-01-20,BDL,MIDHANI,True,8,1,-0.9694271,3.5822868,37.18802
Defence (PSU),2025-03-24,BDL,HAL,False,8,1,0.30084848,12.783323,5.076373
Defence (PSU),2025-03-24,BDL,BEL,True,8,1,-2.8014004,30.353952,23.10873
Defence (PSU),2025-03-24,BDL,MAZDOCK,False,8,1,-1.0745168,16.937029,-0.44629574
Defence (PSU),2025-03-24,BDL,GRSE,False,8,1,-6.459814,95.93374,39.407967
Defence (PSU),2025-03-24,BDL,COCHINSHIP,True,8,1,-5.9951725,41.266594,13.9659395
Defence (PSU),2025-03-24,BDL,BEML,False,8,1,3.9315343,56.273643,38.61264
Defence (PSU),2025-03-24,BDL,MIDHANI,False,8,1,-3.5474002,46.64669,25.145256
Defence (PSU),2025-11-14,GRSE,HAL,True,8,1,-4.7146735,-1.687849,3.8738668
Defence (PSU),2025-11-14,GRSE,BEL,True,8,1,-4.4423223,13.802784,13.718772
Defence (PSU),2025-11-14,GRSE,BDL,True,8,1,-8.315241,-4.7537565,-1.9723291
Defence (PSU),2025-11-14,GRSE,MAZDOCK,True,8,1,-7.304788,0.335824,7.8516364
Defence (PSU),2025-11-14,GRSE,COCHINSHIP,True,8,1,-2.9951396,-0.23213053,8.895742
Defence (PSU),2025-11-14,GRSE,BEML,False,8,1,-11.572594,-6.857354,1.2442169
Defence (PSU),2025-11-14,GRSE,MIDHANI,True,8,1,-13.270266,7.04959,10.223055
Defence (PSU),2026-02-02,BEL,HAL,True,8,1,-8.123409,-4.995781,-6.5116405
Defence (PSU),2026-02-02,BEL,BDL,True,8,1,-3.5898566,-3.1511664,-21.836597
Defence (PSU),2026-02-02,BEL,MAZDOCK,True,8,1,-8.165699,1.2352109,-17.721212
Defence (PSU),2026-02-02,BEL,GRSE,False,8,1,-7.4382663,-3.7130594,-23.792446
Defence (PSU),2026-02-02,BEL,COCHINSHIP,True,8,1,-3.3746657,1.094377,-21.645142
Defence (PSU),2026-02-02,BEL,BEML,True,8,1,-4.1656795,-0.95704794,-9.543419
Defence (PSU),2026-02-02,BEL,MIDHANI,False,8,1,-2.5978744,-3.274417,-7.18596
Defence (PSU),2026-04-29,"GRSE,COCHINSHIP",HAL,True,8,2,-0.65038204,0.3366828,
Defence (PSU),2026-04-29,"GRSE,COCHINSHIP",BEL,True,8,2,-6.278014,-11.831659,
Defence (PSU),2026-04-29,"GRSE,COCHINSHIP",BDL,False,8,2,-10.088039,-18.379456,
Defence (PSU),2026-04-29,"GRSE,COCHINSHIP",MAZDOCK,False,8,2,-13.419979,-21.483803,
Defence (PSU),2026-04-29,"GRSE,COCHINSHIP",BEML,False,8,2,-1.891911,-9.875822,
Defence (PSU),2026-04-29,"GRSE,COCHINSHIP",MIDHANI,False,8,2,2.364421,-9.039915,
Defence (PSU),2026-08-12,HAL,BEL,True,8,1,-0.55457354,,
Defence (PSU),2026-08-12,HAL,BDL,True,8,1,-9.725534,,
Defence (PSU),2026-08-12,HAL,MAZDOCK,True,8,1,-6.2398014,,
Defence (PSU),2026-08-12,HAL,GRSE,True,8,1,-3.8306653,,
Defence (PSU),2026-08-12,HAL,COCHINSHIP,True,8,1,2.6915312,,
Defence (PSU),2026-08-12,HAL,BEML,True,8,1,9.74716,,
Defence (PSU),2026-08-12,HAL,MIDHANI,True,8,1,12.922705,,
Defence (Pvt),2022-04-07,PARAS,DATAPATTNS,False,6,1,-2.2389827,-6.117422,57.102962
Defence (Pvt),2022-04-07,PARAS,ASTRAMICRO,False,6,1,20.056368,5.2717085,31.254452
Defence (Pvt),2022-04-07,PARAS,ZENTEC,True,6,1,-5.728,-4.4330235,-1.8610895
Defence (Pvt),2022-04-07,PARAS,APOLLO,False,6,1,-7.088411,-1.3924656,8.820695
Defence (Pvt),2022-07-28,ASTRAMICRO,DATAPATTNS,True,6,1,30.111658,79.00089,63.17147
Defence (Pvt),2022-07-28,ASTRAMICRO,PARAS,True,6,1,5.237079,4.0545464,-12.489843
Defence (Pvt),2022-07-28,ASTRAMICRO,ZENTEC,False,6,1,9.494841,15.39991,7.382571
Defence (Pvt),2022-07-28,ASTRAMICRO,APOLLO,False,6,1,-1.8293023,48.5101,110.42926
Defence (Pvt),2022-10-12,APOLLO,ASTRAMICRO,False,6,2,3.1151414,-12.351482,-17.574795
Defence (Pvt),2022-10-12,APOLLO,PARAS,False,6,2,-3.6799192,-12.096632,-12.822175
Defence (Pvt),2022-10-12,APOLLO,ZENTEC,False,6,2,-0.09030104,-3.4994245,71.370285
Defence (Pvt),2023-01-03,APOLLO,DATAPATTNS,False,6,1,26.73664,25.595505,60.783447
Defence (Pvt),2023-01-03,APOLLO,ASTRAMICRO,False,6,1,-0.62429905,-9.233898,32.26657
Defence (Pvt),2023-01-03,APOLLO,PARAS,True,6,1,-2.1356225,-0.79505444,11.340321
Defence (Pvt),2023-01-03,APOLLO,ZENTEC,True,6,1,11.710871,72.2715,119.927795
Defence (Pvt),2023-01-03,APOLLO,DCXINDIA,False,6,1,-9.022856,-22.39208,23.454657
Defence (Pvt),2023-03-14,ZENTEC,DATAPATTNS,False,6,1,21.868444,26.922192,50.325935
Defence (Pvt),2023-03-14,ZENTEC,ASTRAMICRO,True,6,1,-2.8151631,41.14169,30.186836
Defence (Pvt),2023-03-14,ZENTEC,PARAS,False,6,1,0.30851364,5.5434723,19.480755
Defence (Pvt),2023-03-14,ZENTEC,APOLLO,False,6,1,13.339365,-107.2388,-118.50696
Defence (Pvt),2023-03-14,ZENTEC,DCXINDIA,False,6,1,9.559881,34.32652,96.54194
Defence (Pvt),2023-05-18,DCXINDIA,DATAPATTNS,False,6,2,4.809022,14.107012,-10.5714445
Defence (Pvt),2023-05-18,DCXINDIA,PARAS,False,6,2,-1.7796636,0.41016388,-2.0724182
Defence (Pvt),2023-05-18,DCXINDIA,ZENTEC,False,6,2,15.770615,125.913055,83.20102
Defence (Pvt),2023-05-18,DCXINDIA,APOLLO,False,6,2,16.08628,68.022385,158.05531
Defence (Pvt),2023-07-13,"DATAPATTNS,ZENTEC",ASTRAMICRO,False,6,4,-0.43427944,3.6199331,28.640257
Defence (Pvt),2023-07-13,"DATAPATTNS,ZENTEC",APOLLO,False,6,4,2.336967,15.667153,41.150604
Defence (Pvt),2023-09-07,ASTRAMICRO,ZENTEC,False,6,4,-13.758373,-17.508064,-32.396606
Defence (Pvt),2023-09-07,ASTRAMICRO,APOLLO,False,6,4,18.214764,71.25791,59.47366
Defence (Pvt),2023-11-07,APOLLO,DATAPATTNS,False,6,2,0.7570386,-19.08859,36.240707
Defence (Pvt),2023-11-07,APOLLO,PARAS,False,6,2,-7.101691,-11.042107,-21.566225
Defence (Pvt),2023-11-07,APOLLO,ZENTEC,False,6,2,0.45906305,-7.8711395,19.774364
Defence (Pvt),2023-11-07,APOLLO,DCXINDIA,False,6,2,19.209503,-3.3992043,-8.890284
Defence (Pvt),2024-02-01,ZENTEC,DATAPATTNS,True,6,1,29.142372,66.0966,70.16713
Defence (Pvt),2024-02-01,ZENTEC,ASTRAMICRO,True,6,1,4.076523,37.783634,72.8916
Defence (Pvt),2024-02-01,ZENTEC,PARAS,True,6,1,-8.273541,-8.141077,87.990005
Defence (Pvt),2024-02-01,ZENTEC,APOLLO,False,6,1,3.9473236,-5.288416,-2.3421993
Defence (Pvt),2024-02-01,ZENTEC,DCXINDIA,False,6,1,-4.891264,-0.8283615,16.919388
Defence (Pvt),2024-04-01,ASTRAMICRO,PARAS,False,6,3,4.2775154,143.30751,83.392136
Defence (Pvt),2024-04-01,ASTRAMICRO,APOLLO,False,6,3,1.581049,-6.747282,-11.249554
Defence (Pvt),2024-04-01,ASTRAMICRO,DCXINDIA,False,6,3,-1.1392474,22.054781,-16.057266
Defence (Pvt),2024-05-27,"ASTRAMICRO,PARAS",DATAPATTNS,False,6,2,1.7644997,-7.7751164,-33.3329
Defence (Pvt),2024-05-27,"ASTRAMICRO,PARAS",ZENTEC,False,6,2,25.97419,79.38623,88.31879
Defence (Pvt),2024-05-27,"ASTRAMICRO,PARAS",APOLLO,True,6,2,-9.800053,-11.443699,-20.931541
Defence (Pvt),2024-05-27,"ASTRAMICRO,PARAS",DCXINDIA,False,6,2,21.2587,-5.825794,-3.021288
Defence (Pvt),2024-12-10,ZENTEC,DATAPATTNS,True,6,1,-5.0922756,-20.337337,37.388634
Defence (Pvt),2024-12-10,ZENTEC,ASTRAMICRO,True,6,1,2.3033679,-0.069767,57.770195
Defence (Pvt),2024-12-10,ZENTEC,PARAS,True,6,1,-1.698679,7.2630177,74.65233
Defence (Pvt),2024-12-10,ZENTEC,APOLLO,True,6,1,41.78778,44.703857,132.0205
Defence (Pvt),2024-12-10,ZENTEC,DCXINDIA,True,6,1,20.145523,-2.8496132,11.048055
Defence (Pvt),2025-04-21,ASTRAMICRO,DATAPATTNS,False,6,1,30.92356,35.91868,34.988472
Defence (Pvt),2025-04-21,ASTRAMICRO,PARAS,True,6,1,47.97863,-33.85283,-39.585724
Defence (Pvt),2025-04-21,ASTRAMICRO,ZENTEC,False,6,1,25.086462,13.899672,-12.008756
Defence (Pvt),2025-04-21,ASTRAMICRO,APOLLO,False,6,1,8.299171,39.967407,155.44838
Defence (Pvt),2025-04-21,ASTRAMICRO,DCXINDIA,False,6,1,17.795397,-10.328102,-19.707912
Defence (Pvt),2025-08-22,APOLLO,DATAPATTNS,False,6,1,5.807423,20.595371,17.420315
Defence (Pvt),2025-08-22,APOLLO,ASTRAMICRO,True,6,1,7.709062,-0.80850124,-4.6817427
Defence (Pvt),2025-08-22,APOLLO,PARAS,False,6,1,4.5462728,8.016693,6.3404202
Defence (Pvt),2025-08-22,APOLLO,ZENTEC,False,6,1,4.733515,-5.8680058,-0.9215355
Defence (Pvt),2025-08-22,APOLLO,DCXINDIA,False,6,1,-0.67061186,-22.994024,-30.683384
Defence (Pvt),2025-11-13,DATAPATTNS,ASTRAMICRO,True,6,1,-5.822379,-0.5324364,24.81509
Defence (Pvt),2025-11-13,DATAPATTNS,PARAS,True,6,1,-2.0649195,2.347237,31.2043
Defence (Pvt),2025-11-13,DATAPATTNS,ZENTEC,True,6,1,5.5529294,10.484284,29.22142
Defence (Pvt),2025-11-13,DATAPATTNS,APOLLO,False,6,1,-14.442069,-4.420805,-0.260067
Defence (Pvt),2025-11-13,DATAPATTNS,DCXINDIA,False,6,1,-15.311032,-9.652746,0.7609968
Defence (Pvt),2026-02-26,DATAPATTNS,ASTRAMICRO,True,6,1,1.3826609,24.71726,79.20807
Defence (Pvt),2026-02-26,DATAPATTNS,PARAS,True,6,1,18.554245,31.12911,107.19165
Defence (Pvt),2026-02-26,DATAPATTNS,ZENTEC,True,6,1,11.562514,9.262444,19.931412
Defence (Pvt),2026-02-26,DATAPATTNS,APOLLO,True,6,1,-19.529907,22.81282,26.350056
Defence (Pvt),2026-02-26,DATAPATTNS,DCXINDIA,False,6,1,1.0325432,-0.04338026,-25.295687
Defence (Pvt),2026-04-23,DATAPATTNS,ASTRAMICRO,False,6,2,3.9744496,50.836193,46.35504
Defence (Pvt),2026-04-23,DATAPATTNS,PARAS,False,6,2,-5.0252376,31.989372,40.980186
Defence (Pvt),2026-04-23,DATAPATTNS,APOLLO,False,6,2,22.910954,30.754555,33.445892
Defence (Pvt),2026-04-23,DATAPATTNS,DCXINDIA,False,6,2,0.5485892,-13.361364,-27.629202
Defence (Pvt),2026-06-18,PARAS,DATAPATTNS,False,6,3,-14.816315,-3.1986296,
Defence (Pvt),2026-06-18,PARAS,ZENTEC,False,6,3,-10.931904,-15.5074415,
Defence (Pvt),2026-06-18,PARAS,DCXINDIA,False,6,3,-5.5897117,-18.7517,
Shipbuilding,2022-04-08,MAZDOCK,GRSE,True,4,1,6.164515,-5.2691927,22.128784
Shipbuilding,2022-04-08,MAZDOCK,COCHINSHIP,True,4,1,5.620384,11.003751,33.25957
Shipbuilding,2022-08-15,MAZDOCK,GRSE,False,4,1,19.734383,85.70065,77.24563
Shipbuilding,2022-08-15,MAZDOCK,COCHINSHIP,True,4,1,6.2502985,77.836754,47.94055
Shipbuilding,2023-03-31,COCHINSHIP,MAZDOCK,False,4,1,0.60244846,52.565147,218.99092
Shipbuilding,2023-03-31,COCHINSHIP,GRSE,True,4,1,-11.600649,-1.0539284,62.13959
Shipbuilding,2023-06-05,MAZDOCK,GRSE,False,4,1,8.952535,63.47909,38.378845
Shipbuilding,2023-06-05,MAZDOCK,COCHINSHIP,False,4,1,-3.838694,45.54455,83.6856
Shipbuilding,2023-08-15,GRSE,MAZDOCK,False,4,1,5.720103,-11.3094635,-19.318151
Shipbuilding,2023-08-15,GRSE,COCHINSHIP,False,4,1,49.436413,44.60871,-2.4328938
Shipbuilding,2024-04-03,COCHINSHIP,MAZDOCK,False,4,1,3.5875325,102.5112,104.69187
Shipbuilding,2024-04-03,COCHINSHIP,GRSE,False,4,1,7.362389,138.45624,83.45295
Shipbuilding,2025-04-29,"GRSE,COCHINSHIP",MAZDOCK,False,4,2,13.741005,-15.892876,-15.397376
Shipbuilding,2025-11-14,GRSE,MAZDOCK,True,4,1,-7.304788,0.335824,7.8516364
Shipbuilding,2025-11-14,GRSE,COCHINSHIP,True,4,1,-2.9951396,-0.23213053,8.895742
Shipbuilding,2026-04-29,"GRSE,COCHINSHIP",MAZDOCK,False,4,2,-13.419979,-21.483803,
Shipbuilding,2026-04-29,"GRSE,COCHINSHIP",SWANDEF,False,4,2,3.427887,28.58267,
Power T&D Equipment,2022-04-07,CGPOWER,SIEMENS,True,7,1,-2.5643945,12.129867,10.933262
Power T&D Equipment,2022-04-07,CGPOWER,ABB,True,7,1,5.5622697,19.930141,40.590042
Power T&D Equipment,2022-04-07,CGPOWER,POWERINDIA,False,7,1,-8.201588,8.210683,7.4215946
Power T&D Equipment,2022-04-07,CGPOWER,GET&D,False,7,1,8.5844755,3.995716,28.344769
Power T&D Equipment,2022-04-07,CGPOWER,TRIL,False,7,1,-1.7388883,-7.422949,56.349842
Power T&D Equipment,2022-04-07,CGPOWER,VOLTAMP,True,7,1,-6.7257047,53.477867,25.876028
Power T&D Equipment,2022-06-24,VOLTAMP,SIEMENS,True,7,1,8.34782,-1.3570919,-3.277897
Power T&D Equipment,2022-06-24,VOLTAMP,ABB,True,7,1,8.6116905,15.717304,5.1973934
Power T&D Equipment,2022-06-24,VOLTAMP,POWERINDIA,True,7,1,-8.309353,-11.8475685,-20.274496
Power T&D Equipment,2022-06-24,VOLTAMP,CGPOWER,False,7,1,14.030123,14.545345,27.412249
Power T&D Equipment,2022-06-24,VOLTAMP,GET&D,False,7,1,-1.9633055,24.591434,11.2674465
Power T&D Equipment,2022-06-24,VOLTAMP,TRIL,False,7,1,-4.8916817,51.575233,97.1347
Power T&D Equipment,2022-09-15,TRIL,SIEMENS,True,7,1,-5.8983684,-5.335307,11.173904
Power T&D Equipment,2022-09-15,TRIL,ABB,False,7,1,3.6507845,-10.925776,9.663367
Power T&D Equipment,2022-09-15,TRIL,POWERINDIA,True,7,1,1.4336169,-14.446943,3.8844943
Power T&D Equipment,2022-09-15,TRIL,CGPOWER,False,7,1,12.5890255,14.634682,35.11821
Power T&D Equipment,2022-09-15,TRIL,GET&D,False,7,1,2.7852893,-8.743937,-14.875387
Power T&D Equipment,2022-09-15,TRIL,VOLTAMP,False,7,1,5.7551384,3.4215212,21.170378
Power T&D Equipment,2022-12-12,SIEMENS,ABB,True,7,1,-2.8778734,19.169474,30.460966
Power T&D Equipment,2022-12-12,SIEMENS,POWERINDIA,True,7,1,2.116108,11.368561,12.965965
Power T&D Equipment,2022-12-12,SIEMENS,CGPOWER,True,7,1,4.159212,14.109421,39.170944
Power T&D Equipment,2022-12-12,SIEMENS,GET&D,True,7,1,-4.128867,-2.8301,65.61069
Power T&D Equipment,2022-12-12,SIEMENS,TRIL,False,7,1,15.96769,14.448177,38.572636
Power T&D Equipment,2022-12-12,SIEMENS,VOLTAMP,True,7,1,4.0665627,15.088833,53.301777
Power T&D Equipment,2023-04-12,GET&D,SIEMENS,True,7,1,5.853736,-6.1357975,-22.19149
Power T&D Equipment,2023-04-12,GET&D,ABB,True,7,1,13.564908,19.662346,-6.7879696
Power T&D Equipment,2023-04-12,GET&D,POWERINDIA,True,7,1,14.55021,16.931152,-1.8068924
Power T&D Equipment,2023-04-12,GET&D,CGPOWER,True,7,1,-0.68929195,10.126816,11.496925
Power T&D Equipment,2023-04-12,GET&D,TRIL,False,7,1,-6.3091636,41.22988,126.20979
Power T&D Equipment,2023-04-12,GET&D,VOLTAMP,True,7,1,7.557761,29.556465,37.27894
Power T&D Equipment,2023-08-11,VOLTAMP,SIEMENS,True,7,1,-0.39904118,-12.296682,-12.087929
Power T&D Equipment,2023-08-11,VOLTAMP,ABB,True,7,1,-13.6621895,-15.920222,-26.49696
Power T&D Equipment,2023-08-11,VOLTAMP,POWERINDIA,True,7,1,-4.860449,-8.469921,4.155504
Power T&D Equipment,2023-08-11,VOLTAMP,CGPOWER,True,7,1,4.283285,-10.368318,-20.332993
Power T&D Equipment,2023-08-11,VOLTAMP,GET&D,False,7,1,6.6193457,25.97089,82.393166
Power T&D Equipment,2023-08-11,VOLTAMP,TRIL,False,7,1,27.132965,58.320274,344.06848
Power T&D Equipment,2023-11-22,CGPOWER,SIEMENS,True,7,1,6.6149473,6.4975147,56.899254
Power T&D Equipment,2023-11-22,CGPOWER,ABB,True,7,1,5.4399605,-9.24902,48.966537
Power T&D Equipment,2023-11-22,CGPOWER,POWERINDIA,True,7,1,3.6085844,12.906265,109.98756
Power T&D Equipment,2023-11-22,CGPOWER,GET&D,False,7,1,6.8762064,89.54022,139.50592
Power T&D Equipment,2023-11-22,CGPOWER,TRIL,False,7,1,-10.907751,84.578445,341.64215
Power T&D Equipment,2023-11-22,CGPOWER,VOLTAMP,False,7,1,14.008951,26.057232,87.3397
Power T&D Equipment,2024-01-25,TRIL,SIEMENS,True,7,2,3.9057488,29.703903,74.98853
Power T&D Equipment,2024-01-25,TRIL,ABB,True,7,2,10.120451,31.425537,70.82314
Power T&D Equipment,2024-01-25,TRIL,POWERINDIA,False,7,2,-1.7727137,51.752556,141.89394
Power T&D Equipment,2024-01-25,TRIL,CGPOWER,False,7,2,-12.661474,16.568876,53.932632
Power T&D Equipment,2024-01-25,TRIL,VOLTAMP,False,7,2,-1.7296553,46.432533,74.505554
Power T&D Equipment,2024-03-21,CGPOWER,SIEMENS,True,7,4,4.363489,31.786787,9.391712
Power T&D Equipment,2024-03-21,CGPOWER,TRIL,False,7,4,126.51034,168.38089,
Power T&D Equipment,2024-03-21,CGPOWER,VOLTAMP,False,7,4,17.563988,11.630356,52.26101
Power T&D Equipment,2024-05-16,"ABB,POWERINDIA",CGPOWER,False,7,4,0.49370527,-1.7293339,0.9836197
Power T&D Equipment,2024-05-16,"ABB,POWERINDIA",GET&D,False,7,4,25.759459,28.127777,31.196354
Power T&D Equipment,2024-05-16,"ABB,POWERINDIA",VOLTAMP,False,7,4,-10.268814,19.713463,-0.5390768
Power T&D Equipment,2024-10-10,"POWERINDIA,CGPOWER",SIEMENS,True,7,2,-7.029909,-14.05831,-9.171146
Power T&D Equipment,2024-10-10,"POWERINDIA,CGPOWER",ABB,True,7,2,-16.800903,-20.141602,-15.093977
Power T&D Equipment,2024-10-10,"POWERINDIA,CGPOWER",GET&D,True,7,2,,,
Power T&D Equipment,2024-10-10,"POWERINDIA,CGPOWER",VOLTAMP,True,7,2,-20.004368,-21.671127,-25.073935
Power T&D Equipment,2025-09-01,CGPOWER,SIEMENS,True,7,1,-1.2982368,3.0745447,11.294556
Power T&D Equipment,2025-09-01,CGPOWER,ABB,True,7,1,1.3434291,0.620389,19.53286
Power T&D Equipment,2025-09-01,CGPOWER,POWERINDIA,True,7,1,1.3855696,32.769497,49.969982
Power T&D Equipment,2025-09-01,CGPOWER,VOLTAMP,True,7,1,-10.898882,2.8006613,9.8387
Power T&D Equipment,2025-11-05,POWERINDIA,SIEMENS,True,7,1,11.562938,7.0708036,35.34776
Power T&D Equipment,2025-11-05,POWERINDIA,ABB,True,7,1,2.2091928,7.6966825,52.556644
Power T&D Equipment,2025-11-05,POWERINDIA,CGPOWER,True,7,1,-6.333995,-14.04668,17.256176
Power T&D Equipment,2025-11-05,POWERINDIA,VOLTAMP,True,7,1,12.3296795,8.39743,53.127323
Power T&D Equipment,2026-01-29,ABB,SIEMENS,True,7,1,10.095942,25.249588,18.627453
Power T&D Equipment,2026-01-29,ABB,POWERINDIA,False,7,1,42.423595,76.492035,88.69805
Power T&D Equipment,2026-01-29,ABB,CGPOWER,False,7,1,21.121668,43.382526,62.017807
Power T&D Equipment,2026-01-29,ABB,VOLTAMP,True,7,1,22.46549,41.80051,15.499508
Power T&D Equipment,2026-04-16,VOLTAMP,SIEMENS,True,7,1,1.6949296,-4.0747523,6.6484447
Power T&D Equipment,2026-04-16,VOLTAMP,ABB,False,7,1,-8.555609,-1.8470526,0.41308403
Power T&D Equipment,2026-04-16,VOLTAMP,POWERINDIA,False,7,1,12.32779,13.431465,9.584951
Power T&D Equipment,2026-04-16,VOLTAMP,CGPOWER,False,7,1,10.264361,21.165668,17.70544
Transformers (Small),2022-05-31,VOLTAMP,TRIL,False,3,1,-2.1832051,16.297329,75.088806
Transformers (Small),2022-09-30,TRIL,VOLTAMP,False,3,1,7.584441,2.50234,13.794679
Transformers (Small),2023-01-11,TRIL,VOLTAMP,True,3,1,16.207684,13.307768,42.511307
Transformers (Small),2023-05-16,VOLTAMP,TRIL,False,3,1,11.325157,27.876078,120.2025
Transformers (Small),2023-08-11,VOLTAMP,TRIL,False,3,1,27.132965,58.320274,344.06848
Transformers (Small),2023-12-22,TRIL,VOLTAMP,False,3,1,14.755846,31.27129,70.67548
Transformers (Small),2024-04-12,TRIL,VOLTAMP,False,3,1,-1.1096537,26.457026,20.549597
Transformers (Small),2024-07-04,VOLTAMP,TRIL,False,3,1,-11.608856,,
Transformers (Small),2026-02-03,SHILCTECH,VOLTAMP,True,3,1,17.511726,45.68343,14.209879
Transformers (Small),2026-04-16,VOLTAMP,SHILCTECH,False,3,1,-16.767597,-13.689041,-21.46747
Cables & Wires,2022-07-25,UNIVCABLES,POLYCAB,True,7,1,3.9195895,17.049397,11.83926
Cables & Wires,2022-07-25,UNIVCABLES,KEI,True,7,1,15.038406,27.876188,23.512863
Cables & Wires,2022-07-25,UNIVCABLES,FINCABLES,True,7,1,3.6171079,3.1878233,18.677032
Cables & Wires,2022-10-13,UNIVCABLES,POLYCAB,True,7,1,2.8069377,-1.3917327,18.847609
Cables & Wires,2022-10-13,UNIVCABLES,KEI,False,7,1,12.85367,6.956851,32.482635
Cables & Wires,2022-10-13,UNIVCABLES,FINCABLES,True,7,1,9.045898,15.980184,84.94017
Cables & Wires,2022-10-13,UNIVCABLES,PARACABLES,False,7,1,65.68071,160.35876,103.2786
Cables & Wires,2022-12-14,POLYCAB,KEI,True,7,1,-3.6210358,20.369398,27.428102
Cables & Wires,2022-12-14,POLYCAB,FINCABLES,False,7,1,-1.265454,46.689903,44.229317
Cables & Wires,2022-12-14,POLYCAB,PARACABLES,False,7,1,57.513412,64.662575,73.97321
Cables & Wires,2022-12-14,POLYCAB,UNIVCABLES,False,7,1,9.241909,29.880428,26.745415
Cables & Wires,2023-02-15,FINCABLES,POLYCAB,True,7,1,1.1728346,-3.3707137,30.275915
Cables & Wires,2023-02-15,FINCABLES,KEI,True,7,1,2.9398203,12.621069,18.709837
Cables & Wires,2023-02-15,FINCABLES,PARACABLES,False,7,1,-8.79671,7.242132,0.8944626
Cables & Wires,2023-02-15,FINCABLES,UNIVCABLES,False,7,1,10.345775,13.178289,12.170446
Cables & Wires,2023-04-26,KEI,POLYCAB,True,7,1,2.2218943,22.911966,37.070564
Cables & Wires,2023-04-26,KEI,FINCABLES,False,7,1,-5.617446,-7.036804,-30.149841
Cables & Wires,2023-04-26,KEI,PARACABLES,False,7,1,2.0068765,-15.055656,53.045425
Cables & Wires,2023-04-26,KEI,UNIVCABLES,False,7,1,-6.227064,-7.6915855,-17.18
Cables & Wires,2023-07-18,POLYCAB,KEI,False,7,1,-10.447663,-3.170598,3.5363445
Cables & Wires,2023-07-18,POLYCAB,FINCABLES,True,7,1,1.9344449,-9.4892025,-29.293472
Cables & Wires,2023-07-18,POLYCAB,PARACABLES,True,7,1,47.454823,67.473465,117.95554
Cables & Wires,2023-07-18,POLYCAB,UNIVCABLES,True,7,1,-11.483913,2.9690628,-6.7308426
Cables & Wires,2023-11-21,KEI,POLYCAB,True,7,1,-1.4993072,-37.52896,-15.614414
Cables & Wires,2023-11-21,KEI,RRKABEL,False,7,1,-11.875415,-36.176537,-30.384338
Cables & Wires,2023-11-21,KEI,FINCABLES,False,7,1,15.311098,-6.1907406,-10.3506565
Cables & Wires,2023-11-21,KEI,PARACABLES,False,7,1,31.59244,38.847054,6.893587
Cables & Wires,2023-11-21,KEI,UNIVCABLES,True,7,1,-6.7844033,-22.523045,-13.252878
Cables & Wires,2024-03-13,DIACABS,POLYCAB,False,7,1,-4.350376,29.843664,4.4724083
Cables & Wires,2024-03-13,DIACABS,KEI,True,7,1,12.304521,23.62982,8.711288
Cables & Wires,2024-03-13,DIACABS,RRKABEL,True,7,1,1.1610746,7.8837986,-19.60466
Cables & Wires,2024-03-13,DIACABS,FINCABLES,False,7,1,4.466344,53.561478,41.677414
Cables & Wires,2024-03-13,DIACABS,PARACABLES,False,7,1,5.7511454,-19.262426,-22.085835
Cables & Wires,2024-03-13,DIACABS,UNIVCABLES,False,7,1,15.727687,47.281746,33.062553
Cables & Wires,2024-05-10,POLYCAB,KEI,False,7,2,3.6649823,-13.777685,-17.117043
Cables & Wires,2024-05-10,POLYCAB,RRKABEL,True,7,2,-3.7280679,-17.881332,-23.588104
Cables & Wires,2024-05-10,POLYCAB,FINCABLES,True,7,2,39.636517,35.681602,7.506073
Cables & Wires,2024-05-10,POLYCAB,DIACABS,False,7,2,-8.092821,66.3877,67.98866
Cables & Wires,2024-05-10,POLYCAB,PARACABLES,False,7,2,3.85499,-8.200287,-14.13064
Cables & Wires,2024-08-01,DIACABS,POLYCAB,True,7,1,-1.615572,4.491538,9.866863
Cables & Wires,2024-08-01,DIACABS,KEI,False,7,1,3.8284779,-5.1937523,2.3630319
Cables & Wires,2024-08-01,DIACABS,RRKABEL,False,7,1,-9.177703,-4.6871843,-21.303123
Cables & Wires,2024-08-01,DIACABS,FINCABLES,False,7,1,-6.641489,-13.912385,-21.178638
Cables & Wires,2024-08-01,DIACABS,PARACABLES,True,7,1,10.570836,-4.726905,4.9777565
Cables & Wires,2024-08-01,DIACABS,UNIVCABLES,False,7,1,-23.340208,-25.15295,-9.324431
Cables & Wires,2024-10-02,POLYCAB,KEI,True,7,1,-4.4671955,7.443219,-12.3007965
Cables & Wires,2024-10-02,POLYCAB,RRKABEL,True,7,1,-8.574033,-16.677809,-30.837196
Cables & Wires,2024-10-02,POLYCAB,FINCABLES,True,7,1,-9.729308,-2.8239725,-8.429028
Cables & Wires,2024-10-02,POLYCAB,DIACABS,False,7,1,17.343473,-85.313705,-74.06089
Cables & Wires,2024-10-02,POLYCAB,PARACABLES,False,7,1,-11.555207,-1.3946235,-18.187328
Cables & Wires,2024-10-02,POLYCAB,UNIVCABLES,False,7,1,6.009555,25.434597,-6.3722267
Cables & Wires,2025-05-12,RRKABEL,POLYCAB,True,7,1,-7.439518,7.5139403,20.702017
Cables & Wires,2025-05-12,RRKABEL,KEI,False,7,1,2.6371603,6.731546,11.141003
Cables & Wires,2025-05-12,RRKABEL,FINCABLES,False,7,1,-2.7555227,-12.649029,-24.16169
Cables & Wires,2025-05-12,RRKABEL,DIACABS,False,7,1,-1.4615059,65.24805,49.97065
Cables & Wires,2025-05-12,RRKABEL,PARACABLES,False,7,1,-0.1777525,0.6256585,-23.489475
Cables & Wires,2025-05-12,RRKABEL,UNIVCABLES,False,7,1,14.704001,36.114788,35.78337
Cables & Wires,2025-07-11,DIACABS,POLYCAB,True,7,1,5.466193,15.001691,19.154007
Cables & Wires,2025-07-11,DIACABS,KEI,False,7,1,11.265153,19.630074,29.003448
Cables & Wires,2025-07-11,DIACABS,RRKABEL,False,7,1,-1.8494902,-3.7668285,14.584237
Cables & Wires,2025-07-11,DIACABS,FINCABLES,True,7,1,-6.6774006,-13.35054,-16.167397
Cables & Wires,2025-07-11,DIACABS,PARACABLES,False,7,1,-8.061051,-25.137985,-24.65197
Cables & Wires,2025-07-11,DIACABS,UNIVCABLES,False,7,1,-5.762928,-8.7823925,18.773275
Cables & Wires,2025-11-14,UNIVCABLES,POLYCAB,True,7,1,-0.33848286,0.5459008,2.8655949
Cables & Wires,2025-11-14,UNIVCABLES,KEI,True,7,1,3.208381,16.055386,25.165058
Cables & Wires,2025-11-14,UNIVCABLES,RRKABEL,True,7,1,8.018934,8.678526,11.882615
Cables & Wires,2025-11-14,UNIVCABLES,FINCABLES,True,7,1,-1.1590304,6.036913,33.19366
Cables & Wires,2025-11-14,UNIVCABLES,DIACABS,True,7,1,-2.3356376,-13.582332,9.373474
Cables & Wires,2025-11-14,UNIVCABLES,PARACABLES,True,7,1,-2.677691,6.0333905,1.0972261
Cables & Wires,2026-02-10,FINCABLES,POLYCAB,True,7,1,9.468985,5.6575003,11.706114
Cables & Wires,2026-02-10,FINCABLES,KEI,True,7,1,8.553231,10.699206,3.1193852
Cables & Wires,2026-02-10,FINCABLES,RRKABEL,True,7,1,12.517441,23.162203,73.38511
Cables & Wires,2026-02-10,FINCABLES,DIACABS,False,7,1,14.777816,30.53202,135.54547
Cables & Wires,2026-02-10,FINCABLES,PARACABLES,False,7,1,-8.005165,2.9371917,44.292675
Cables & Wires,2026-02-10,FINCABLES,UNIVCABLES,False,7,1,-2.057087,46.221024,66.2491
Cables & Wires,2026-04-28,RRKABEL,POLYCAB,True,7,1,14.803648,2.0367384,
Cables & Wires,2026-04-28,RRKABEL,KEI,True,7,1,5.1887035,-5.642855,
Cables & Wires,2026-04-28,RRKABEL,FINCABLES,False,7,1,6.4720387,2.7494907,
Cables & Wires,2026-04-28,RRKABEL,DIACABS,False,7,1,25.21317,52.617893,
Cables & Wires,2026-04-28,RRKABEL,PARACABLES,False,7,1,68.58585,62.427464,
Cables & Wires,2026-04-28,RRKABEL,UNIVCABLES,False,7,1,34.332623,24.342655,
Cables & Wires,2026-07-24,DIACABS,POLYCAB,True,7,1,-2.4303675,,
Cables & Wires,2026-07-24,DIACABS,KEI,True,7,1,10.462594,,
Cables & Wires,2026-07-24,DIACABS,RRKABEL,False,7,1,13.984586,,
Cables & Wires,2026-07-24,DIACABS,FINCABLES,True,7,1,23.101688,,
Cables & Wires,2026-07-24,DIACABS,PARACABLES,False,7,1,-1.6919136,,
Cables & Wires,2026-07-24,DIACABS,UNIVCABLES,False,7,1,25.881134,,
Heavy Electrical / Boilers,2022-04-13,THERMAX,BHEL,False,3,1,-1.1514606,-1.3846579,12.909889
Heavy Electrical / Boilers,2022-04-13,THERMAX,TRIVENI,False,3,1,-7.36605,-16.392172,-21.322609
Heavy Electrical / Boilers,2022-08-25,"BHEL,THERMAX",TRIVENI,False,3,2,7.9657793,12.972355,8.252287
Heavy Electrical / Boilers,2022-10-26,BHEL,THERMAX,False,3,1,-0.7374406,-7.578927,8.413744
Heavy Electrical / Boilers,2022-10-26,BHEL,TRIVENI,False,3,1,-0.06238222,2.8681636,4.9886703
Heavy Electrical / Boilers,2023-07-24,TRIVENI,BHEL,True,3,1,-1.2518883,23.832296,90.47955
Heavy Electrical / Boilers,2023-07-24,TRIVENI,THERMAX,True,3,1,8.835709,4.5829525,0.45241165
Heavy Electrical / Boilers,2023-11-28,BHEL,THERMAX,False,3,1,18.3483,24.37458,81.84537
Heavy Electrical / Boilers,2023-11-28,BHEL,TRIVENI,True,3,1,-18.46025,-26.464062,-25.208931
Heavy Electrical / Boilers,2024-03-04,BHEL,THERMAX,False,3,1,19.382875,46.392403,4.754244
Heavy Electrical / Boilers,2024-03-04,BHEL,TRIVENI,True,3,1,-2.9422047,-6.8924723,13.922512
Heavy Electrical / Boilers,2024-05-15,THERMAX,BHEL,False,3,1,-3.858745,-9.029508,-32.666824
Heavy Electrical / Boilers,2024-05-15,THERMAX,TRIVENI,True,3,1,-0.46474934,-6.178224,2.6674156
Heavy Electrical / Boilers,2024-08-19,TRIVENI,BHEL,False,3,1,-13.669468,-18.85298,-19.570232
Heavy Electrical / Boilers,2024-08-19,TRIVENI,THERMAX,False,3,1,10.577965,20.594751,-14.510065
Heavy Electrical / Boilers,2024-12-24,TRIVENI,BHEL,False,3,1,-7.5495663,7.446842,16.028929
Heavy Electrical / Boilers,2024-12-24,TRIVENI,THERMAX,False,3,1,-7.3321524,-2.9187336,-11.827385
Heavy Electrical / Boilers,2025-05-28,TRIVENI,BHEL,False,3,1,-4.243803,-19.38519,5.631101
Heavy Electrical / Boilers,2025-05-28,TRIVENI,THERMAX,True,3,1,-3.6404014,-8.461731,-15.0181465
Heavy Electrical / Boilers,2025-10-30,BHEL,THERMAX,True,3,1,-5.8725057,0.33838177,44.814354
Heavy Electrical / Boilers,2025-10-30,BHEL,TRIVENI,True,3,1,5.544257,5.541122,35.645824
Heavy Electrical / Boilers,2026-03-26,TRIVENI,BHEL,True,3,1,12.448145,31.92978,37.462006
Heavy Electrical / Boilers,2026-03-26,TRIVENI,THERMAX,True,3,1,21.10182,41.653072,2.944683
Heavy Electrical / Boilers,2026-07-01,TRIVENI,BHEL,False,3,1,-2.4685204,-0.82752705,
Heavy Electrical / Boilers,2026-07-01,TRIVENI,THERMAX,False,3,1,-14.843189,-35.370724,
Pumps,2022-08-12,KSB,KIRLOSBROS,False,5,1,4.6666384,6.92476,-5.927813
Pumps,2022-08-12,KSB,SHAKTIPUMP,True,5,1,12.611902,-3.3562427,-12.53937
Pumps,2022-08-12,KSB,ROTO,True,5,1,-9.486485,-17.83514,11.484825
Pumps,2022-11-14,KIRLOSBROS,KSB,True,5,1,0.4095435,1.0979831,23.382378
Pumps,2022-11-14,KIRLOSBROS,SHAKTIPUMP,False,5,1,1.1318803,5.8636723,9.741319
Pumps,2022-11-14,KIRLOSBROS,ROTO,True,5,1,4.417801,38.63135,43.561745
Pumps,2023-01-13,ROTO,KSB,True,5,1,4.5666456,29.643446,7.8062897
Pumps,2023-01-13,ROTO,KIRLOSBROS,False,5,1,25.421799,45.2571,83.42531
Pumps,2023-01-13,ROTO,SHAKTIPUMP,True,5,1,6.7923903,12.508088,39.709023
Pumps,2023-03-10,KSB,SHAKTIPUMP,True,5,2,-2.2195935,15.612101,37.597836
Pumps,2023-03-10,KSB,ROTO,False,5,2,-3.2764256,4.322958,-72.010956
Pumps,2023-05-11,KIRLOSBROS,KSB,False,5,1,-6.849277,8.705641,9.530951
Pumps,2023-05-11,KIRLOSBROS,SHAKTIPUMP,True,5,1,31.863977,54.59864,113.74854
Pumps,2023-05-11,KIRLOSBROS,ROTO,True,5,1,6.187486,-60.93744,-64.783356
Pumps,2023-07-20,SHAKTIPUMP,KSB,True,5,1,19.059217,30.313576,25.565456
Pumps,2023-07-20,SHAKTIPUMP,KIRLOSBROS,False,5,1,7.8895807,19.304276,-13.825416
Pumps,2023-07-20,SHAKTIPUMP,ROTO,False,5,1,2.4613976,-12.235022,-23.867392
Pumps,2023-09-21,KSB,KIRLOSBROS,False,5,2,16.422688,-10.202784,1.0714531
Pumps,2023-09-21,KSB,ROTO,False,5,2,3.892386,-14.595288,-27.890963
Pumps,2024-01-29,SHAKTIPUMP,KSB,True,5,1,9.370874,36.54989,33.538437
Pumps,2024-01-29,SHAKTIPUMP,KIRLOSBROS,True,5,1,0.39711,52.50833,176.5214
Pumps,2024-01-29,SHAKTIPUMP,ROTO,True,5,1,-13.447411,-2.6928723,24.083569
Pumps,2024-04-29,SHAKTIPUMP,KSB,False,5,1,-2.153927,-5.6128263,-97.450485
Pumps,2024-04-29,SHAKTIPUMP,KIRLOSBROS,False,5,1,24.347847,80.9086,26.092518
Pumps,2024-04-29,SHAKTIPUMP,ROTO,False,5,1,4.601449,43.757664,2.5279522
Pumps,2024-06-24,ROTO,KSB,False,5,1,-1.4366031,-91.55125,-93.236946
Pumps,2024-06-24,ROTO,KIRLOSBROS,False,5,1,3.76786,-35.728447,5.324996
Pumps,2024-06-24,ROTO,SHAKTIPUMP,False,5,1,16.208601,13.47978,-85.923775
Pumps,2024-11-05,KIRLOSBROS,KSB,True,5,1,1.5054107,-4.3129683,1.8886147
Pumps,2024-11-05,KIRLOSBROS,SHAKTIPUMP,False,5,1,-84.58714,-66.34907,-63.096523
Pumps,2024-11-05,KIRLOSBROS,ROTO,True,5,1,-52.830715,-41.077095,-44.69329
Pumps,2025-06-25,KIRLOSBROS,KSB,False,5,1,7.613743,5.469656,0.3945942
Pumps,2025-06-25,KIRLOSBROS,SHAKTIPUMP,True,5,1,-6.5036592,-10.597199,-16.443699
Pumps,2025-06-25,KIRLOSBROS,ROTO,False,5,1,-71.05115,-73.340805,-72.71236
Pumps,2026-06-12,ROTO,KSB,False,5,1,8.224081,-8.81865,
Pumps,2026-06-12,ROTO,KIRLOSBROS,False,5,1,6.64239,1.3942719,
Pumps,2026-06-12,ROTO,SHAKTIPUMP,True,5,1,3.4299731,-18.215794,
Pumps,2026-06-12,ROTO,WPIL,False,5,1,-2.256906,-8.851862,
Compressors / Engines,2022-04-27,SWARAJENG,ELGIEQUIP,False,4,1,7.499194,16.608578,22.911537
Compressors / Engines,2022-04-27,SWARAJENG,KIRLOSENG,False,4,1,5.4142895,6.3850756,86.85319
Compressors / Engines,2022-04-27,SWARAJENG,INGERRAND,False,4,1,-2.4309864,2.6449556,17.67241
Compressors / Engines,2022-08-03,ELGIEQUIP,KIRLOSENG,False,4,1,46.228577,68.90832,126.46254
Compressors / Engines,2022-08-03,ELGIEQUIP,INGERRAND,True,4,1,13.967205,26.507809,14.35541
Compressors / Engines,2022-08-03,ELGIEQUIP,SWARAJENG,True,4,1,-6.678176,-5.589545,-7.2394257
Compressors / Engines,2022-11-17,KIRLOSENG,ELGIEQUIP,False,4,1,-3.3025503,-9.393269,-15.600538
Compressors / Engines,2022-11-17,KIRLOSENG,INGERRAND,True,4,1,-13.4638,-13.026971,37.362038
Compressors / Engines,2022-11-17,KIRLOSENG,SWARAJENG,True,4,1,-2.8630376,0.13487339,7.6983333
Compressors / Engines,2023-03-06,INGERRAND,ELGIEQUIP,False,4,1,-7.1869073,1.591897,-36.005222
Compressors / Engines,2023-03-06,INGERRAND,KIRLOSENG,True,4,1,27.760958,10.511065,26.336098
Compressors / Engines,2023-03-06,INGERRAND,SWARAJENG,True,4,1,2.8246522,7.201027,2.8056374
Compressors / Engines,2023-05-01,SWARAJENG,ELGIEQUIP,True,4,1,13.882721,3.0026436,-33.60818
Compressors / Engines,2023-05-01,SWARAJENG,KIRLOSENG,False,4,1,-5.3162217,-10.262394,8.912159
Compressors / Engines,2023-05-01,SWARAJENG,INGERRAND,False,4,1,-6.5705776,-13.152706,-28.113567
Compressors / Engines,2023-07-31,KIRLOSENG,ELGIEQUIP,False,4,1,-20.317768,-21.011597,-32.53769
Compressors / Engines,2023-07-31,KIRLOSENG,INGERRAND,True,4,1,6.3838606,-7.261962,-23.421312
Compressors / Engines,2023-07-31,KIRLOSENG,SWARAJENG,True,4,1,-1.4831901,-6.9857717,-12.265385
Compressors / Engines,2023-12-11,ELGIEQUIP,KIRLOSENG,True,4,1,-1.8382311,31.34245,94.000046
Compressors / Engines,2023-12-11,ELGIEQUIP,INGERRAND,True,4,1,-8.638841,8.026481,37.16365
Compressors / Engines,2023-12-11,ELGIEQUIP,SWARAJENG,True,4,1,1.9924526,-5.7418227,-7.6895237
Compressors / Engines,2024-02-29,INGERRAND,ELGIEQUIP,False,4,1,-1.1621952,-1.8828511,-14.630497
Compressors / Engines,2024-02-29,INGERRAND,KIRLOSENG,False,4,1,0.6633997,41.20456,31.910372
Compressors / Engines,2024-02-29,INGERRAND,SWARAJENG,True,4,1,3.59717,1.2356281,8.808804
Compressors / Engines,2024-05-15,KIRLOSENG,ELGIEQUIP,True,4,1,-7.7190456,-5.6596994,-12.203372
Compressors / Engines,2024-05-15,KIRLOSENG,INGERRAND,False,4,1,-6.491077,-27.741898,-23.56031
Compressors / Engines,2024-05-15,KIRLOSENG,SWARAJENG,True,4,1,4.179073,7.185149,7.22369
Compressors / Engines,2024-11-25,INGERRAND,ELGIEQUIP,False,4,1,-11.534994,-9.576643,-20.428638
Compressors / Engines,2024-11-25,INGERRAND,KIRLOSENG,False,4,1,-12.367571,-25.627672,-14.291042
Compressors / Engines,2024-11-25,INGERRAND,SWARAJENG,True,4,1,-1.7104268,12.559307,50.3229
Compressors / Engines,2025-01-20,SWARAJENG,ELGIEQUIP,True,4,1,3.4783602,-6.78069,-0.68703294
Compressors / Engines,2025-01-20,SWARAJENG,KIRLOSENG,False,4,1,-13.804405,-7.0228395,4.790175
Compressors / Engines,2025-01-20,SWARAJENG,INGERRAND,True,4,1,3.9445286,5.448675,7.978761
Compressors / Engines,2025-03-19,SWARAJENG,ELGIEQUIP,False,4,1,-16.93747,-11.539518,-23.467005
Compressors / Engines,2025-03-19,SWARAJENG,KIRLOSENG,False,4,1,-4.58858,2.689147,5.167961
Compressors / Engines,2025-03-19,SWARAJENG,INGERRAND,False,4,1,-0.8951664,-2.1679401,-4.518343
Compressors / Engines,2025-07-15,SWARAJENG,ELGIEQUIP,True,4,1,-0.504488,-10.180657,-7.05027
Compressors / Engines,2025-07-15,SWARAJENG,KIRLOSENG,False,4,1,3.5856724,-0.36733747,43.20926
Compressors / Engines,2025-07-15,SWARAJENG,INGERRAND,True,4,1,-9.380091,-3.671944,-11.877436
Compressors / Engines,2025-10-28,KIRLOSENG,ELGIEQUIP,True,4,1,1.0045888,-5.438035,13.255161
Compressors / Engines,2025-10-28,KIRLOSENG,INGERRAND,True,4,1,2.9824736,-7.5517244,14.006657
Compressors / Engines,2025-10-28,KIRLOSENG,SWARAJENG,True,4,1,-5.3111963,-3.2404718,10.201478
Compressors / Engines,2026-02-12,KIRLOSENG,ELGIEQUIP,True,4,1,5.3600674,7.415473,7.6808333
Compressors / Engines,2026-02-12,KIRLOSENG,INGERRAND,True,4,1,17.213005,26.42567,17.42221
Compressors / Engines,2026-02-12,KIRLOSENG,SWARAJENG,True,4,1,4.3290796,6.446803,-5.260557
Compressors / Engines,2026-04-15,SWARAJENG,ELGIEQUIP,True,4,1,-5.1404834,2.0159721,6.407976
Compressors / Engines,2026-04-15,SWARAJENG,KIRLOSENG,False,4,1,-2.6236296,38.045834,37.89183
Compressors / Engines,2026-04-15,SWARAJENG,INGERRAND,False,4,1,2.0515203,0.9249091,-6.2770014
Compressors / Engines,2026-06-23,KIRLOSENG,ELGIEQUIP,False,4,1,-3.7775576,-0.93036294,
Compressors / Engines,2026-06-23,KIRLOSENG,INGERRAND,True,4,1,-3.4644544,-6.356567,
Compressors / Engines,2026-06-23,KIRLOSENG,SWARAJENG,False,4,1,-8.663076,-8.555895,
Compressors / Engines,2026-08-19,ELGIEQUIP,KIRLOSENG,False,4,1,-0.028836727,,
Compressors / Engines,2026-08-19,ELGIEQUIP,INGERRAND,True,4,1,-6.3109283,,
Compressors / Engines,2026-08-19,ELGIEQUIP,SWARAJENG,True,4,1,0.08215904,,
Bearings,2022-06-01,TIMKEN,SKFINDIA,True,4,1,2.0049572,23.217594,27.499306
Bearings,2022-06-01,TIMKEN,SCHAEFFLER,False,4,1,-0.95273256,17.719496,10.787833
Bearings,2022-06-01,TIMKEN,NRBBEARING,True,4,1,15.701914,26.479067,19.094826
Bearings,2022-07-29,SCHAEFFLER,TIMKEN,False,4,1,-5.308771,-6.1628337,-5.6229954
Bearings,2022-07-29,SCHAEFFLER,SKFINDIA,False,4,1,7.711756,-2.5054092,-4.0182953
Bearings,2022-07-29,SCHAEFFLER,NRBBEARING,True,4,1,12.689316,19.34272,10.216188
Bearings,2022-11-17,TIMKEN,SKFINDIA,True,4,1,-8.185577,-7.0312204,-20.32339
Bearings,2022-11-17,TIMKEN,SCHAEFFLER,False,4,1,-11.806065,-6.335437,-10.235197
Bearings,2022-11-17,TIMKEN,NRBBEARING,True,4,1,-6.5639257,1.3313115,-0.09615421
Bearings,2023-04-24,NRBBEARING,TIMKEN,True,4,1,4.495823,-4.5121794,-36.102135
Bearings,2023-04-24,NRBBEARING,SKFINDIA,True,4,1,0.72671175,10.323418,-3.6007175
Bearings,2023-04-24,NRBBEARING,SCHAEFFLER,True,4,1,-1.0617852,-2.1870022,-17.423904
Bearings,2023-06-27,SKFINDIA,TIMKEN,True,4,2,-10.103488,-30.004137,-36.99127
Bearings,2023-06-27,SKFINDIA,SCHAEFFLER,True,4,2,-2.3022413,-11.742031,-29.989428
Bearings,2023-09-05,SCHAEFFLER,TIMKEN,True,4,1,-3.6581337,-11.333418,-34.692635
Bearings,2023-09-05,SCHAEFFLER,SKFINDIA,True,4,1,-0.49450397,-20.506483,-41.48522
Bearings,2023-09-05,SCHAEFFLER,NRBBEARING,False,4,1,-0.6743789,-12.759805,-7.726061
Bearings,2023-12-11,NRBBEARING,TIMKEN,True,4,1,-7.549107,-28.224743,12.056255
Bearings,2023-12-11,NRBBEARING,SKFINDIA,True,4,1,-5.439675,-11.741674,17.700516
Bearings,2023-12-11,NRBBEARING,SCHAEFFLER,True,4,1,-4.312086,-19.249445,41.439785
Bearings,2024-04-29,SCHAEFFLER,TIMKEN,True,4,1,29.459518,25.025318,10.921299
Bearings,2024-04-29,SCHAEFFLER,SKFINDIA,True,4,1,35.140877,28.576565,15.707066
Bearings,2024-04-29,SCHAEFFLER,NRBBEARING,False,4,1,6.8113623,-2.3920774,-23.781496
Bearings,2024-06-26,NRBBEARING,SCHAEFFLER,False,4,3,-15.9079075,-27.322136,-32.439877
Bearings,2025-05-15,NRBBEARING,TIMKEN,True,4,1,4.6263213,-4.411751,-2.7127862
Bearings,2025-05-15,NRBBEARING,SKFINDIA,True,4,1,2.5199409,3.3375144,-56.75751
Bearings,2025-05-15,NRBBEARING,SCHAEFFLER,False,4,1,0.71064234,-0.64924955,-0.7286191
Bearings,2026-02-24,SCHAEFFLER,TIMKEN,True,4,1,7.439291,13.180279,-5.972636
Bearings,2026-02-24,SCHAEFFLER,SKFINDIA,True,4,1,-10.905148,-20.101398,-34.900024
Bearings,2026-02-24,SCHAEFFLER,NRBBEARING,True,4,1,-3.952217,22.944773,48.748028
Bearings,2026-05-08,NRBBEARING,TIMKEN,True,4,1,3.1605244,-14.262342,
Bearings,2026-05-08,NRBBEARING,SKFINDIA,False,4,1,-6.6054344,-17.921305,
Bearings,2026-05-08,NRBBEARING,SCHAEFFLER,True,4,1,-3.1961799,-5.727458,
Bearings,2026-09-18,NRBBEARING,TIMKEN,True,4,1,,,
Bearings,2026-09-18,NRBBEARING,SKFINDIA,True,4,1,,,
Bearings,2026-09-18,NRBBEARING,SCHAEFFLER,True,4,1,,,
Forgings & Castings,2022-08-03,RKFORGE,BHARATFORG,True,6,1,6.238854,16.059803,17.177593
Forgings & Castings,2022-08-03,RKFORGE,STEELCAS,False,6,1,-10.848623,-10.653061,-6.7565804
Forgings & Castings,2022-08-03,RKFORGE,NELCAST,False,6,1,11.595322,18.999077,87.08107
Forgings & Castings,2022-08-03,RKFORGE,ELECTCAST,False,6,1,3.978765,17.201473,5.2908173
Forgings & Castings,2022-10-11,ELECTCAST,BHARATFORG,True,6,2,9.933281,8.86786,7.7208157
Forgings & Castings,2022-10-11,ELECTCAST,RKFORGE,False,6,2,7.108474,17.020452,40.55542
Forgings & Castings,2022-10-11,ELECTCAST,STEELCAS,False,6,2,-6.933135,1.5404701,7.587903
Forgings & Castings,2022-12-12,NELCAST,BHARATFORG,True,6,1,2.9630542,3.4794865,-13.736177
Forgings & Castings,2022-12-12,NELCAST,RKFORGE,False,6,1,7.0148587,18.517029,67.18201
Forgings & Castings,2022-12-12,NELCAST,STEELCAS,True,6,1,-6.987399,0.92053986,-0.7376075
Forgings & Castings,2022-12-12,NELCAST,ELECTCAST,False,6,1,-0.35962462,-4.5212803,23.685837
Forgings & Castings,2023-04-07,RKFORGE,BHARATFORG,True,6,1,-6.8120837,-8.132326,8.326744
Forgings & Castings,2023-04-07,RKFORGE,STEELCAS,True,6,1,-2.6654363,-21.152401,9.154461
Forgings & Castings,2023-04-07,RKFORGE,NELCAST,False,6,1,3.6617155,-17.397833,25.835323
Forgings & Castings,2023-04-07,RKFORGE,ELECTCAST,True,6,1,13.728631,62.2713,61.2125
Forgings & Castings,2023-06-05,ELECTCAST,BHARATFORG,True,6,1,-0.022637844,15.34133,9.843981
Forgings & Castings,2023-06-05,ELECTCAST,RKFORGE,False,6,1,12.418258,60.633884,74.4119
Forgings & Castings,2023-06-05,ELECTCAST,STEELCAS,True,6,1,-8.929748,14.109159,-2.8300877
Forgings & Castings,2023-06-05,ELECTCAST,NELCAST,True,6,1,-9.245623,32.1383,48.566917
Forgings & Castings,2023-08-01,NELCAST,BHARATFORG,True,6,1,10.552479,10.692823,4.8229218
Forgings & Castings,2023-08-01,NELCAST,RKFORGE,False,6,1,12.462902,3.415823,6.053543
Forgings & Castings,2023-08-01,NELCAST,STEELCAS,True,6,1,20.641804,19.824755,0.7422199
Forgings & Castings,2023-08-01,NELCAST,ELECTCAST,False,6,1,17.969072,46.167328,124.40402
Forgings & Castings,2023-10-17,ELECTCAST,BHARATFORG,True,6,2,-4.507137,2.071476,-11.560308
Forgings & Castings,2023-10-17,ELECTCAST,RKFORGE,False,6,2,1.4096677,-1.3763676,-13.885486
Forgings & Castings,2023-10-17,ELECTCAST,STEELCAS,False,6,2,-9.2260895,-16.878338,-20.065914
Forgings & Castings,2024-05-08,BHARATFORG,RKFORGE,True,6,1,-2.9061856,3.6428223,19.988178
Forgings & Castings,2024-05-08,BHARATFORG,HAPPYFORGE,True,6,1,18.38249,15.170216,1.1409998
Forgings & Castings,2024-05-08,BHARATFORG,STEELCAS,True,6,1,-5.813825,-26.027523,-3.0421019
Forgings & Castings,2024-05-08,BHARATFORG,NELCAST,False,6,1,-9.43594,-22.278206,-37.6798
Forgings & Castings,2024-05-08,BHARATFORG,ELECTCAST,False,6,1,-10.381084,-2.7023792,-23.616581
Forgings & Castings,2024-09-05,STEELCAS,BHARATFORG,True,6,1,-6.8825607,-13.979972,-12.588316
Forgings & Castings,2024-09-05,STEELCAS,RKFORGE,False,6,1,0.036764145,0.83325505,-9.623753
Forgings & Castings,2024-09-05,STEELCAS,HAPPYFORGE,True,6,1,0.333488,-4.291707,-6.717001
Forgings & Castings,2024-09-05,STEELCAS,NELCAST,True,6,1,-5.679661,-13.89457,-6.330639
Forgings & Castings,2024-09-05,STEELCAS,ELECTCAST,True,6,1,-5.0326824,-26.706177,-33.103237
Forgings & Castings,2025-03-10,STEELCAS,BHARATFORG,True,6,1,-8.28023,6.905533,-9.796024
Forgings & Castings,2025-03-10,STEELCAS,RKFORGE,False,6,1,8.026934,-20.879816,-33.092922
Forgings & Castings,2025-03-10,STEELCAS,HAPPYFORGE,False,6,1,-7.812381,-1.2867451,-7.8274493
Forgings & Castings,2025-03-10,STEELCAS,NELCAST,False,6,1,0.6487906,33.340645,56.028175
Forgings & Castings,2025-03-10,STEELCAS,ELECTCAST,False,6,1,-4.841566,0.9097347,-16.730225
Forgings & Castings,2025-05-14,BHARATFORG,RKFORGE,False,6,1,5.365204,-7.4132624,-14.341724
Forgings & Castings,2025-05-14,BHARATFORG,HAPPYFORGE,True,6,1,8.473015,13.0672455,19.029676
Forgings & Castings,2025-05-14,BHARATFORG,STEELCAS,False,6,1,16.666721,12.583912,-83.25999
Forgings & Castings,2025-05-14,BHARATFORG,NELCAST,False,6,1,17.0735,56.97532,2.503264
Forgings & Castings,2025-05-14,BHARATFORG,ELECTCAST,False,6,1,19.036411,3.7069798,-17.4381
Forgings & Castings,2025-07-22,NELCAST,BHARATFORG,True,6,1,-0.4859388,6.3589153,28.984303
Forgings & Castings,2025-07-22,NELCAST,RKFORGE,True,6,1,-5.3894825,-11.716015,-11.191124
Forgings & Castings,2025-07-22,NELCAST,HAPPYFORGE,False,6,1,4.175848,6.1042128,32.37739
Forgings & Castings,2025-07-22,NELCAST,STEELCAS,False,6,1,-5.913025,-78.30608,-72.767624
Forgings & Castings,2025-07-22,NELCAST,ELECTCAST,False,6,1,-4.1192713,-12.075853,-29.082096
Forgings & Castings,2025-10-21,HAPPYFORGE,BHARATFORG,True,6,1,14.240903,25.107218,54.47021
Forgings & Castings,2025-10-21,HAPPYFORGE,RKFORGE,True,6,1,0.63292384,-2.29702,10.134487
Forgings & Castings,2025-10-21,HAPPYFORGE,STEELCAS,False,6,1,3.5035074,1.0484638,16.624485
Forgings & Castings,2025-10-21,HAPPYFORGE,NELCAST,False,6,1,-3.7314713,-11.569923,11.651968
Forgings & Castings,2025-10-21,HAPPYFORGE,ELECTCAST,True,6,1,-15.901811,-18.83422,-8.114208
Forgings & Castings,2026-02-03,BHARATFORG,RKFORGE,True,6,1,4.040867,6.463909,-4.0677667
Forgings & Castings,2026-02-03,BHARATFORG,HAPPYFORGE,True,6,1,15.579284,10.1376295,35.462914
Forgings & Castings,2026-02-03,BHARATFORG,STEELCAS,True,6,1,-0.7287741,32.319378,21.189642
Forgings & Castings,2026-02-03,BHARATFORG,NELCAST,False,6,1,1.4258325,13.588238,6.7930336
Forgings & Castings,2026-02-03,BHARATFORG,ELECTCAST,True,6,1,-1.0209799,9.620333,-11.25105
Forgings & Castings,2026-04-13,STEELCAS,BHARATFORG,False,6,1,2.0788784,6.388009,-2.9685373
Forgings & Castings,2026-04-13,STEELCAS,RKFORGE,True,6,1,8.47386,-4.525709,20.350922
Forgings & Castings,2026-04-13,STEELCAS,HAPPYFORGE,False,6,1,7.1521397,9.579253,47.823143
Forgings & Castings,2026-04-13,STEELCAS,NELCAST,False,6,1,14.748621,-6.3676715,-24.08744
Forgings & Castings,2026-04-13,STEELCAS,ELECTCAST,False,6,1,0.027668,-17.59578,-23.229694
Forgings & Castings,2026-06-22,HAPPYFORGE,BHARATFORG,True,6,1,5.4451523,-8.703762,
Forgings & Castings,2026-06-22,HAPPYFORGE,RKFORGE,False,6,1,-4.3643894,19.279348,
Forgings & Castings,2026-06-22,HAPPYFORGE,STEELCAS,False,6,1,-2.1994293,2.6348948,
Forgings & Castings,2026-06-22,HAPPYFORGE,NELCAST,False,6,1,-12.764997,-27.512955,
Forgings & Castings,2026-06-22,HAPPYFORGE,ELECTCAST,False,6,1,-10.77466,-7.812619,
Forgings & Castings,2026-09-25,STEELCAS,BHARATFORG,True,6,1,,,
Forgings & Castings,2026-09-25,STEELCAS,RKFORGE,False,6,1,,,
Forgings & Castings,2026-09-25,STEELCAS,HAPPYFORGE,False,6,1,,,
Forgings & Castings,2026-09-25,STEELCAS,NELCAST,False,6,1,,,
Forgings & Castings,2026-09-25,STEELCAS,ELECTCAST,True,6,1,,,
Welding / Industrial Consumables,2025-07-21,ESABINDIA,ADOR,False,2,1,-13.125724,8.740574,5.5326405
Welding / Industrial Consumables,2025-10-15,ADOR,ESABINDIA,True,2,1,6.1742187,27.61686,18.436844
Welding / Industrial Consumables,2026-05-04,ESABINDIA,ADOR,False,2,1,3.5653353,38.47952,
Welding / Industrial Consumables,2026-07-20,ADOR,ESABINDIA,True,2,1,5.338919,,
Machine Tools,2025-05-13,LMW,MACPOWER,False,2,1,-2.8738623,2.782023,-12.45879
Machine Tools,2025-11-17,MACPOWER,LMW,True,2,1,2.64169,7.358819,-3.9504108
Machine Tools,2026-02-04,LMW,MACPOWER,False,2,1,21.871738,30.987198,39.293335
Machine Tools,2026-06-30,MACPOWER,LMW,True,2,1,0.78914165,6.1676626,
Railway Wagons & Equipment,2022-04-15,RAILTEL,TEXRAIL,False,4,1,15.824115,8.776325,4.137683
Railway Wagons & Equipment,2022-08-26,TEXRAIL,JWL,False,4,1,-3.6320388,5.157935,29.34438
Railway Wagons & Equipment,2022-08-26,TEXRAIL,RAILTEL,True,4,1,13.586427,64.8574,39.645054
Railway Wagons & Equipment,2022-10-28,RAILTEL,JWL,False,4,1,4.473138,43.238724,41.391113
Railway Wagons & Equipment,2022-10-28,RAILTEL,TEXRAIL,False,4,1,22.094166,21.674084,-4.382843
Railway Wagons & Equipment,2023-01-04,JWL,TEXRAIL,False,4,1,-11.221636,-17.969997,18.119955
Railway Wagons & Equipment,2023-01-04,JWL,RAILTEL,False,4,1,-6.554538,-10.916621,-10.665428
Railway Wagons & Equipment,2023-04-28,TEXRAIL,JWL,False,4,1,22.832514,69.07858,162.72366
Railway Wagons & Equipment,2023-04-28,TEXRAIL,RAILTEL,True,4,1,0.010454655,18.4518,58.815468
Railway Wagons & Equipment,2023-08-28,RAILTEL,TITAGARH,False,4,1,-6.8122444,1.9789457,-14.327574
Railway Wagons & Equipment,2023-08-28,RAILTEL,JWL,False,4,1,-27.81005,-20.449383,-34.551014
Railway Wagons & Equipment,2023-08-28,RAILTEL,TEXRAIL,False,4,1,-14.44478,-15.691328,-12.50757
Railway Wagons & Equipment,2023-11-17,TITAGARH,JWL,False,4,1,-1.1365414,-2.3833637,8.384623
Railway Wagons & Equipment,2023-11-17,TITAGARH,TEXRAIL,False,4,1,15.263426,17.165543,0.09783554
Railway Wagons & Equipment,2023-11-17,TITAGARH,RAILTEL,False,4,1,2.4897213,41.136024,36.227432
Railway Wagons & Equipment,2024-01-22,"JWL,TEXRAIL",TITAGARH,False,4,3,-20.181011,-23.554361,46.723114
Railway Wagons & Equipment,2024-04-25,JWL,TITAGARH,False,4,1,19.160486,41.733444,-13.864684
Railway Wagons & Equipment,2024-04-25,JWL,TEXRAIL,False,4,1,2.8737187,30.60094,-21.195198
Railway Wagons & Equipment,2024-04-25,JWL,RAILTEL,False,4,1,9.059202,16.440247,-18.387133
Railway Wagons & Equipment,2024-06-21,RAILTEL,JWL,False,4,2,-17.794556,-34.607567,-42.741486
Railway Wagons & Equipment,2024-06-21,RAILTEL,TEXRAIL,False,4,2,23.806702,-8.14991,-10.112357
Railway Wagons & Equipment,2025-05-16,"TITAGARH,TEXRAIL,RAILTEL",JWL,False,4,3,-11.333763,-21.607197,-28.209204
Railway Wagons & Equipment,2026-01-15,JWL,TITAGARH,True,4,1,-1.078856,-8.412641,-0.76349974
Railway Wagons & Equipment,2026-01-15,JWL,TEXRAIL,True,4,1,-4.653263,-20.993702,-22.662443
Railway Wagons & Equipment,2026-01-15,JWL,RAILTEL,True,4,1,0.92691183,-16.839252,-20.964533
Railway Wagons & Equipment,2026-09-24,TEXRAIL,TITAGARH,True,4,1,,,
Railway Wagons & Equipment,2026-09-24,TEXRAIL,JWL,True,4,1,,,
Railway Wagons & Equipment,2026-09-24,TEXRAIL,RAILTEL,True,4,1,,,
Railway PSU,2022-04-15,RAILTEL,IRCTC,True,6,1,-1.2860909,-10.233503,-4.155344
Railway PSU,2022-04-15,RAILTEL,IRFC,True,6,1,10.912275,3.945631,-0.37636757
Railway PSU,2022-04-15,RAILTEL,RVNL,True,6,1,4.134595,2.9484272,6.5380096
Railway PSU,2022-04-15,RAILTEL,IRCON,True,6,1,6.577283,1.1431694,1.3260067
Railway PSU,2022-04-15,RAILTEL,RITES,True,6,1,5.7247095,2.323186,30.660297
Railway PSU,2022-08-15,IRCON,IRCTC,True,6,1,-1.5022879,5.9330826,-10.1332245
Railway PSU,2022-08-15,IRCON,IRFC,True,6,1,-2.2383213,7.0016975,48.4107
Railway PSU,2022-08-15,IRCON,RVNL,True,6,1,0.12214184,65.60836,170.5186
Railway PSU,2022-08-15,IRCON,RITES,True,6,1,2.6382923,49.52495,29.27811
Railway PSU,2022-08-15,IRCON,RAILTEL,True,6,1,5.705369,40.654266,40.594078
Railway PSU,2022-10-10,"RVNL,IRCON",IRCTC,True,6,4,3.1463146,-15.071451,-9.614366
Railway PSU,2022-10-10,"RVNL,IRCON",RAILTEL,True,6,4,21.46828,22.882092,8.469576
Railway PSU,2023-04-04,RVNL,IRCTC,True,6,1,0.30742836,-10.091103,-20.043362
Railway PSU,2023-04-04,RVNL,IRFC,True,6,1,11.057508,-3.0385857,135.67892
Railway PSU,2023-04-04,RVNL,IRCON,True,6,1,38.91107,24.344135,105.381165
Railway PSU,2023-04-04,RVNL,RITES,True,6,1,6.278372,-14.160086,2.1086578
Railway PSU,2023-04-04,RVNL,RAILTEL,False,6,1,2.6296616,6.2787647,59.217655
Railway PSU,2023-06-07,RAILTEL,IRCTC,True,6,1,-7.7432575,-13.1015415,-19.144142
Railway PSU,2023-06-07,RAILTEL,IRFC,False,6,1,-5.5094004,36.875187,90.794174
Railway PSU,2023-06-07,RAILTEL,RVNL,False,6,1,-6.688076,-15.009689,-0.038362503
Railway PSU,2023-06-07,RAILTEL,IRCON,False,6,1,-7.90121,15.070379,54.85068
Railway PSU,2023-06-07,RAILTEL,RITES,True,6,1,-8.556938,15.712345,-5.255783
Railway PSU,2023-08-03,IRFC,IRCTC,True,6,4,-4.1756153,-7.9600396,8.637978
Railway PSU,2023-08-03,IRFC,RVNL,True,6,4,0.32252073,13.194084,58.681396
Railway PSU,2023-11-23,RAILTEL,IRCTC,True,6,1,19.23287,18.348454,23.374462
Railway PSU,2023-11-23,RAILTEL,IRFC,False,6,1,24.412834,90.13229,82.82631
Railway PSU,2023-11-23,RAILTEL,RVNL,False,6,1,1.5520573,37.93546,39.00782
Railway PSU,2023-11-23,RAILTEL,IRCON,False,6,1,-3.6850214,22.540726,19.209969
Railway PSU,2023-11-23,RAILTEL,RITES,False,6,1,-2.1659732,77.426895,42.54613
Railway PSU,2024-01-19,"IRFC,RVNL,IRCON,RITES",IRCTC,False,6,5,-7.9941926,3.7837505,-15.416635
Railway PSU,2024-05-21,"RVNL,IRCON",IRCTC,True,6,2,-13.833088,-28.378225,-39.420986
Railway PSU,2024-05-21,"RVNL,IRCON",IRFC,False,6,2,-8.463502,-9.483838,-29.351866
Railway PSU,2024-05-21,"RVNL,IRCON",RITES,False,6,2,-6.763834,-16.85496,-73.71611
Railway PSU,2024-05-21,"RVNL,IRCON",RAILTEL,False,6,2,-5.9174776,-5.1241755,-22.486992
Railway PSU,2025-05-16,"IRCON,RITES,RAILTEL",IRCTC,True,6,3,-8.580953,-11.395532,-15.707462
Railway PSU,2025-05-16,"IRCON,RITES,RAILTEL",IRFC,True,6,3,-4.0366592,-9.875929,-16.325443
Railway PSU,2025-05-16,"IRCON,RITES,RAILTEL",RVNL,False,6,3,-4.4694185,-18.081278,-24.974316
Railway PSU,2025-12-26,"IRFC,RVNL",IRCTC,True,6,2,-4.5880737,-11.744886,-26.585806
Railway PSU,2025-12-26,"IRFC,RVNL",IRCON,True,6,2,-6.610757,-18.034243,-24.455996
Railway PSU,2025-12-26,"IRFC,RVNL",RITES,True,6,2,-5.9549217,-10.253054,-20.624882
Railway PSU,2025-12-26,"IRFC,RVNL",RAILTEL,True,6,2,-2.1240416,-11.667479,-18.45066
Railway PSU,2026-07-01,RITES,IRCTC,True,6,1,-1.6754627,-10.776162,
Railway PSU,2026-07-01,RITES,IRFC,True,6,1,-2.5909603,-14.202673,
Railway PSU,2026-07-01,RITES,RVNL,False,6,1,-5.721217,-13.912905,
Railway PSU,2026-07-01,RITES,IRCON,True,6,1,-6.955761,-21.845083,
Railway PSU,2026-07-01,RITES,RAILTEL,True,6,1,-7.726681,-18.232006,
EPC / Infra Construction,2022-04-13,JKIL,LT,True,9,1,2.4089994,2.9891253,8.3387375
EPC / Infra Construction,2022-04-13,JKIL,KEC,False,9,1,1.660615,18.64845,20.485817
EPC / Infra Construction,2022-04-13,JKIL,NCC,False,9,1,3.457427,-7.66626,6.1971784
EPC / Infra Construction,2022-04-13,JKIL,PNCINFRA,False,9,1,7.0484457,8.8957,8.288765
EPC / Infra Construction,2022-04-13,JKIL,HGINFRA,False,9,1,1.4109488,0.22816086,-2.3594737
EPC / Infra Construction,2022-04-13,JKIL,GRINFRA,False,9,1,8.760172,-12.740643,-16.847128
EPC / Infra Construction,2022-04-13,JKIL,ASHOKA,True,9,1,-6.5698023,-3.0160007,-10.709644
EPC / Infra Construction,2022-06-23,KEC,LT,True,9,1,7.3694706,4.878998,17.657446
EPC / Infra Construction,2022-06-23,KEC,NCC,False,9,1,-1.5817642,5.820442,30.291761
EPC / Infra Construction,2022-06-23,KEC,PNCINFRA,True,9,1,-0.022112846,-1.6291733,0.19140244
EPC / Infra Construction,2022-06-23,KEC,HGINFRA,True,9,1,-1.326191,-4.718828,-16.620052
EPC / Infra Construction,2022-06-23,KEC,GRINFRA,False,9,1,1.0417938,-6.6080456,-16.05054
EPC / Infra Construction,2022-06-23,KEC,ASHOKA,False,9,1,-4.7743673,-4.9714203,-8.782589
EPC / Infra Construction,2022-06-23,KEC,JKIL,False,9,1,8.424723,-21.507275,-25.497437
EPC / Infra Construction,2022-08-29,PNCINFRA,LT,True,9,2,-0.9699762,3.3864737,16.436684
EPC / Infra Construction,2022-08-29,PNCINFRA,KEC,False,9,2,5.791134,-2.5657654,14.935363
EPC / Infra Construction,2022-08-29,PNCINFRA,HGINFRA,True,9,2,-3.7928283,-8.273816,25.569653
EPC / Infra Construction,2022-08-29,PNCINFRA,GRINFRA,False,9,2,-10.03772,-20.459867,-13.419515
EPC / Infra Construction,2022-08-29,PNCINFRA,ASHOKA,True,9,2,-6.4976873,-9.672356,3.4855723
EPC / Infra Construction,2022-08-29,PNCINFRA,JKIL,False,9,2,-8.172172,-8.20539,-12.942081
EPC / Infra Construction,2022-11-15,NCC,LT,True,9,1,5.1664,12.465781,15.415539
EPC / Infra Construction,2022-11-15,NCC,KEC,True,9,1,10.109544,10.4424305,11.541546
EPC / Infra Construction,2022-11-15,NCC,PNCINFRA,True,9,1,9.567225,34.06492,8.7676525
EPC / Infra Construction,2022-11-15,NCC,HGINFRA,True,9,1,-3.7773848,15.665835,72.02125
EPC / Infra Construction,2022-11-15,NCC,GRINFRA,True,9,1,7.536948,6.92156,-8.757347
EPC / Infra Construction,2022-11-15,NCC,ASHOKA,True,9,1,11.231626,9.796018,34.074593
EPC / Infra Construction,2022-11-15,NCC,JKIL,False,9,1,-3.5450578,-1.9461093,-2.221644
EPC / Infra Construction,2023-04-17,ASHOKA,LT,True,9,1,-4.1707635,-6.4993258,2.4844284
EPC / Infra Construction,2023-04-17,ASHOKA,KEC,True,9,1,2.3864503,1.6113758,0.27346802
EPC / Infra Construction,2023-04-17,ASHOKA,NCC,False,9,1,2.1940231,1.7804985,16.838657
EPC / Infra Construction,2023-04-17,ASHOKA,PNCINFRA,True,9,1,3.2803178,4.9681435,-12.460398
EPC / Infra Construction,2023-04-17,ASHOKA,HGINFRA,False,9,1,2.955628,-16.044617,-26.32805
EPC / Infra Construction,2023-04-17,ASHOKA,GRINFRA,False,9,1,4.1381955,18.997263,-10.788464
EPC / Infra Construction,2023-04-17,ASHOKA,JKIL,True,9,1,0.8919358,2.4399052,35.42154
EPC / Infra Construction,2023-06-15,JKIL,LT,True,9,1,0.34776926,1.8369675,8.984005
EPC / Infra Construction,2023-06-15,JKIL,KEC,True,9,1,5.5796027,3.7026405,-21.879078
EPC / Infra Construction,2023-06-15,JKIL,NCC,False,9,1,4.4225216,10.59153,16.853428
EPC / Infra Construction,2023-06-15,JKIL,PNCINFRA,True,9,1,3.4288406,-15.787458,-29.979324
EPC / Infra Construction,2023-06-15,JKIL,HGINFRA,False,9,1,-0.96731186,-3.531313,-30.02484
EPC / Infra Construction,2023-06-15,JKIL,GRINFRA,False,9,1,0.65683126,-18.18657,-45.469246
EPC / Infra Construction,2023-06-15,JKIL,ASHOKA,False,9,1,15.2801285,26.337135,49.08571
EPC / Infra Construction,2023-09-07,ASHOKA,LT,True,9,1,8.912194,5.8778524,-3.7466393
EPC / Infra Construction,2023-09-07,ASHOKA,KEC,True,9,1,-0.39873123,-20.999973,-27.435183
EPC / Infra Construction,2023-09-07,ASHOKA,KPIL,True,9,1,-3.4361005,-0.63539743,23.495712
EPC / Infra Construction,2023-09-07,ASHOKA,NCC,False,9,1,3.2545924,4.5681596,35.57216
EPC / Infra Construction,2023-09-07,ASHOKA,PNCINFRA,True,9,1,6.013739,-13.274699,-9.000825
EPC / Infra Construction,2023-09-07,ASHOKA,HGINFRA,True,9,1,-2.5111496,-22.899895,-37.986885
EPC / Infra Construction,2023-09-07,ASHOKA,GRINFRA,True,9,1,-5.71481,-26.534508,-27.854376
EPC / Infra Construction,2023-09-07,ASHOKA,JKIL,False,9,1,2.5366664,-7.4737844,25.986217
EPC / Infra Construction,2023-12-26,JKIL,LT,True,9,1,-2.3280025,1.0752499,-13.64057
EPC / Infra Construction,2023-12-26,JKIL,KEC,True,9,1,0.22866726,12.469417,21.239891
EPC / Infra Construction,2023-12-26,JKIL,KPIL,True,9,1,8.64805,68.34211,107.48367
EPC / Infra Construction,2023-12-26,JKIL,NCC,False,9,1,11.000229,28.442924,70.824814
EPC / Infra Construction,2023-12-26,JKIL,PNCINFRA,True,9,1,5.655336,19.103676,24.408485
EPC / Infra Construction,2023-12-26,JKIL,HGINFRA,True,9,1,10.814381,13.269943,106.707214
EPC / Infra Construction,2023-12-26,JKIL,GRINFRA,True,9,1,-8.783251,7.0578995,26.440395
EPC / Infra Construction,2023-12-26,JKIL,ASHOKA,False,9,1,11.095549,11.009783,39.596928
EPC / Infra Construction,2024-02-28,KEC,LT,True,9,2,13.337612,-5.6078854,-13.428438
EPC / Infra Construction,2024-02-28,KEC,NCC,False,9,2,3.429997,7.1009283,4.9588547
EPC / Infra Construction,2024-02-28,KEC,PNCINFRA,False,9,2,7.947552,14.851939,-8.855701
EPC / Infra Construction,2024-02-28,KEC,HGINFRA,True,9,2,8.894051,73.073456,62.317837
EPC / Infra Construction,2024-02-28,KEC,GRINFRA,True,9,2,10.130156,26.759922,12.803757
EPC / Infra Construction,2024-02-28,KEC,ASHOKA,False,9,2,-2.9360356,-2.1071553,16.666542
EPC / Infra Construction,2024-02-28,KEC,JKIL,False,9,2,7.6582313,0.07427931,18.071758
EPC / Infra Construction,2024-05-14,HGINFRA,LT,True,9,1,1.8344998,-5.8232665,-12.529003
EPC / Infra Construction,2024-05-14,HGINFRA,KEC,True,9,1,8.93892,12.51359,25.747192
EPC / Infra Construction,2024-05-14,HGINFRA,KPIL,False,9,1,2.0701647,-7.5316668,-5.273807
EPC / Infra Construction,2024-05-14,HGINFRA,NCC,True,9,1,23.842026,11.241817,3.0086632
EPC / Infra Construction,2024-05-14,HGINFRA,PNCINFRA,True,9,1,8.108711,-1.2849693,-40.459976
EPC / Infra Construction,2024-05-14,HGINFRA,GRINFRA,True,9,1,20.197762,5.9583435,1.2019157
EPC / Infra Construction,2024-05-14,HGINFRA,ASHOKA,False,9,1,22.234104,22.036541,26.122486
EPC / Infra Construction,2024-05-14,HGINFRA,JKIL,False,9,1,25.050129,12.736118,7.0664177
EPC / Infra Construction,2024-07-11,KPIL,LT,True,9,2,-1.7557502,-8.26627,-2.843833
EPC / Infra Construction,2024-07-11,KPIL,NCC,False,9,2,-4.3066916,-14.440966,-18.618221
EPC / Infra Construction,2024-07-11,KPIL,PNCINFRA,False,9,2,-11.345552,-26.795935,-43.12508
EPC / Infra Construction,2024-07-11,KPIL,HGINFRA,False,9,2,-0.49861073,-16.710209,-8.940917
EPC / Infra Construction,2024-07-11,KPIL,GRINFRA,False,9,2,-8.135717,-8.823413,-18.034565
EPC / Infra Construction,2024-07-11,KPIL,ASHOKA,False,9,2,-1.023531,-0.04556179,24.26057
EPC / Infra Construction,2024-07-11,KPIL,JKIL,False,9,2,-8.117622,-17.391766,-14.435559
EPC / Infra Construction,2024-09-05,KEC,LT,True,9,1,-2.9334068,5.994785,13.510538
EPC / Infra Construction,2024-09-05,KEC,KPIL,True,9,1,-5.5128517,-15.2745905,-15.396492
EPC / Infra Construction,2024-09-05,KEC,NCC,True,9,1,-7.112813,-1.7678499,-18.678219
EPC / Infra Construction,2024-09-05,KEC,PNCINFRA,True,9,1,-3.6595285,-31.081139,-18.680248
EPC / Infra Construction,2024-09-05,KEC,HGINFRA,True,9,1,-1.6463339,-4.4189215,-4.1904316
EPC / Infra Construction,2024-09-05,KEC,GRINFRA,True,9,1,5.6505737,5.025351,-15.129993
EPC / Infra Construction,2024-09-05,KEC,ASHOKA,True,9,1,-5.373973,-0.18498302,-5.404846
EPC / Infra Construction,2024-09-05,KEC,JKIL,True,9,1,-4.2863073,-1.9088564,4.049856
EPC / Infra Construction,2024-12-04,KEC,LT,True,9,1,-1.9547522,9.095324,10.278005
EPC / Infra Construction,2024-12-04,KEC,KPIL,True,9,1,13.913673,-1.2751102,7.576579
EPC / Infra Construction,2024-12-04,KEC,NCC,True,9,1,-9.825558,-16.170704,-9.381998
EPC / Infra Construction,2024-12-04,KEC,PNCINFRA,False,9,1,9.118658,15.226674,10.131783
EPC / Infra Construction,2024-12-04,KEC,HGINFRA,False,9,1,3.6377013,-10.914688,-13.924812
EPC / Infra Construction,2024-12-04,KEC,GRINFRA,True,9,1,-8.693767,-17.597149,-12.131023
EPC / Infra Construction,2024-12-04,KEC,ASHOKA,True,9,1,18.783216,-8.996845,-5.675703
EPC / Infra Construction,2024-12-04,KEC,JKIL,True,9,1,-0.7474482,7.0465746,0.27586842
EPC / Infra Construction,2025-05-19,PNCINFRA,LT,True,9,1,-2.2689104,2.4153113,5.849993
EPC / Infra Construction,2025-05-19,PNCINFRA,KEC,False,9,1,7.304573,-1.4454603,-5.5437984
EPC / Infra Construction,2025-05-19,PNCINFRA,KPIL,False,9,1,2.251649,11.405147,18.66498
EPC / Infra Construction,2025-05-19,PNCINFRA,NCC,False,9,1,-5.6684074,-4.435706,-22.134155
EPC / Infra Construction,2025-05-19,PNCINFRA,HGINFRA,False,9,1,-17.906803,-18.936962,-29.28015
EPC / Infra Construction,2025-05-19,PNCINFRA,GRINFRA,False,9,1,-3.1282306,-5.8287024,-16.576523
EPC / Infra Construction,2025-05-19,PNCINFRA,ASHOKA,False,9,1,-1.9094586,-9.022051,-3.235358
EPC / Infra Construction,2025-05-19,PNCINFRA,JKIL,True,9,1,0.031161308,-4.5330343,-9.476644
EPC / Infra Construction,2025-11-03,ASHOKA,LT,True,9,1,6.5125465,7.83652,13.159662
EPC / Infra Construction,2025-11-03,ASHOKA,KEC,True,9,1,-10.264855,-10.644996,-26.200222
EPC / Infra Construction,2025-11-03,ASHOKA,KPIL,True,9,1,-0.047838688,3.6004,10.485726
EPC / Infra Construction,2025-11-03,ASHOKA,NCC,True,9,1,-19.006847,-24.459816,-23.509125
EPC / Infra Construction,2025-11-03,ASHOKA,PNCINFRA,True,9,1,-9.471339,-13.292665,-28.005306
EPC / Infra Construction,2025-11-03,ASHOKA,HGINFRA,True,9,1,-0.5433917,-28.48856,-33.187614
EPC / Infra Construction,2025-11-03,ASHOKA,GRINFRA,True,9,1,-4.9328327,-7.672393,-14.301293
EPC / Infra Construction,2025-11-03,ASHOKA,JKIL,True,9,1,-6.5796614,-1.0795832,-18.044598
EPC / Infra Construction,2026-02-27,KPIL,LT,True,9,1,-6.9740353,-12.609035,-16.4464
EPC / Infra Construction,2026-02-27,KPIL,KEC,True,9,1,-1.1378059,-26.509453,-40.48581
EPC / Infra Construction,2026-02-27,KPIL,NCC,True,9,1,0.5903301,-11.590606,-21.891462
EPC / Infra Construction,2026-02-27,KPIL,PNCINFRA,False,9,1,-7.1861515,-4.4974985,-10.1501465
EPC / Infra Construction,2026-02-27,KPIL,HGINFRA,False,9,1,-3.7703934,0.54113865,-19.349825
EPC / Infra Construction,2026-02-27,KPIL,GRINFRA,True,9,1,-4.5173893,-4.26687,-23.957062
EPC / Infra Construction,2026-02-27,KPIL,ASHOKA,False,9,1,-1.8117733,-10.908688,-26.008331
EPC / Infra Construction,2026-02-27,KPIL,JKIL,True,9,1,-7.503689,-17.8051,-22.818542
EPC / Infra Construction,2026-06-16,KPIL,LT,True,9,1,-9.947932,-9.93433,
EPC / Infra Construction,2026-06-16,KPIL,KEC,True,9,1,-9.053296,-27.320795,
EPC / Infra Construction,2026-06-16,KPIL,NCC,True,9,1,-9.198893,-6.98663,
EPC / Infra Construction,2026-06-16,KPIL,PNCINFRA,False,9,1,16.169262,-18.7159,
EPC / Infra Construction,2026-06-16,KPIL,HGINFRA,False,9,1,-5.3352714,-20.304077,
EPC / Infra Construction,2026-06-16,KPIL,GRINFRA,True,9,1,-2.3468018,-9.686005,
EPC / Infra Construction,2026-06-16,KPIL,ASHOKA,False,9,1,-5.0108075,-18.02435,
EPC / Infra Construction,2026-06-16,KPIL,JKIL,True,9,1,-0.31787157,-4.3373766,
Solar Manufacturing,2024-12-04,PREMIERENE,WAAREEENER,False,3,1,6.419712,2.7568035,19.36645
Solar Manufacturing,2025-04-23,WAAREEENER,PREMIERENE,False,3,1,-1.7078757,-9.068001,-6.3156366
Solar Manufacturing,2025-08-28,WAAREEENER,PREMIERENE,True,3,1,1.1716962,-1.7570794,-22.377838
Wind,2022-08-10,INOXWIND,SUZLON,False,2,1,32.182953,-4.802954,14.44732
Wind,2022-12-19,SUZLON,INOXWIND,False,2,1,0.27341843,4.1420994,13.879954
Wind,2023-05-22,SUZLON,INOXWIND,True,2,1,35.7123,61.713593,70.18275
Wind,2023-11-06,INOXWIND,SUZLON,False,2,1,8.308196,6.9850445,8.883034
Wind,2024-06-24,SUZLON,INOXWIND,False,2,1,5.5354476,62.39193,38.889515
Wind,2025-05-30,SUZLON,INOXWIND,False,2,1,-12.759852,-27.772123,-28.733856
Wind,2026-04-22,SUZLON,INOXWIND,False,2,1,-8.139706,-29.340893,-40.33191
Batteries,2024-04-08,EXIDEIND,ARE&M,True,2,1,41.353058,106.44546,53.566833
Batteries,2024-06-07,ARE&M,EXIDEIND,False,2,1,-3.7038808,-23.07673,-29.206444
Batteries,2026-05-27,EXIDEIND,ARE&M,False,2,1,-9.292406,-1.8680334,
Batteries,2026-08-05,EXIDEIND,ARE&M,True,2,1,-6.605565,,
2-Wheelers,2022-08-17,EICHERMOT,BAJAJ-AUTO,True,4,1,-14.093476,-15.626652,-8.975023
2-Wheelers,2022-08-17,EICHERMOT,HEROMOTOCO,True,4,1,-10.86939,-13.077587,-5.4906664
2-Wheelers,2022-08-17,EICHERMOT,TVSMOTOR,False,4,1,-1.808846,15.061844,12.403107
2-Wheelers,2023-01-27,BAJAJ-AUTO,HEROMOTOCO,True,4,1,-5.5707335,-11.187559,-4.2927628
2-Wheelers,2023-01-27,BAJAJ-AUTO,TVSMOTOR,True,4,1,8.771002,4.2483807,11.118208
2-Wheelers,2023-01-27,BAJAJ-AUTO,EICHERMOT,True,4,1,4.7154784,-3.3016562,-17.411877
2-Wheelers,2023-05-08,HEROMOTOCO,BAJAJ-AUTO,True,4,1,-1.5111446,-8.757412,-6.6904526
2-Wheelers,2023-05-08,HEROMOTOCO,TVSMOTOR,True,4,1,0.2314806,-5.212677,3.3930187
2-Wheelers,2023-05-08,HEROMOTOCO,EICHERMOT,True,4,1,3.2170534,-17.965263,-23.934696
2-Wheelers,2023-07-05,HEROMOTOCO,BAJAJ-AUTO,True,4,1,-6.0394707,-11.151981,8.737101
2-Wheelers,2023-07-05,HEROMOTOCO,TVSMOTOR,True,4,1,-0.31206608,1.7198086,26.275112
2-Wheelers,2023-07-05,HEROMOTOCO,EICHERMOT,True,4,1,-4.161012,-8.939421,-3.205597
2-Wheelers,2023-10-19,BAJAJ-AUTO,HEROMOTOCO,True,4,1,2.6095212,19.867338,30.766653
2-Wheelers,2023-10-19,BAJAJ-AUTO,TVSMOTOR,True,4,1,7.496625,17.446507,9.139002
2-Wheelers,2023-10-19,BAJAJ-AUTO,EICHERMOT,True,4,1,11.758583,-2.0198936,-2.7990227
2-Wheelers,2024-01-09,BAJAJ-AUTO,HEROMOTOCO,False,4,1,9.73053,15.953517,25.929094
2-Wheelers,2024-01-09,BAJAJ-AUTO,TVSMOTOR,True,4,1,-8.201206,0.597167,-1.4369373
2-Wheelers,2024-01-09,BAJAJ-AUTO,EICHERMOT,True,4,1,-4.6685696,-1.4005423,9.894573
2-Wheelers,2024-05-14,HEROMOTOCO,BAJAJ-AUTO,True,4,1,3.5919905,-7.650292,-3.905857
2-Wheelers,2024-05-14,HEROMOTOCO,TVSMOTOR,True,4,1,9.757948,4.4687157,2.0617847
2-Wheelers,2024-05-14,HEROMOTOCO,EICHERMOT,True,4,1,-4.0592313,-13.265538,-9.028983
2-Wheelers,2025-08-05,TVSMOTOR,BAJAJ-AUTO,True,4,1,9.820175,5.880832,24.857746
2-Wheelers,2025-08-05,TVSMOTOR,HEROMOTOCO,True,4,1,17.295326,19.769491,23.98038
2-Wheelers,2025-08-05,TVSMOTOR,EICHERMOT,True,4,1,12.704444,21.178545,33.22686
2-Wheelers,2025-10-03,HEROMOTOCO,BAJAJ-AUTO,True,4,1,1.9459367,8.874977,22.236073
2-Wheelers,2025-10-03,HEROMOTOCO,TVSMOTOR,True,4,1,1.0138273,9.589553,18.132364
2-Wheelers,2025-10-03,HEROMOTOCO,EICHERMOT,True,4,1,0.44275522,9.9571705,20.861208
2-Wheelers,2026-02-13,EICHERMOT,BAJAJ-AUTO,True,4,1,1.5055122,10.935796,17.789793
2-Wheelers,2026-02-13,EICHERMOT,HEROMOTOCO,True,4,1,3.8037834,-12.512809,-13.238913
2-Wheelers,2026-02-13,EICHERMOT,TVSMOTOR,True,4,1,-3.4024534,-8.377248,9.972965
2-Wheelers,2026-05-04,BAJAJ-AUTO,HEROMOTOCO,True,4,1,-4.904604,-3.8471818,
2-Wheelers,2026-05-04,BAJAJ-AUTO,TVSMOTOR,True,4,1,-4.360038,10.277235,
2-Wheelers,2026-05-04,BAJAJ-AUTO,EICHERMOT,True,4,1,-3.1550884,1.22962,
2-Wheelers,2026-07-23,BAJAJ-AUTO,HEROMOTOCO,True,4,1,8.030344,,
2-Wheelers,2026-07-23,BAJAJ-AUTO,TVSMOTOR,True,4,1,9.072578,,
2-Wheelers,2026-07-23,BAJAJ-AUTO,EICHERMOT,True,4,1,1.2278199,,
Cars / UV,2022-06-01,M&M,MARUTI,True,3,1,12.602973,2.1326542,0.1314516
Cars / UV,2022-06-01,M&M,TATAMOTORS,True,3,1,-0.78918934,-3.1072497,-12.259608
Cars / UV,2023-01-27,TATAMOTORS,MARUTI,True,3,1,2.7032077,-6.327277,-13.093948
Cars / UV,2023-01-27,TATAMOTORS,M&M,True,3,1,0.5546212,-12.416977,-5.8618183
Cars / UV,2024-02-05,TATAMOTORS,MARUTI,True,3,1,11.968005,22.559237,11.9241
Cars / UV,2024-02-05,TATAMOTORS,M&M,True,3,1,13.558459,13.040377,52.118004
Cars / UV,2024-09-26,M&M,MARUTI,True,3,1,-6.1186137,-15.951323,5.883341
Cars / UV,2024-09-26,M&M,TATAMOTORS,True,3,1,-5.4067254,-24.496525,-9.064955
Cars / UV,2025-08-18,MARUTI,M&M,True,3,1,2.4432302,8.997666,10.425115
Cars / UV,2025-08-18,MARUTI,TATAMOTORS,True,3,1,1.3058305,,
Cars / UV,2026-06-30,MARUTI,M&M,True,3,1,6.5639377,-3.2564938,
Commercial Vehicles,2022-04-04,SMLISUZU,ASHOKLEY,False,3,1,3.5583258,29.567408,35.64782
Commercial Vehicles,2022-04-04,SMLISUZU,FORCEMOT,False,3,1,2.8757334,-4.5426083,18.005562
Commercial Vehicles,2022-08-17,FORCEMOT,ASHOKLEY,True,3,1,5.8184032,0.47034025,5.2850723
Commercial Vehicles,2022-08-17,FORCEMOT,SMLISUZU,False,3,1,4.4610386,1.8787503,7.1858764
Commercial Vehicles,2022-11-15,FORCEMOT,ASHOKLEY,True,3,1,-7.7302933,3.580642,-8.276808
Commercial Vehicles,2022-11-15,FORCEMOT,SMLISUZU,False,3,1,-4.1060743,7.021004,51.791157
Commercial Vehicles,2023-04-03,SMLISUZU,ASHOKLEY,True,3,1,-7.5251346,-5.624651,-13.198362
Commercial Vehicles,2023-04-03,SMLISUZU,FORCEMOT,False,3,1,3.9632435,78.09163,197.9781
Commercial Vehicles,2023-05-29,SMLISUZU,ASHOKLEY,True,3,1,6.6973805,11.198044,-5.046665
Commercial Vehicles,2023-05-29,SMLISUZU,FORCEMOT,False,3,1,57.50705,134.55193,
Commercial Vehicles,2023-08-04,SMLISUZU,ASHOKLEY,True,3,1,-4.975295,-10.98016,-32.4795
Commercial Vehicles,2023-08-04,SMLISUZU,FORCEMOT,False,3,1,24.805342,,
Commercial Vehicles,2023-11-20,SMLISUZU,ASHOKLEY,True,3,1,-5.522084,-16.424364,-0.9816055
Commercial Vehicles,2024-02-07,SMLISUZU,ASHOKLEY,True,3,1,1.3609529,10.864746,22.399212
Commercial Vehicles,2024-04-30,ASHOKLEY,FORCEMOT,False,3,1,-13.248616,-22.440739,-43.766182
Commercial Vehicles,2024-04-30,ASHOKLEY,SMLISUZU,False,3,1,-4.403674,-23.596233,-32.510418
Commercial Vehicles,2025-03-21,SMLISUZU,ASHOKLEY,True,3,1,4.079271,1.4350176,-50.296974
Commercial Vehicles,2025-03-21,SMLISUZU,FORCEMOT,False,3,1,4.2656665,58.485535,119.152664
Commercial Vehicles,2025-06-30,SMLISUZU,ASHOKLEY,True,3,1,-48.712456,-42.759876,-23.833525
Commercial Vehicles,2025-06-30,SMLISUZU,FORCEMOT,False,3,1,15.744997,12.758714,15.419394
Commercial Vehicles,2025-11-27,ASHOKLEY,FORCEMOT,False,3,1,7.6348248,36.638725,-0.74687004
Commercial Vehicles,2026-02-10,FORCEMOT,ASHOKLEY,False,3,1,2.0109243,-28.82303,-31.229067
Tractors,2022-07-19,ESCORTS,VSTTILLERS,False,2,1,-12.662393,-24.041492,-24.157692
Tractors,2022-11-22,ESCORTS,VSTTILLERS,True,2,1,-6.131464,-4.861474,-1.3508558
Tractors,2023-05-15,VSTTILLERS,ESCORTS,True,2,1,-2.071023,5.032564,26.369608
Tractors,2023-08-22,ESCORTS,VSTTILLERS,True,2,1,19.043255,14.251352,-32.992733
Tractors,2024-04-22,ESCORTS,VSTTILLERS,True,2,1,-0.2860427,3.0397768,-0.2731552
Tractors,2024-09-24,ESCORTS,VSTTILLERS,True,2,1,4.869264,12.147892,-5.198431
Tractors,2025-05-13,ESCORTS,VSTTILLERS,False,2,1,-7.7437286,17.109085,51.562084
Tractors,2025-07-08,VSTTILLERS,ESCORTS,True,2,1,3.672272,6.7029715,14.878458
Tyres,2022-04-22,CEATLTD,MRF,True,6,1,18.123173,28.783613,19.971275
Tyres,2022-04-22,CEATLTD,APOLLOTYRE,False,6,1,19.45877,19.42901,46.07706
Tyres,2022-04-22,CEATLTD,JKTYRE,False,6,1,3.1888542,3.7672997,49.634266
Tyres,2022-04-22,CEATLTD,BALKRISIND,False,6,1,10.538107,21.861023,-7.354993
Tyres,2022-04-22,CEATLTD,TVSSRICHAK,False,6,1,9.133137,21.11028,44.7204
Tyres,2022-07-14,CEATLTD,MRF,True,6,1,0.5621195,-8.27117,0.36120605
Tyres,2022-07-14,CEATLTD,APOLLOTYRE,True,6,1,7.4297423,25.631977,59.233086
Tyres,2022-07-14,CEATLTD,JKTYRE,False,6,1,5.471849,58.750347,62.02822
Tyres,2022-07-14,CEATLTD,BALKRISIND,True,6,1,-11.266875,-31.339489,-24.77464
Tyres,2022-07-14,CEATLTD,TVSSRICHAK,True,6,1,11.053003,26.064014,60.282585
Tyres,2022-09-12,APOLLOTYRE,MRF,False,6,3,-1.839334,12.366176,12.896687
Tyres,2022-09-12,APOLLOTYRE,CEATLTD,False,6,3,14.835442,34.181854,12.654263
Tyres,2022-09-12,APOLLOTYRE,BALKRISIND,True,6,3,-2.6946368,0.8105993,11.870212
Tyres,2022-11-11,TVSSRICHAK,MRF,True,6,1,3.6913633,12.151795,0.45679808
Tyres,2022-11-11,TVSSRICHAK,APOLLOTYRE,False,6,1,6.312418,18.123192,16.645466
Tyres,2022-11-11,TVSSRICHAK,CEATLTD,True,6,1,3.0261517,-5.7564735,-9.180117
Tyres,2022-11-11,TVSSRICHAK,JKTYRE,False,6,1,11.205042,1.2862918,0.3853917
Tyres,2022-11-11,TVSSRICHAK,BALKRISIND,True,6,1,6.4026117,25.64687,7.45827
Tyres,2023-04-28,CEATLTD,MRF,True,6,1,5.8421726,-2.1004677,-10.706711
Tyres,2023-04-28,CEATLTD,APOLLOTYRE,True,6,1,9.016026,3.8556347,-23.28502
Tyres,2023-04-28,CEATLTD,JKTYRE,True,6,1,2.6586175,26.618467,47.94362
Tyres,2023-04-28,CEATLTD,BALKRISIND,True,6,1,14.340496,-0.88653564,-9.23605
Tyres,2023-04-28,CEATLTD,TVSSRICHAK,False,6,1,0.5454302,-6.9592,7.4195023
Tyres,2023-06-30,JKTYRE,MRF,True,6,1,-4.0453434,-7.0127964,-7.5227737
Tyres,2023-06-30,JKTYRE,APOLLOTYRE,True,6,1,-0.97562075,-22.908855,-15.330099
Tyres,2023-06-30,JKTYRE,CEATLTD,False,6,1,11.874592,-11.50167,-18.441975
Tyres,2023-06-30,JKTYRE,BALKRISIND,True,6,1,-1.3375521,-6.856632,-17.640852
Tyres,2023-06-30,JKTYRE,TVSSRICHAK,True,6,1,1.4637351,-11.815989,36.42789
Tyres,2023-10-02,TVSSRICHAK,MRF,True,6,1,6.329066,2.2545815,17.19538
Tyres,2023-10-02,TVSSRICHAK,APOLLOTYRE,True,6,1,6.2178555,6.815958,9.445297
Tyres,2023-10-02,TVSSRICHAK,CEATLTD,True,6,1,-1.5630722,-2.212584,2.724349
Tyres,2023-10-02,TVSSRICHAK,JKTYRE,True,6,1,5.449456,19.444096,33.672424
Tyres,2023-10-02,TVSSRICHAK,BALKRISIND,True,6,1,5.462879,-11.358452,-28.23587
Tyres,2024-01-22,CEATLTD,MRF,False,6,1,-1.5351772,-12.083334,-30.299599
Tyres,2024-01-22,CEATLTD,APOLLOTYRE,False,6,1,-2.6648521,-10.602873,-15.853846
Tyres,2024-01-22,CEATLTD,JKTYRE,False,6,1,5.019748,-15.009159,-18.703915
Tyres,2024-01-22,CEATLTD,BALKRISIND,True,6,1,-25.77086,-20.79274,-12.352633
Tyres,2024-01-22,CEATLTD,TVSSRICHAK,True,6,1,-13.476479,2.884376,-13.935602
Tyres,2024-04-11,TVSSRICHAK,MRF,True,6,1,-3.3783674,-17.141914,-16.598154
Tyres,2024-04-11,TVSSRICHAK,APOLLOTYRE,True,6,1,2.4575949,-2.4947882,-2.1968975
Tyres,2024-04-11,TVSSRICHAK,CEATLTD,True,6,1,-11.418873,-12.776339,-0.6161461
Tyres,2024-04-11,TVSSRICHAK,JKTYRE,False,6,1,-2.5725722,-1.5957947,-16.568481
Tyres,2024-04-11,TVSSRICHAK,BALKRISIND,False,6,1,2.395773,16.120232,3.3171177
Tyres,2024-06-28,"APOLLOTYRE,CEATLTD",MRF,True,6,2,1.5972853,-4.2825227,-8.6205845
Tyres,2024-06-28,"APOLLOTYRE,CEATLTD",JKTYRE,True,6,2,-2.2982836,-9.621698,-15.565461
Tyres,2024-06-28,"APOLLOTYRE,CEATLTD",BALKRISIND,False,6,2,-4.0898085,-13.963765,-22.29221
Tyres,2024-06-28,"APOLLOTYRE,CEATLTD",TVSSRICHAK,True,6,2,-3.6962152,-3.9905434,-18.726587
Tyres,2024-12-09,CEATLTD,MRF,True,6,1,-1.8822789,2.7616081,13.830561
Tyres,2024-12-09,CEATLTD,APOLLOTYRE,True,6,1,-3.6642551,-5.954159,-5.7246323
Tyres,2024-12-09,CEATLTD,JKTYRE,True,6,1,-6.503421,-13.027544,-0.55612946
Tyres,2024-12-09,CEATLTD,BALKRISIND,True,6,1,0.43114424,13.499599,-2.6820602
Tyres,2024-12-09,CEATLTD,TVSSRICHAK,True,6,1,-5.32127,-7.7251377,-12.848049
Tyres,2025-04-30,CEATLTD,MRF,True,6,1,-4.5357227,-1.5045643,8.245563
Tyres,2025-04-30,CEATLTD,APOLLOTYRE,True,6,1,-7.7151895,-16.391272,-2.7930613
Tyres,2025-04-30,CEATLTD,JKTYRE,True,6,1,11.807883,0.20647049,23.73774
Tyres,2025-04-30,CEATLTD,BALKRISIND,True,6,1,-16.288042,-11.738718,-25.550163
Tyres,2025-04-30,CEATLTD,TVSSRICHAK,True,6,1,-6.805432,-6.440246,34.06657
Tyres,2025-07-02,TVSSRICHAK,MRF,False,6,1,4.4306874,5.401784,11.737424
Tyres,2025-07-02,TVSSRICHAK,APOLLOTYRE,False,6,1,-0.33120513,5.9114513,14.953941
Tyres,2025-07-02,TVSSRICHAK,CEATLTD,False,6,1,-6.662661,-4.6425104,12.477571
Tyres,2025-07-02,TVSSRICHAK,JKTYRE,False,6,1,-5.80523,0.6803751,39.494995
Tyres,2025-07-02,TVSSRICHAK,BALKRISIND,True,6,1,8.631765,-5.2340746,-3.061593
Tyres,2025-09-02,APOLLOTYRE,MRF,True,6,1,-4.7303495,1.6797483,-1.108468
Tyres,2025-09-02,APOLLOTYRE,CEATLTD,True,6,1,0.72976947,16.458399,20.912796
Tyres,2025-09-02,APOLLOTYRE,JKTYRE,True,6,1,2.130121,30.850452,74.07681
Tyres,2025-09-02,APOLLOTYRE,BALKRISIND,True,6,1,-2.2768497,-0.72984695,13.681358
Tyres,2025-09-02,APOLLOTYRE,TVSSRICHAK,True,6,1,10.204261,62.767414,60.716995
Tyres,2025-11-04,JKTYRE,MRF,True,6,2,1.9884706,-3.53306,-5.971485
Tyres,2025-11-04,JKTYRE,APOLLOTYRE,True,6,2,3.554386,10.418254,-6.3347692
Tyres,2025-11-04,JKTYRE,BALKRISIND,True,6,2,7.586515,15.646201,6.4005194
Tyres,2025-11-04,JKTYRE,TVSSRICHAK,False,6,2,16.624569,6.6261945,6.160074
Tyres,2026-02-03,BALKRISIND,MRF,True,6,1,6.779194,-5.8003006,-8.852684
Tyres,2026-02-03,BALKRISIND,APOLLOTYRE,True,6,1,-10.209495,-16.630018,-24.72524
Tyres,2026-02-03,BALKRISIND,CEATLTD,True,6,1,-5.663598,-16.169048,-28.764318
Tyres,2026-02-03,BALKRISIND,JKTYRE,True,6,1,-9.555,-34.718124,-37.700996
Tyres,2026-02-03,BALKRISIND,TVSSRICHAK,True,6,1,-0.04453659,-7.4917736,2.420807
Tyres,2026-05-28,TVSSRICHAK,MRF,True,6,1,-0.09034872,0.8142352,
Tyres,2026-05-28,TVSSRICHAK,APOLLOTYRE,True,6,1,5.6637287,2.7277708,
Tyres,2026-05-28,TVSSRICHAK,CEATLTD,False,6,1,3.842318,4.224062,
Tyres,2026-05-28,TVSSRICHAK,JKTYRE,False,6,1,-5.973673,-14.318353,
Tyres,2026-05-28,TVSSRICHAK,BALKRISIND,True,6,1,-0.29363632,3.6875963,
Tyres,2026-07-31,BALKRISIND,MRF,True,6,1,-3.0073047,,
Tyres,2026-07-31,BALKRISIND,APOLLOTYRE,True,6,1,1.0975838,,
Tyres,2026-07-31,BALKRISIND,CEATLTD,True,6,1,-0.10852814,,
Tyres,2026-07-31,BALKRISIND,JKTYRE,True,6,1,-7.3656616,,
Tyres,2026-07-31,BALKRISIND,TVSSRICHAK,False,6,1,32.138824,,
Auto Anc (Electricals),2022-05-27,LUMAXIND,LUMAXTECH,False,5,1,5.6114435,40.25811,33.667816
Auto Anc (Electricals),2022-05-27,LUMAXIND,FIEMIND,False,5,1,37.400352,48.955368,87.93392
Auto Anc (Electricals),2022-05-27,LUMAXIND,VARROC,False,5,1,-9.188377,-18.552578,-35.033
Auto Anc (Electricals),2022-08-26,LUMAXTECH,LUMAXIND,False,5,1,1.5544176,9.278548,12.603915
Auto Anc (Electricals),2022-08-26,LUMAXTECH,FIEMIND,False,5,1,-3.401214,26.93473,21.837856
Auto Anc (Electricals),2022-08-26,LUMAXTECH,VARROC,True,5,1,10.471535,-18.71587,-19.838516
Auto Anc (Electricals),2022-11-11,FIEMIND,UNOMINDA,True,5,1,-8.435398,-9.03445,-13.212508
Auto Anc (Electricals),2022-11-11,FIEMIND,LUMAXIND,True,5,1,2.5199652,-3.0737638,21.979607
Auto Anc (Electricals),2022-11-11,FIEMIND,LUMAXTECH,False,5,1,0.012385845,-4.9714565,31.447994
Auto Anc (Electricals),2022-11-11,FIEMIND,VARROC,False,5,1,-0.5593538,4.5573173,1.2012482
Auto Anc (Electricals),2023-04-06,LUMAXIND,UNOMINDA,True,5,1,-1.4618993,1.0357857,-9.642326
Auto Anc (Electricals),2023-04-06,LUMAXIND,LUMAXTECH,False,5,1,3.025508,10.5247135,-12.147343
Auto Anc (Electricals),2023-04-06,LUMAXIND,FIEMIND,True,5,1,2.2668362,-9.243119,-27.145302
Auto Anc (Electricals),2023-04-06,LUMAXIND,VARROC,True,5,1,2.0204659,10.631155,59.27801
Auto Anc (Electricals),2023-06-02,LUMAXTECH,UNOMINDA,True,5,2,-3.950739,-12.661636,-17.178785
Auto Anc (Electricals),2023-06-02,LUMAXTECH,LUMAXIND,False,5,2,4.877519,-0.47074604,-8.124924
Auto Anc (Electricals),2023-06-02,LUMAXTECH,VARROC,False,5,2,4.107475,18.85295,52.21869
Auto Anc (Electricals),2023-08-10,VARROC,UNOMINDA,True,5,1,-0.96776485,-8.419973,-14.7246
Auto Anc (Electricals),2023-08-10,VARROC,LUMAXIND,True,5,1,5.9060693,-0.6125212,-12.734018
Auto Anc (Electricals),2023-08-10,VARROC,LUMAXTECH,False,5,1,-20.455671,-24.292065,-44.7707
Auto Anc (Electricals),2023-08-10,VARROC,FIEMIND,True,5,1,-7.4039936,-12.81885,-6.7152023
Auto Anc (Electricals),2023-11-27,LUMAXIND,UNOMINDA,True,5,1,-7.6650023,-23.885399,-9.930838
Auto Anc (Electricals),2023-11-27,LUMAXIND,LUMAXTECH,True,5,1,-8.392924,1.5866413,4.555832
Auto Anc (Electricals),2023-11-27,LUMAXIND,FIEMIND,True,5,1,-5.5283427,2.0506744,-54.18028
Auto Anc (Electricals),2023-11-27,LUMAXIND,VARROC,False,5,1,-9.189165,-26.544844,-24.168743
Auto Anc (Electricals),2024-02-14,LUMAXTECH,UNOMINDA,True,5,1,9.97945,12.352192,52.49492
Auto Anc (Electricals),2024-02-14,LUMAXTECH,LUMAXIND,True,5,1,6.0414314,6.8821793,3.7265778
Auto Anc (Electricals),2024-02-14,LUMAXTECH,FIEMIND,True,5,1,-46.02045,-48.050625,-56.702274
Auto Anc (Electricals),2024-02-14,LUMAXTECH,VARROC,True,5,1,0.36548328,1.4999747,10.938347
Auto Anc (Electricals),2024-05-24,LUMAXIND,UNOMINDA,False,5,1,25.978302,39.666748,7.608259
Auto Anc (Electricals),2024-05-24,LUMAXIND,LUMAXTECH,True,5,1,0.14541149,-7.031226,-11.15061
Auto Anc (Electricals),2024-05-24,LUMAXIND,FIEMIND,False,5,1,-3.061843,-3.5194159,19.222261
Auto Anc (Electricals),2024-05-24,LUMAXIND,VARROC,False,5,1,8.255506,-18.293201,-22.72231
Auto Anc (Electricals),2024-12-16,LUMAXTECH,UNOMINDA,True,5,1,13.809925,4.0660267,12.227922
Auto Anc (Electricals),2024-12-16,LUMAXTECH,LUMAXIND,True,5,1,9.057648,17.469984,37.65847
Auto Anc (Electricals),2024-12-16,LUMAXTECH,FIEMIND,True,5,1,-2.69528,5.774235,24.12259
Auto Anc (Electricals),2024-12-16,LUMAXTECH,VARROC,True,5,1,7.3959055,-1.811964,2.1903992
Auto Anc (Electricals),2025-05-19,LUMAXTECH,UNOMINDA,True,5,1,1.5461683,7.9214096,20.264791
Auto Anc (Electricals),2025-05-19,LUMAXTECH,LUMAXIND,True,5,1,15.246809,22.671951,74.41093
Auto Anc (Electricals),2025-05-19,LUMAXTECH,FIEMIND,True,5,1,16.918491,12.435567,26.169752
Auto Anc (Electricals),2025-05-19,LUMAXTECH,VARROC,False,5,1,3.622985,2.1553636,19.65065
Auto Anc (Electricals),2025-08-20,UNOMINDA,LUMAXIND,False,5,1,6.6691165,25.767935,29.554605
Auto Anc (Electricals),2025-08-20,UNOMINDA,LUMAXTECH,False,5,1,-7.5780153,27.580608,45.422485
Auto Anc (Electricals),2025-08-20,UNOMINDA,FIEMIND,False,5,1,-4.452729,7.3042154,17.777645
Auto Anc (Electricals),2025-08-20,UNOMINDA,VARROC,True,5,1,10.66637,17.952728,11.163044
Auto Anc (Electricals),2025-11-10,LUMAXTECH,UNOMINDA,True,5,1,1.3789177,-0.66319656,-11.599474
Auto Anc (Electricals),2025-11-10,LUMAXTECH,LUMAXIND,False,5,1,21.803755,5.630386,-0.70278025
Auto Anc (Electricals),2025-11-10,LUMAXTECH,FIEMIND,True,5,1,12.539274,10.898674,14.008993
Auto Anc (Electricals),2025-11-10,LUMAXTECH,VARROC,True,5,1,2.0475628,-1.8312874,-16.465162
Auto Anc (Electricals),2026-02-10,LUMAXIND,UNOMINDA,True,5,1,-3.4212284,-13.892961,-11.6709175
Auto Anc (Electricals),2026-02-10,LUMAXIND,LUMAXTECH,False,5,1,-3.4038,-10.460597,-18.310755
Auto Anc (Electricals),2026-02-10,LUMAXIND,FIEMIND,True,5,1,-4.0589333,-4.9512444,-5.125099
Auto Anc (Electricals),2026-02-10,LUMAXIND,VARROC,True,5,1,-0.45323944,-5.542207,11.522472
Auto Anc (Electricals),2026-08-05,"FIEMIND,VARROC",UNOMINDA,True,5,2,-0.52527785,,
Auto Anc (Electricals),2026-08-05,"FIEMIND,VARROC",LUMAXIND,True,5,2,10.063512,,
Auto Anc (Electricals),2026-08-05,"FIEMIND,VARROC",LUMAXTECH,True,5,2,17.592197,,
Auto Anc (Engine/Drive),2022-04-26,JAMNAAUTO,SONACOMS,False,6,1,-6.3642616,-4.916418,-29.716366
Auto Anc (Engine/Drive),2022-04-26,JAMNAAUTO,ENDURANCE,False,6,1,24.028385,35.28251,21.249683
Auto Anc (Engine/Drive),2022-04-26,JAMNAAUTO,SUPRAJIT,False,6,1,2.8282757,1.2623787,-15.102393
Auto Anc (Engine/Drive),2022-04-26,JAMNAAUTO,GABRIEL,True,6,1,5.1278586,26.331406,31.119795
Auto Anc (Engine/Drive),2022-04-26,JAMNAAUTO,SANSERA,False,6,1,5.4440613,14.901798,-3.7118194
Auto Anc (Engine/Drive),2022-06-27,GABRIEL,SONACOMS,True,6,1,-9.1407,-33.316795,-41.81642
Auto Anc (Engine/Drive),2022-06-27,GABRIEL,ENDURANCE,True,6,1,2.316618,-9.994686,-14.131737
Auto Anc (Engine/Drive),2022-06-27,GABRIEL,SUPRAJIT,False,6,1,1.963603,-18.22139,-22.360289
Auto Anc (Engine/Drive),2022-06-27,GABRIEL,SANSERA,True,6,1,8.745885,-10.685337,-5.4742928
Auto Anc (Engine/Drive),2022-06-27,GABRIEL,JAMNAAUTO,True,6,1,5.568552,-20.840973,-30.883223
Auto Anc (Engine/Drive),2022-11-15,GABRIEL,SONACOMS,True,6,1,-3.3653617,11.407572,10.2161045
Auto Anc (Engine/Drive),2022-11-15,GABRIEL,ENDURANCE,True,6,1,-5.4676113,-0.4811344,-12.841637
Auto Anc (Engine/Drive),2022-11-15,GABRIEL,SUPRAJIT,True,6,1,-2.6034594,3.130466,6.7505
Auto Anc (Engine/Drive),2022-11-15,GABRIEL,SANSERA,True,6,1,2.9399395,3.263146,-3.7222266
Auto Anc (Engine/Drive),2022-11-15,GABRIEL,JAMNAAUTO,True,6,1,-1.2589216,0.30999804,-7.022238
Auto Anc (Engine/Drive),2023-03-06,SUPRAJIT,SONACOMS,True,6,1,-6.692654,3.5068989,-3.5867214
Auto Anc (Engine/Drive),2023-03-06,SUPRAJIT,ENDURANCE,True,6,1,0.06017685,-2.2544384,-4.726124
Auto Anc (Engine/Drive),2023-03-06,SUPRAJIT,GABRIEL,True,6,1,-4.8532248,5.2111034,34.378326
Auto Anc (Engine/Drive),2023-03-06,SUPRAJIT,SANSERA,True,6,1,0.9026885,-7.486582,-9.477865
Auto Anc (Engine/Drive),2023-03-06,SUPRAJIT,JAMNAAUTO,True,6,1,0.13176203,-13.999886,-26.193333
Auto Anc (Engine/Drive),2023-05-10,SONACOMS,ENDURANCE,True,6,1,2.7941232,4.7247887,-4.4875383
Auto Anc (Engine/Drive),2023-05-10,SONACOMS,SUPRAJIT,True,6,1,-2.8306007,-5.775463,-23.996597
Auto Anc (Engine/Drive),2023-05-10,SONACOMS,GABRIEL,False,6,1,3.5258174,14.517487,57.218002
Auto Anc (Engine/Drive),2023-05-10,SONACOMS,SANSERA,True,6,1,7.5119376,13.608313,1.0129566
Auto Anc (Engine/Drive),2023-05-10,SONACOMS,JAMNAAUTO,True,6,1,-9.629673,-10.420345,-21.232128
Auto Anc (Engine/Drive),2023-07-06,"SUPRAJIT,JAMNAAUTO",SONACOMS,True,6,2,2.964747,-2.2205353,-20.043598
Auto Anc (Engine/Drive),2023-07-06,"SUPRAJIT,JAMNAAUTO",ENDURANCE,False,6,2,-0.58755875,-16.280651,-13.706016
Auto Anc (Engine/Drive),2023-07-06,"SUPRAJIT,JAMNAAUTO",GABRIEL,False,6,2,6.547951,47.861885,71.20239
Auto Anc (Engine/Drive),2023-07-06,"SUPRAJIT,JAMNAAUTO",SANSERA,True,6,2,-1.7205238,-11.315453,-17.321217
Auto Anc (Engine/Drive),2023-09-01,JAMNAAUTO,SONACOMS,True,6,2,-3.4351468,-14.652091,-26.558178
Auto Anc (Engine/Drive),2023-09-01,JAMNAAUTO,ENDURANCE,True,6,2,-6.035203,-7.4024734,-16.688465
Auto Anc (Engine/Drive),2023-09-01,JAMNAAUTO,SUPRAJIT,True,6,2,-11.366409,-16.847223,-34.15144
Auto Anc (Engine/Drive),2023-09-01,JAMNAAUTO,SANSERA,True,6,2,-2.2107959,-15.203929,-14.270615
Auto Anc (Engine/Drive),2023-11-06,ENDURANCE,SONACOMS,False,6,1,-6.104517,-14.301348,-5.81242
Auto Anc (Engine/Drive),2023-11-06,ENDURANCE,SUPRAJIT,True,6,1,-7.4946046,-19.576656,-13.385153
Auto Anc (Engine/Drive),2023-11-06,ENDURANCE,GABRIEL,False,6,1,21.268295,-6.919384,-18.549313
Auto Anc (Engine/Drive),2023-11-06,ENDURANCE,SANSERA,True,6,1,-2.753985,-3.5939465,-3.9316292
Auto Anc (Engine/Drive),2023-11-06,ENDURANCE,JAMNAAUTO,True,6,1,-7.709503,-21.477604,-14.1806965
Auto Anc (Engine/Drive),2024-01-05,ENDURANCE,GABRIEL,False,6,4,-10.260242,-14.40847,-8.46417
Auto Anc (Engine/Drive),2024-01-05,ENDURANCE,JAMNAAUTO,True,6,4,0.9634018,16.951752,-5.5103426
Auto Anc (Engine/Drive),2024-05-01,GABRIEL,SONACOMS,True,6,1,2.608806,-1.6278143,-11.927877
Auto Anc (Engine/Drive),2024-05-01,GABRIEL,ENDURANCE,True,6,1,12.423247,24.584652,12.365425
Auto Anc (Engine/Drive),2024-05-01,GABRIEL,SUPRAJIT,True,6,1,-0.7896006,14.88763,10.609758
Auto Anc (Engine/Drive),2024-05-01,GABRIEL,SANSERA,True,6,1,0.40976405,20.831062,37.478172
Auto Anc (Engine/Drive),2024-05-01,GABRIEL,JAMNAAUTO,True,6,1,-8.469099,-19.800716,-29.935377
Auto Anc (Engine/Drive),2024-06-26,GABRIEL,SONACOMS,True,6,4,3.730309,2.824688,-10.795701
Auto Anc (Engine/Drive),2024-06-26,GABRIEL,JAMNAAUTO,False,6,4,-2.990067,-11.817288,-29.762352
Auto Anc (Engine/Drive),2024-09-20,SANSERA,SONACOMS,True,6,1,-14.209485,-17.157888,-9.891785
Auto Anc (Engine/Drive),2024-09-20,SANSERA,ENDURANCE,True,6,1,-2.3110569,-8.553761,-1.8561363
Auto Anc (Engine/Drive),2024-09-20,SANSERA,SUPRAJIT,False,6,1,-4.4442053,-6.467855,-1.270956
Auto Anc (Engine/Drive),2024-09-20,SANSERA,GABRIEL,True,6,1,-16.17492,-5.34817,18.10841
Auto Anc (Engine/Drive),2024-09-20,SANSERA,JAMNAAUTO,True,6,1,-2.0830452,-18.241144,-20.975845
Auto Anc (Engine/Drive),2025-03-18,GABRIEL,SONACOMS,True,6,1,-16.750992,-19.87471,-29.166948
Auto Anc (Engine/Drive),2025-03-18,GABRIEL,ENDURANCE,False,6,1,-7.247687,9.508478,34.147346
Auto Anc (Engine/Drive),2025-03-18,GABRIEL,SUPRAJIT,True,6,1,-6.350637,1.3723736,-4.211342
Auto Anc (Engine/Drive),2025-03-18,GABRIEL,SANSERA,False,6,1,-13.922507,-8.096659,1.3637543
Auto Anc (Engine/Drive),2025-03-18,GABRIEL,JAMNAAUTO,False,6,1,-2.9545074,0.78357506,26.59905
Auto Anc (Engine/Drive),2025-05-21,ENDURANCE,SONACOMS,False,6,1,-11.312037,-14.98394,-9.856671
Auto Anc (Engine/Drive),2025-05-21,ENDURANCE,SUPRAJIT,True,6,1,7.1852207,5.1784515,1.1210799
Auto Anc (Engine/Drive),2025-05-21,ENDURANCE,GABRIEL,False,6,1,-9.71849,68.449745,90.833664
Auto Anc (Engine/Drive),2025-05-21,ENDURANCE,SANSERA,True,6,1,6.6851015,4.7160506,22.660328
Auto Anc (Engine/Drive),2025-05-21,ENDURANCE,JAMNAAUTO,True,6,1,-0.20645857,-0.2739668,4.0804863
Auto Anc (Engine/Drive),2025-08-19,JAMNAAUTO,SONACOMS,True,6,1,-8.046806,6.728351,21.782839
Auto Anc (Engine/Drive),2025-08-19,JAMNAAUTO,ENDURANCE,True,6,1,-3.5940766,-7.350308,-8.37245
Auto Anc (Engine/Drive),2025-08-19,JAMNAAUTO,SUPRAJIT,True,6,1,-5.484295,-2.7023554,2.9543698
Auto Anc (Engine/Drive),2025-08-19,JAMNAAUTO,GABRIEL,False,6,1,8.107173,3.937602,-9.43461
Auto Anc (Engine/Drive),2025-08-19,JAMNAAUTO,SANSERA,True,6,1,8.500457,14.860905,47.52122
Auto Anc (Engine/Drive),2025-11-25,SANSERA,SONACOMS,True,6,1,-2.4766088,9.728235,21.021097
Auto Anc (Engine/Drive),2025-11-25,SANSERA,ENDURANCE,True,6,1,-3.5194397,-2.2508082,4.0778813
Auto Anc (Engine/Drive),2025-11-25,SANSERA,SUPRAJIT,True,6,1,5.6629777,-6.2664566,-14.833296
Auto Anc (Engine/Drive),2025-11-25,SANSERA,GABRIEL,False,6,1,3.2122493,-1.5850482,6.2344847
Auto Anc (Engine/Drive),2025-11-25,SANSERA,JAMNAAUTO,True,6,1,24.020504,38.87892,9.250038
Auto Anc (Engine/Drive),2026-02-03,SONACOMS,ENDURANCE,True,6,1,11.00868,-3.3159733,7.340884
Auto Anc (Engine/Drive),2026-02-03,SONACOMS,SUPRAJIT,True,6,1,-2.4800596,-19.903803,-11.626244
Auto Anc (Engine/Drive),2026-02-03,SONACOMS,GABRIEL,False,6,1,6.0852885,6.954956,50.588867
Auto Anc (Engine/Drive),2026-02-03,SONACOMS,SANSERA,False,6,1,19.819511,30.277943,60.972954
Auto Anc (Engine/Drive),2026-02-03,SONACOMS,JAMNAAUTO,False,6,1,18.598877,-7.740527,-3.90445
Auto Anc (Engine/Drive),2026-05-07,GABRIEL,SONACOMS,True,6,1,5.690151,30.950665,
Auto Anc (Engine/Drive),2026-05-07,GABRIEL,ENDURANCE,True,6,1,3.2291234,9.533346,
Auto Anc (Engine/Drive),2026-05-07,GABRIEL,SUPRAJIT,True,6,1,10.345561,14.135944,
Auto Anc (Engine/Drive),2026-05-07,GABRIEL,SANSERA,False,6,1,16.62461,25.927591,
Auto Anc (Engine/Drive),2026-05-07,GABRIEL,JAMNAAUTO,False,6,1,-4.444867,-1.6401231,
Auto Anc (Engine/Drive),2026-07-20,GABRIEL,SONACOMS,True,6,1,11.327589,,
Auto Anc (Engine/Drive),2026-07-20,GABRIEL,ENDURANCE,True,6,1,7.2892423,,
Auto Anc (Engine/Drive),2026-07-20,GABRIEL,SUPRAJIT,True,6,1,4.681957,,
Auto Anc (Engine/Drive),2026-07-20,GABRIEL,SANSERA,False,6,1,18.648088,,
Auto Anc (Engine/Drive),2026-07-20,GABRIEL,JAMNAAUTO,True,6,1,-9.622276,,
Auto Anc (Diversified),2022-06-29,BOSCHLTD,MOTHERSON,False,2,1,-0.1439929,-19.930506,-64.42457
Auto Anc (Diversified),2023-02-16,BOSCHLTD,MOTHERSON,True,2,1,-6.3534317,-9.227921,-2.476286
Auto Anc (Diversified),2023-12-14,MOTHERSON,BOSCHLTD,True,2,1,-3.3713222,24.642683,25.608265
Auto Anc (Diversified),2024-02-14,BOSCHLTD,MOTHERSON,False,2,1,6.996804,9.59071,56.496765
Auto Anc (Diversified),2024-05-30,MOTHERSON,BOSCHLTD,True,2,1,3.5390253,-12.910187,-0.8965492
Auto Anc (Diversified),2025-07-03,BOSCHLTD,MOTHERSON,False,2,1,-35.164894,-27.231836,-16.579617
Steel (Large),2023-06-08,JSWSTEEL,TATASTEEL,True,4,1,-4.294598,-6.492794,-9.729123
Steel (Large),2023-06-08,JSWSTEEL,SAIL,True,4,1,-1.1824846,-13.890314,-25.687647
Steel (Large),2023-06-08,JSWSTEEL,JINDALSTEL,True,4,1,10.058987,5.402256,-11.037755
Steel (Large),2023-09-04,SAIL,TATASTEEL,True,4,1,-3.525591,-8.648384,-16.31726
Steel (Large),2023-09-04,SAIL,JSWSTEEL,True,4,1,-5.091709,-7.6728764,-22.774923
Steel (Large),2023-09-04,SAIL,JINDALSTEL,True,4,1,-2.1896005,-14.014132,-20.339573
Steel (Large),2023-12-12,JINDALSTEL,TATASTEEL,True,4,1,-5.0590754,0.9780054,18.82354
Steel (Large),2023-12-12,JINDALSTEL,JSWSTEEL,True,4,1,-11.588168,-15.801727,-9.595596
Steel (Large),2023-12-12,JINDALSTEL,SAIL,True,4,1,10.341154,33.35334,52.1647
Steel (Large),2024-03-07,TATASTEEL,JSWSTEEL,True,4,1,1.0899067,2.7452111,-11.089814
Steel (Large),2024-03-07,TATASTEEL,SAIL,False,4,1,2.2120237,9.805382,-27.17836
Steel (Large),2024-03-07,TATASTEEL,JINDALSTEL,True,4,1,4.8440933,19.183552,-8.422292
Steel (Large),2025-10-29,SAIL,TATASTEEL,True,4,1,-4.5155344,15.567196,32.84481
Steel (Large),2025-10-29,SAIL,JSWSTEEL,True,4,1,-0.5641222,9.5880575,12.016827
Steel (Large),2025-10-29,SAIL,JINDALSTEL,True,4,1,1.2310207,9.617484,25.207228
Steel (Large),2026-01-29,JINDALSTEL,TATASTEEL,True,4,1,8.983969,4.7519326,-14.746779
Steel (Large),2026-01-29,JINDALSTEL,JSWSTEEL,True,4,1,1.4891386,-2.2761464,-11.594439
Steel (Large),2026-01-29,JINDALSTEL,SAIL,True,4,1,3.3059716,16.964043,1.7769451
Steel (Large),2026-08-28,SAIL,TATASTEEL,True,4,1,1.62521,,
Steel (Large),2026-08-28,SAIL,JSWSTEEL,True,4,1,-6.361472,,
Steel (Large),2026-08-28,SAIL,JINDALSTEL,True,4,1,-0.38414598,,
Steel (Small/Long),2022-04-05,SUNFLAG,GPIL,False,4,2,1.3832331,-24.777283,-34.634136
Steel (Small/Long),2022-04-05,SUNFLAG,JAIBALAJI,False,4,2,14.122939,-1.5789032,-7.156819
Steel (Small/Long),2022-11-21,GPIL,SHYAMMETL,True,4,1,-7.4274597,-3.1202974,-3.7696838
Steel (Small/Long),2022-11-21,GPIL,SUNFLAG,True,4,1,19.109379,63.425503,76.89487
Steel (Small/Long),2023-01-16,SUNFLAG,GPIL,False,4,3,-5.1050186,-2.6886284,14.344548
Steel (Small/Long),2023-04-26,JAIBALAJI,SHYAMMETL,True,4,1,-3.6747456,9.581675,11.623955
Steel (Small/Long),2023-04-26,JAIBALAJI,GPIL,True,4,1,-7.278657,30.663671,38.554405
Steel (Small/Long),2023-04-26,JAIBALAJI,SUNFLAG,False,4,1,8.004082,33.351135,-8.700203
Steel (Small/Long),2023-06-30,GPIL,JAIBALAJI,False,4,2,91.40741,462.78244,810.7044
Steel (Small/Long),2023-06-30,GPIL,SUNFLAG,True,4,2,32.92394,1.809371,-3.3882732
Steel (Small/Long),2023-12-15,SUNFLAG,SHYAMMETL,True,4,1,33.697376,23.615599,13.64293
Steel (Small/Long),2023-12-15,SUNFLAG,GPIL,True,4,1,2.089262,4.198574,54.540768
Steel (Small/Long),2023-12-15,SUNFLAG,JAIBALAJI,False,4,1,28.34834,76.153175,18.570389
Steel (Small/Long),2024-04-11,GPIL,SHYAMMETL,False,4,1,-8.520031,0.5559559,24.31383
Steel (Small/Long),2024-04-11,GPIL,JAIBALAJI,False,4,1,-15.090889,-30.640924,-16.922403
Steel (Small/Long),2024-04-11,GPIL,SUNFLAG,False,4,1,-7.1469483,0.8922577,-9.109152
Steel (Small/Long),2024-07-03,SHYAMMETL,GPIL,False,4,1,-0.033664703,-12.506968,-87.291016
Steel (Small/Long),2024-07-03,SHYAMMETL,JAIBALAJI,False,4,1,-5.7404337,13.670384,-3.446424
Steel (Small/Long),2024-07-03,SHYAMMETL,SUNFLAG,True,4,1,3.5298944,-4.294324,15.768755
Steel (Small/Long),2024-09-04,JAIBALAJI,GPIL,False,4,2,6.4344997,-77.68901,-65.29307
Steel (Small/Long),2024-09-04,JAIBALAJI,SUNFLAG,True,4,2,14.323711,0.9148717,26.954525
Steel (Small/Long),2024-12-11,SUNFLAG,SHYAMMETL,True,4,1,-3.2733622,10.613728,12.206226
Steel (Small/Long),2024-12-11,SUNFLAG,GPIL,False,4,1,-8.574611,-2.5281773,-11.628378
Steel (Small/Long),2024-12-11,SUNFLAG,JAIBALAJI,True,4,1,-8.632475,-63.37017,-78.75615
Steel (Small/Long),2025-04-02,SHYAMMETL,GPIL,False,4,1,-9.305191,-23.258114,15.807152
Steel (Small/Long),2025-04-02,SHYAMMETL,JAIBALAJI,False,4,1,-18.691414,-24.168993,-43.779305
Steel (Small/Long),2025-04-02,SHYAMMETL,SUNFLAG,False,4,1,-7.7311277,13.059389,-3.4564018
Steel (Small/Long),2025-06-05,SUNFLAG,SHYAMMETL,True,4,1,-1.2142539,5.5170355,-2.4908066
Steel (Small/Long),2025-06-05,SUNFLAG,GPIL,True,4,1,-5.430782,27.758926,28.214334
Steel (Small/Long),2025-06-05,SUNFLAG,JAIBALAJI,False,4,1,18.940878,-2.2731245,-33.76577
Steel (Small/Long),2025-08-19,GPIL,JAIBALAJI,False,4,2,-4.20354,-16.871655,-25.388634
Steel (Small/Long),2025-08-19,GPIL,SUNFLAG,True,4,2,-14.678681,-12.445986,-11.212576
Steel (Small/Long),2026-04-22,SUNFLAG,SHYAMMETL,True,4,1,14.288933,21.39008,26.846338
Steel (Small/Long),2026-04-22,SUNFLAG,GPIL,False,4,1,3.1217158,-20.979303,-37.06832
Steel (Small/Long),2026-04-22,SUNFLAG,JAIBALAJI,False,4,1,0.061315298,-19.224077,-18.577396
Steel (Small/Long),2026-08-28,SHYAMMETL,GPIL,True,4,1,-6.4619007,,
Steel (Small/Long),2026-08-28,SHYAMMETL,JAIBALAJI,True,4,1,-8.748984,,
Steel (Small/Long),2026-08-28,SHYAMMETL,SUNFLAG,True,4,1,18.755167,,
Steel Pipes,2022-04-06,WELCORP,APLAPOLLO,False,4,1,0.45579648,0.98370266,7.003313
Steel Pipes,2022-04-06,WELCORP,JINDALSAW,False,4,1,-3.5252094,-3.6278076,-5.4328327
Steel Pipes,2022-04-06,WELCORP,HITECH,True,4,1,16.433887,8.093256,11.425393
Steel Pipes,2022-08-12,APLAPOLLO,JINDALSAW,True,4,1,-2.4618626,-11.161149,34.947754
Steel Pipes,2022-08-12,APLAPOLLO,WELCORP,False,4,1,7.0726395,-0.9899144,-7.038057
Steel Pipes,2022-08-12,APLAPOLLO,HITECH,False,4,1,6.198036,19.525099,66.431
Steel Pipes,2022-11-22,HITECH,APLAPOLLO,True,4,1,-3.5345674,11.88038,-0.7954478
Steel Pipes,2022-11-22,HITECH,JINDALSAW,True,4,1,14.06573,68.80047,95.15911
Steel Pipes,2022-11-22,HITECH,WELCORP,False,4,1,-9.28731,-13.882845,-4.133141
Steel Pipes,2023-01-20,HITECH,APLAPOLLO,True,4,2,13.099009,0.4587412,-5.895877
Steel Pipes,2023-01-20,HITECH,WELCORP,True,4,2,-8.439028,3.346616,19.404518
Steel Pipes,2023-05-18,JINDALSAW,APLAPOLLO,True,4,1,10.710382,22.273458,12.410271
Steel Pipes,2023-05-18,JINDALSAW,WELCORP,False,4,1,6.6679,24.996828,52.2087
Steel Pipes,2023-05-18,JINDALSAW,HITECH,False,4,1,-1.7926693,-11.199163,5.9474106
Steel Pipes,2023-07-14,HITECH,APLAPOLLO,True,4,2,11.428356,7.335615,-14.772402
Steel Pipes,2023-07-14,HITECH,JINDALSAW,False,4,2,2.599156,-5.088771,-5.643093
Steel Pipes,2023-09-08,WELCORP,JINDALSAW,False,4,2,-7.438177,12.957119,14.889084
Steel Pipes,2023-09-08,WELCORP,HITECH,True,4,2,1.7764688,18.150818,73.14572
Steel Pipes,2023-11-03,JINDALSAW,APLAPOLLO,True,4,2,-0.74493885,-25.215685,-23.609697
Steel Pipes,2023-11-03,JINDALSAW,WELCORP,False,4,2,1.2634754,-3.6264896,-16.508877
Steel Pipes,2024-01-08,HITECH,APLAPOLLO,True,4,1,-11.0236225,-2.1432042,-11.131048
Steel Pipes,2024-01-08,HITECH,JINDALSAW,False,4,1,4.783821,4.244411,4.2050133
Steel Pipes,2024-01-08,HITECH,WELCORP,False,4,1,0.64680576,-2.7997196,-26.457994
Steel Pipes,2024-07-15,HITECH,APLAPOLLO,True,4,1,-8.051133,0.59497356,-0.97675323
Steel Pipes,2024-07-15,HITECH,JINDALSAW,True,4,1,14.149463,26.432825,-49.793697
Steel Pipes,2024-07-15,HITECH,WELCORP,False,4,1,8.717799,3.5835981,20.928383
Steel Pipes,2025-03-20,WELCORP,APLAPOLLO,True,4,1,0.6325841,6.2785034,-2.708208
Steel Pipes,2025-03-20,WELCORP,JINDALSAW,False,4,1,-11.710763,-29.120415,-40.63923
Steel Pipes,2025-03-20,WELCORP,HITECH,False,4,1,-17.071842,-23.765736,-20.998161
Steel Pipes,2025-05-30,WELCORP,APLAPOLLO,False,4,1,-5.9834123,-10.116238,-5.376488
Steel Pipes,2025-05-30,WELCORP,JINDALSAW,False,4,1,12.207473,-4.0406466,-21.615213
Steel Pipes,2025-05-30,WELCORP,HITECH,False,4,1,2.8438091,-10.039759,11.790598
Steel Pipes,2025-09-15,HITECH,APLAPOLLO,True,4,1,3.9026856,9.350634,44.679737
Steel Pipes,2025-09-15,HITECH,JINDALSAW,True,4,1,-3.3555088,-18.121952,-9.271896
Steel Pipes,2025-09-15,HITECH,WELCORP,True,4,1,-8.221644,-8.218437,-3.3145485
Steel Pipes,2026-01-20,JINDALSAW,APLAPOLLO,True,4,1,13.622892,1.7812192,-20.241344
Steel Pipes,2026-01-20,JINDALSAW,WELCORP,False,4,1,-0.65054893,41.0867,120.39969
Steel Pipes,2026-01-20,JINDALSAW,HITECH,False,4,1,1.6879916,-5.3555784,-15.436375
Steel Pipes,2026-04-14,WELCORP,APLAPOLLO,True,4,1,-12.904436,-22.31276,-4.114187
Steel Pipes,2026-04-14,WELCORP,JINDALSAW,False,4,1,3.6462302,21.632801,29.998184
Steel Pipes,2026-04-14,WELCORP,HITECH,False,4,1,-5.0541043,-10.244346,-28.608013
Steel Pipes,2026-07-09,WELCORP,APLAPOLLO,True,4,1,6.395888,19.42702,
Steel Pipes,2026-07-09,WELCORP,JINDALSAW,False,4,1,-5.1018295,0.22566915,
Steel Pipes,2026-07-09,WELCORP,HITECH,True,4,1,-1.730144,-14.348757,
Aluminium,2023-07-17,NATIONALUM,HINDALCO,True,2,1,-2.8697968,-0.36079884,13.541542
Aluminium,2023-12-15,NATIONALUM,HINDALCO,True,2,1,-3.5016775,-12.806345,10.927724
Aluminium,2024-10-01,NATIONALUM,HINDALCO,True,2,1,-1.7709551,-14.497048,10.4740505
Aluminium,2025-10-09,NATIONALUM,HINDALCO,True,2,1,2.5328279,19.319206,36.07187
Copper / Zinc,2022-11-14,HINDZINC,HINDCOPPER,True,3,1,-4.2236686,-5.350935,-16.390675
Copper / Zinc,2022-11-14,HINDZINC,VEDL,True,3,1,-5.0518093,1.0940611,-18.7599
Copper / Zinc,2023-01-10,HINDCOPPER,HINDZINC,True,3,1,1.6465423,-14.970951,-32.503258
Copper / Zinc,2023-01-10,HINDCOPPER,VEDL,True,3,1,2.536541,-4.5162683,-28.848076
Copper / Zinc,2023-05-30,HINDCOPPER,HINDZINC,True,3,1,-6.8630753,-14.689863,-22.71192
Copper / Zinc,2023-05-30,HINDCOPPER,VEDL,True,3,1,-8.524883,-35.55385,-37.116783
Copper / Zinc,2023-07-31,HINDCOPPER,VEDL,True,3,2,-17.77493,-23.9021,-26.428474
Copper / Zinc,2023-11-29,HINDCOPPER,HINDZINC,True,3,1,-2.7679086,-14.687729,67.52866
Copper / Zinc,2023-11-29,HINDCOPPER,VEDL,True,3,1,1.2793899,-2.1505356,80.97928
Copper / Zinc,2024-04-03,HINDZINC,HINDCOPPER,False,3,1,19.2569,-8.987581,-24.969006
Copper / Zinc,2024-04-03,HINDZINC,VEDL,True,3,1,37.845352,45.729004,37.502007
Copper / Zinc,2025-05-28,HINDCOPPER,HINDZINC,True,3,1,-4.7783613,-6.1381755,5.4614425
Copper / Zinc,2025-05-28,HINDCOPPER,VEDL,True,3,1,-3.5549939,-1.321423,15.095018
Copper / Zinc,2025-09-16,HINDCOPPER,HINDZINC,True,3,1,13.382792,18.66656,69.40128
Copper / Zinc,2025-09-16,HINDCOPPER,VEDL,True,3,1,7.0755363,21.398754,83.915855
Copper / Zinc,2025-12-05,HINDCOPPER,HINDZINC,True,3,1,24.203348,50.479195,60.662693
Copper / Zinc,2025-12-05,HINDCOPPER,VEDL,True,3,1,15.589964,56.457794,-73.25725
Copper / Zinc,2026-08-17,HINDCOPPER,HINDZINC,True,3,1,1.3226509,,
Copper / Zinc,2026-08-17,HINDCOPPER,VEDL,False,3,1,-2.479136,,
Ferro Alloys,2023-01-02,MAITHANALL,IMFA,True,2,1,13.806748,15.409554,-5.237258
Ferro Alloys,2023-05-25,MAITHANALL,IMFA,True,2,1,-1.6222835,1.8625984,17.73404
Ferro Alloys,2023-09-25,IMFA,MAITHANALL,True,2,1,-3.3524573,1.8713112,-24.299742
Ferro Alloys,2024-01-30,IMFA,MAITHANALL,True,2,1,-2.4707377,11.09519,1.9321194
Ferro Alloys,2024-04-03,IMFA,MAITHANALL,True,2,1,20.781326,8.114422,-9.781324
Ferro Alloys,2024-06-11,IMFA,MAITHANALL,False,2,1,-7.9554563,-21.63034,-23.290735
Ferro Alloys,2024-11-08,IMFA,MAITHANALL,True,2,1,13.171041,0.5290804,7.8194437
Ferro Alloys,2025-05-28,MAITHANALL,IMFA,True,2,1,21.72116,33.987225,117.75412
Ferro Alloys,2025-09-08,IMFA,MAITHANALL,True,2,1,2.6153684,-11.228752,1.4213619
Ferro Alloys,2025-11-04,IMFA,MAITHANALL,True,2,1,-9.650105,6.6721077,-1.8776712
Ferro Alloys,2026-01-15,MAITHANALL,IMFA,False,2,1,14.582205,19.736713,-8.235306
Ferro Alloys,2026-04-16,IMFA,MAITHANALL,False,2,1,-3.2837093,-0.15575886,-7.2713194
Ferro Alloys,2026-06-17,MAITHANALL,IMFA,False,2,1,-9.227985,-16.757065,
Mining (Iron Ore / Coal),2023-08-15,NMDC,COALINDIA,True,2,1,10.270239,27.449156,51.05165
Mining (Iron Ore / Coal),2023-10-16,NMDC,COALINDIA,False,2,1,15.192211,16.57623,35.78974
Mining (Iron Ore / Coal),2025-12-26,NMDC,COALINDIA,True,2,1,11.883604,36.438667,17.701208
Mining (Iron Ore / Coal),2026-06-02,NMDC,COALINDIA,True,2,1,-10.073816,-20.50653,
Graphite Electrodes,2022-08-01,HEG,GRAPHITE,False,2,1,-13.707143,-27.312548,-27.850292
Graphite Electrodes,2023-05-04,HEG,GRAPHITE,False,2,1,-1.8615246,9.126461,17.423107
Graphite Electrodes,2023-09-08,GRAPHITE,HEG,True,2,1,-2.6453674,-16.582699,-31.466316
Graphite Electrodes,2023-12-18,GRAPHITE,HEG,True,2,1,-5.749464,-13.020259,23.145142
Graphite Electrodes,2024-03-08,GRAPHITE,HEG,True,2,1,19.748367,42.9582,-4.276024
Graphite Electrodes,2025-05-19,GRAPHITE,HEG,False,2,1,-7.5999737,-3.857696,3.3203125
Graphite Electrodes,2025-07-31,HEG,GRAPHITE,False,2,1,-7.685995,2.3148656,24.935186
Graphite Electrodes,2025-10-29,GRAPHITE,HEG,True,2,1,-1.8101034,6.686986,7.536948
Graphite Electrodes,2025-12-31,HEG,GRAPHITE,True,2,1,11.628985,12.171507,3.397596
Graphite Electrodes,2026-09-09,GRAPHITE,HEG,False,2,1,,,
Cement (Large),2022-08-18,AMBUJACEM,ULTRACEMCO,True,5,1,-6.8304777,-4.2291164,4.989481
Cement (Large),2022-08-18,AMBUJACEM,SHREECEM,True,5,1,2.476489,-2.0875335,11.488092
Cement (Large),2022-08-18,AMBUJACEM,ACC,True,5,1,10.1752405,-2.693534,-28.429783
Cement (Large),2022-08-18,AMBUJACEM,DALBHARAT,False,5,1,-2.2686124,-4.79337,6.216526
Cement (Large),2022-12-02,DALBHARAT,ULTRACEMCO,True,5,1,-1.7738581,9.489184,3.3520222
Cement (Large),2022-12-02,DALBHARAT,AMBUJACEM,True,5,1,-7.2499332,-35.13199,-38.448765
Cement (Large),2022-12-02,DALBHARAT,SHREECEM,True,5,1,-1.2751341,15.240216,-1.4841676
Cement (Large),2022-12-02,DALBHARAT,ACC,True,5,1,-4.3595257,-28.753952,-41.344612
Cement (Large),2023-02-20,SHREECEM,ULTRACEMCO,True,5,1,2.266121,-6.838226,-20.769562
Cement (Large),2023-02-20,SHREECEM,AMBUJACEM,False,5,1,8.413172,4.0271053,3.666319
Cement (Large),2023-02-20,SHREECEM,ACC,False,5,1,-3.6392326,-14.079052,-21.101284
Cement (Large),2023-02-20,SHREECEM,DALBHARAT,True,5,1,-2.3054242,0.62732697,-22.53728
Cement (Large),2023-07-27,ACC,ULTRACEMCO,True,5,1,-6.138551,-11.486221,-9.529615
Cement (Large),2023-07-27,ACC,AMBUJACEM,True,5,1,-8.768386,-20.292324,-17.59496
Cement (Large),2023-07-27,ACC,SHREECEM,True,5,1,-5.2530346,-4.0933256,-16.485
Cement (Large),2023-07-27,ACC,DALBHARAT,True,5,1,-6.574196,-5.219507,-19.634594
Cement (Large),2023-12-04,AMBUJACEM,ULTRACEMCO,True,5,1,5.734467,-10.004793,-14.106966
Cement (Large),2023-12-04,AMBUJACEM,SHREECEM,True,5,1,-3.8808823,-22.411167,-25.139763
Cement (Large),2023-12-04,AMBUJACEM,ACC,True,5,1,4.5146346,29.28592,17.766094
Cement (Large),2023-12-04,AMBUJACEM,DALBHARAT,True,5,1,-4.240179,-24.978977,-41.160576
Cement (Large),2024-02-01,SHREECEM,ULTRACEMCO,True,5,2,0.9432733,-5.3950667,1.8436794
Cement (Large),2024-02-01,SHREECEM,AMBUJACEM,False,5,2,8.47407,9.981418,6.616438
Cement (Large),2024-02-01,SHREECEM,DALBHARAT,True,5,2,-9.959566,-23.774529,-31.483274
Cement (Large),2024-06-27,ULTRACEMCO,AMBUJACEM,True,5,1,-2.6096344,-16.649788,-24.098873
Cement (Large),2024-06-27,ULTRACEMCO,SHREECEM,True,5,1,-6.1686697,-19.163101,-11.659693
Cement (Large),2024-06-27,ULTRACEMCO,ACC,True,5,1,-7.121229,-16.103447,-25.54351
Cement (Large),2024-06-27,ULTRACEMCO,DALBHARAT,True,5,1,-6.070173,-7.064199,0.17131615
Cement (Large),2025-04-24,DALBHARAT,ULTRACEMCO,True,5,1,-6.9279194,-6.7986016,-4.5546174
Cement (Large),2025-04-24,DALBHARAT,AMBUJACEM,True,5,1,-3.7235498,-5.268479,-6.6788435
Cement (Large),2025-04-24,DALBHARAT,SHREECEM,True,5,1,-0.9583831,-9.309829,-8.296174
Cement (Large),2025-04-24,DALBHARAT,ACC,True,5,1,-8.700169,-14.247382,-15.910227
Cement (Large),2026-01-21,DALBHARAT,ULTRACEMCO,True,5,1,5.960393,2.2547126,-8.006514
Cement (Large),2026-01-21,DALBHARAT,AMBUJACEM,True,5,1,-12.192946,-18.621605,-31.081343
Cement (Large),2026-01-21,DALBHARAT,SHREECEM,True,5,1,-6.999201,-6.6328526,-9.508335
Cement (Large),2026-01-21,DALBHARAT,ACC,True,5,1,-12.014854,-24.529915,-36.152588
Cement (Mid/Small),2022-05-20,JKLAKSHMI,JKCEMENT,True,8,1,-7.5829678,4.398668,1.6998768
Cement (Mid/Small),2022-05-20,JKLAKSHMI,RAMCOCEM,True,8,1,-6.612664,5.67584,-2.3086796
Cement (Mid/Small),2022-05-20,JKLAKSHMI,HEIDELBERG,True,8,1,0.7207756,0.6436229,-6.076253
Cement (Mid/Small),2022-05-20,JKLAKSHMI,STARCEMENT,True,8,1,3.4594593,-2.6962757,3.9338112
Cement (Mid/Small),2022-05-20,JKLAKSHMI,ORIENTCEM,False,8,1,-7.072241,-11.506295,2.162611
Cement (Mid/Small),2022-05-20,JKLAKSHMI,SAGCEM,False,8,1,-11.511719,-19.034868,-19.103128
Cement (Mid/Small),2022-05-20,JKLAKSHMI,NUVOCO,False,8,1,-0.1475153,14.093578,27.114368
Cement (Mid/Small),2022-08-04,STARCEMENT,JKCEMENT,True,8,1,-1.7543201,-0.4243374,-1.1673326
Cement (Mid/Small),2022-08-04,STARCEMENT,RAMCOCEM,True,8,1,-2.1371846,-6.034684,-13.041812
Cement (Mid/Small),2022-08-04,STARCEMENT,JKLAKSHMI,False,8,1,-6.168056,18.767918,69.443405
Cement (Mid/Small),2022-08-04,STARCEMENT,HEIDELBERG,True,8,1,-12.290812,-9.9255085,-15.700614
Cement (Mid/Small),2022-08-04,STARCEMENT,ORIENTCEM,False,8,1,-6.3728933,2.155078,3.12177
Cement (Mid/Small),2022-08-04,STARCEMENT,SAGCEM,False,8,1,8.780109,8.245873,18.56265
Cement (Mid/Small),2022-08-04,STARCEMENT,NUVOCO,False,8,1,-0.77434826,14.559125,2.4824028
Cement (Mid/Small),2022-11-07,JKLAKSHMI,JKCEMENT,True,8,1,10.506785,0.1762805,6.9394946
Cement (Mid/Small),2022-11-07,JKLAKSHMI,RAMCOCEM,True,8,1,-9.763598,-6.964296,-1.9909918
Cement (Mid/Small),2022-11-07,JKLAKSHMI,HEIDELBERG,True,8,1,-4.06763,-10.120905,-18.560541
Cement (Mid/Small),2022-11-07,JKLAKSHMI,STARCEMENT,True,8,1,-2.4128914,5.270326,5.4139376
Cement (Mid/Small),2022-11-07,JKLAKSHMI,ORIENTCEM,True,8,1,-4.0105343,-1.633513,-0.7155478
Cement (Mid/Small),2022-11-07,JKLAKSHMI,SAGCEM,True,8,1,14.101422,12.538946,-7.0988
Cement (Mid/Small),2022-11-07,JKLAKSHMI,NUVOCO,False,8,1,-3.7756443,-6.115854,-18.074417
Cement (Mid/Small),2023-05-02,STARCEMENT,JKCEMENT,True,8,1,3.3102274,-6.885374,-26.685356
Cement (Mid/Small),2023-05-02,STARCEMENT,RAMCOCEM,True,8,1,20.435966,4.917597,0.30072784
Cement (Mid/Small),2023-05-02,STARCEMENT,JKLAKSHMI,False,8,1,-16.192131,-28.390337,-46.147614
Cement (Mid/Small),2023-05-02,STARCEMENT,HEIDELBERG,True,8,1,-4.8787413,-13.046134,-17.506027
Cement (Mid/Small),2023-05-02,STARCEMENT,ORIENTCEM,True,8,1,3.0647635,0.49048615,12.20789
Cement (Mid/Small),2023-05-02,STARCEMENT,SAGCEM,True,8,1,0.9545326,-8.813203,-4.62097
Cement (Mid/Small),2023-05-02,STARCEMENT,NUVOCO,True,8,1,-1.483798,-9.212101,-26.710855
Cement (Mid/Small),2023-08-02,STARCEMENT,JKCEMENT,True,8,1,-6.831038,-12.822372,-9.712971
Cement (Mid/Small),2023-08-02,STARCEMENT,RAMCOCEM,True,8,1,-7.7209415,8.594227,-19.073713
Cement (Mid/Small),2023-08-02,STARCEMENT,JKLAKSHMI,False,8,1,-2.661848,1.0654688,6.669903
Cement (Mid/Small),2023-08-02,STARCEMENT,HEIDELBERG,True,8,1,0.821805,3.8176775,-0.9413967
Cement (Mid/Small),2023-08-02,STARCEMENT,ORIENTCEM,True,8,1,26.959146,26.001013,46.77348
Cement (Mid/Small),2023-08-02,STARCEMENT,SAGCEM,True,8,1,-1.5446544,2.5684237,-9.704721
Cement (Mid/Small),2023-08-02,STARCEMENT,NUVOCO,True,8,1,-15.343935,-9.502972,-32.19964
Cement (Mid/Small),2023-10-11,RAMCOCEM,JKCEMENT,True,8,1,6.2646747,4.362154,12.036562
Cement (Mid/Small),2023-10-11,RAMCOCEM,JKLAKSHMI,True,8,1,15.72014,18.729628,25.079025
Cement (Mid/Small),2023-10-11,RAMCOCEM,HEIDELBERG,True,8,1,-0.2829075,8.050489,-8.99446
Cement (Mid/Small),2023-10-11,RAMCOCEM,STARCEMENT,True,8,1,-8.6060705,-15.615105,28.700806
Cement (Mid/Small),2023-10-11,RAMCOCEM,ORIENTCEM,False,8,1,18.579245,40.501656,0.81342506
Cement (Mid/Small),2023-10-11,RAMCOCEM,SAGCEM,False,8,1,1.9466877,-0.14737797,-36.841274
Cement (Mid/Small),2023-10-11,RAMCOCEM,NUVOCO,True,8,1,-3.1670275,-8.796989,-20.943707
Cement (Mid/Small),2023-12-11,HEIDELBERG,JKCEMENT,True,8,1,-2.858758,3.6799421,-12.847697
Cement (Mid/Small),2023-12-11,HEIDELBERG,RAMCOCEM,True,8,1,-10.539585,-30.311,-42.211334
Cement (Mid/Small),2023-12-11,HEIDELBERG,JKLAKSHMI,False,8,1,-9.037506,-0.20493221,-21.502066
Cement (Mid/Small),2023-12-11,HEIDELBERG,STARCEMENT,False,8,1,1.4109135,13.500072,33.560383
Cement (Mid/Small),2023-12-11,HEIDELBERG,ORIENTCEM,False,8,1,8.683407,-17.283993,-29.230034
Cement (Mid/Small),2023-12-11,HEIDELBERG,SAGCEM,True,8,1,-0.96298456,-26.362549,-43.12574
Cement (Mid/Small),2023-12-11,HEIDELBERG,NUVOCO,True,8,1,-9.308636,-17.472809,-27.223635
Cement (Mid/Small),2024-02-12,STARCEMENT,RAMCOCEM,True,8,3,-6.160432,-18.3815,-29.113132
Cement (Mid/Small),2024-02-12,STARCEMENT,HEIDELBERG,True,8,3,-3.1516256,-13.648253,-5.996811
Cement (Mid/Small),2024-02-12,STARCEMENT,ORIENTCEM,True,8,3,-13.757271,-19.40487,11.127708
Cement (Mid/Small),2024-02-12,STARCEMENT,SAGCEM,True,8,3,-9.297359,-22.04292,-25.786894
Cement (Mid/Small),2024-02-12,STARCEMENT,NUVOCO,True,8,3,-6.4571743,-8.409429,-12.449848
Cement (Mid/Small),2024-05-01,STARCEMENT,JKCEMENT,True,8,1,0.24809241,-0.025569916,-9.165464
Cement (Mid/Small),2024-05-01,STARCEMENT,RAMCOCEM,True,8,1,-3.5638688,-12.338518,-8.293116
Cement (Mid/Small),2024-05-01,STARCEMENT,JKLAKSHMI,True,8,1,2.2871673,-4.944348,-13.856709
Cement (Mid/Small),2024-05-01,STARCEMENT,HEIDELBERG,True,8,1,1.3567448,10.482597,2.7771835
Cement (Mid/Small),2024-05-01,STARCEMENT,ORIENTCEM,False,8,1,0.036925077,35.302628,33.053123
Cement (Mid/Small),2024-05-01,STARCEMENT,SAGCEM,False,8,1,-2.48819,-4.3769355,-15.50672
Cement (Mid/Small),2024-05-01,STARCEMENT,NUVOCO,True,8,1,-5.1132383,-4.259276,-5.217289
Cement (Mid/Small),2024-06-27,ORIENTCEM,JKCEMENT,True,8,5,-7.2747827,-6.120145,-5.4502006
Cement (Mid/Small),2024-06-27,ORIENTCEM,JKLAKSHMI,True,8,5,-10.644746,-22.060425,-9.942066
Cement (Mid/Small),2024-06-27,ORIENTCEM,STARCEMENT,False,8,5,-5.2878675,-7.1901913,5.364479
Cement (Mid/Small),2024-11-12,RAMCOCEM,JKCEMENT,True,8,1,8.265221,26.497734,41.021492
Cement (Mid/Small),2024-11-12,RAMCOCEM,JKLAKSHMI,True,8,1,22.279705,21.760118,30.107723
Cement (Mid/Small),2024-11-12,RAMCOCEM,HEIDELBERG,True,8,1,-5.0376415,4.409832,0.30939484
Cement (Mid/Small),2024-11-12,RAMCOCEM,STARCEMENT,True,8,1,-1.1598468,17.938757,28.53856
Cement (Mid/Small),2024-11-12,RAMCOCEM,ORIENTCEM,False,8,1,-6.384921,5.7214737,20.17076
Cement (Mid/Small),2024-11-12,RAMCOCEM,SAGCEM,True,8,1,2.7164454,4.618621,13.602012
Cement (Mid/Small),2024-11-12,RAMCOCEM,NUVOCO,True,8,1,1.0138755,9.111511,11.890369
Cement (Mid/Small),2025-05-15,NUVOCO,JKCEMENT,True,8,1,8.766008,29.036104,4.3313265
Cement (Mid/Small),2025-05-15,NUVOCO,RAMCOCEM,True,8,1,-0.43381453,11.117256,-3.3332348
Cement (Mid/Small),2025-05-15,NUVOCO,JKLAKSHMI,True,8,1,-9.23872,4.3979645,-6.751007
Cement (Mid/Small),2025-05-15,NUVOCO,HEIDELBERG,True,8,1,-6.9718003,4.293692,-7.9061866
Cement (Mid/Small),2025-05-15,NUVOCO,STARCEMENT,True,8,1,-11.188626,12.803328,4.520917
Cement (Mid/Small),2025-05-15,NUVOCO,ORIENTCEM,True,8,1,-19.587236,-33.665703,-45.760067
Cement (Mid/Small),2025-05-15,NUVOCO,SAGCEM,False,8,1,-7.786107,-0.8566022,-5.2761316
Cement (Mid/Small),2025-07-16,NUVOCO,JKCEMENT,True,8,3,12.711638,5.4627776,-5.068487
Cement (Mid/Small),2025-07-16,NUVOCO,RAMCOCEM,True,8,3,-2.869296,-10.062981,-1.4303331
Cement (Mid/Small),2025-07-16,NUVOCO,STARCEMENT,True,8,3,41.667564,29.599916,8.34226
Cement (Mid/Small),2025-07-16,NUVOCO,ORIENTCEM,False,8,3,4.707736,-4.293525,-20.097996
Cement (Mid/Small),2025-07-16,NUVOCO,SAGCEM,True,8,3,-5.581605,0.40904284,-8.551443
Cement (Mid/Small),2026-05-29,NUVOCO,JKCEMENT,True,8,1,5.1047444,-4.393041,
Cement (Mid/Small),2026-05-29,NUVOCO,RAMCOCEM,True,8,1,2.751422,-2.7240515,
Cement (Mid/Small),2026-05-29,NUVOCO,JKLAKSHMI,True,8,1,-2.026832,-11.15498,
Cement (Mid/Small),2026-05-29,NUVOCO,HEIDELBERG,True,8,1,-4.372239,-4.974711,
Cement (Mid/Small),2026-05-29,NUVOCO,STARCEMENT,True,8,1,-6.0961304,-16.625082,
Cement (Mid/Small),2026-05-29,NUVOCO,ORIENTCEM,True,8,1,-8.137059,-13.006628,
Cement (Mid/Small),2026-05-29,NUVOCO,SAGCEM,False,8,1,-2.7130723,-14.509368,
Tiles & Sanitaryware,2022-06-30,ORIENTBELL,KAJARIACER,True,4,1,11.410415,11.9558935,-11.686707
Tiles & Sanitaryware,2022-06-30,ORIENTBELL,CERA,False,4,1,2.7467852,19.870651,4.9376125
Tiles & Sanitaryware,2022-06-30,ORIENTBELL,SOMANYCERA,False,4,1,3.6465883,-11.777639,-36.35697
Tiles & Sanitaryware,2022-09-07,CERA,KAJARIACER,False,4,2,8.591503,-2.5924623,-1.960021
Tiles & Sanitaryware,2022-09-07,CERA,ORIENTBELL,False,4,2,-1.604104,-14.664257,-7.9753637
Tiles & Sanitaryware,2023-02-20,CERA,KAJARIACER,True,4,1,4.2508245,0.2445221,6.126581
Tiles & Sanitaryware,2023-02-20,CERA,SOMANYCERA,True,4,1,-4.1564407,-12.444144,7.019556
Tiles & Sanitaryware,2023-02-20,CERA,ORIENTBELL,True,4,1,-0.14862442,-6.85687,-35.878147
Tiles & Sanitaryware,2023-05-12,CERA,KAJARIACER,True,4,1,1.8446207,5.8415413,-8.089256
Tiles & Sanitaryware,2023-05-12,CERA,SOMANYCERA,True,4,1,14.416026,20.79966,0.8104553
Tiles & Sanitaryware,2023-05-12,CERA,ORIENTBELL,True,4,1,-8.376062,-27.642979,-38.25656
Tiles & Sanitaryware,2023-07-12,SOMANYCERA,KAJARIACER,True,4,1,3.9977307,-8.154238,-20.198881
Tiles & Sanitaryware,2023-07-12,SOMANYCERA,CERA,False,4,1,9.679197,3.2021523,-13.461328
Tiles & Sanitaryware,2023-07-12,SOMANYCERA,ORIENTBELL,True,4,1,-17.772495,-28.412712,-53.009308
Tiles & Sanitaryware,2023-12-08,SOMANYCERA,KAJARIACER,True,4,1,-11.267401,-22.116226,-29.486643
Tiles & Sanitaryware,2023-12-08,SOMANYCERA,CERA,True,4,1,-16.933382,-24.216318,-34.053104
Tiles & Sanitaryware,2023-12-08,SOMANYCERA,ORIENTBELL,True,4,1,-6.1670547,-22.109259,-16.785656
Tiles & Sanitaryware,2024-05-16,SOMANYCERA,KAJARIACER,True,4,1,-1.1901498,5.7312717,-17.581457
Tiles & Sanitaryware,2024-05-16,SOMANYCERA,CERA,True,4,1,1.8458366,34.45263,-12.393594
Tiles & Sanitaryware,2024-05-16,SOMANYCERA,ORIENTBELL,False,4,1,-9.431225,-9.857965,-29.128624
Tiles & Sanitaryware,2024-08-06,CERA,KAJARIACER,False,4,1,-7.176656,-13.83143,-21.596546
Tiles & Sanitaryware,2024-08-06,CERA,SOMANYCERA,False,4,1,-4.000783,-6.149256,-19.52067
Tiles & Sanitaryware,2024-08-06,CERA,ORIENTBELL,False,4,1,-13.6262,-19.740408,-26.27545
Tiles & Sanitaryware,2025-05-16,KAJARIACER,CERA,True,4,1,3.2093287,-5.337411,-8.232344
Tiles & Sanitaryware,2025-05-16,KAJARIACER,SOMANYCERA,True,4,1,17.802013,12.305248,-12.151599
Tiles & Sanitaryware,2025-05-16,KAJARIACER,ORIENTBELL,True,4,1,9.880412,12.839413,8.774591
Tiles & Sanitaryware,2025-12-29,ORIENTBELL,KAJARIACER,False,4,1,-1.4369125,3.3432007,4.5141816
Tiles & Sanitaryware,2025-12-29,ORIENTBELL,CERA,True,4,1,4.3248715,6.3643513,21.295082
Tiles & Sanitaryware,2025-12-29,ORIENTBELL,SOMANYCERA,True,4,1,-3.2521782,-4.244917,13.241375
Tiles & Sanitaryware,2026-04-15,ORIENTBELL,KAJARIACER,False,4,1,-13.369476,-6.8957148,-5.298913
Tiles & Sanitaryware,2026-04-15,ORIENTBELL,CERA,True,4,1,6.8380237,12.959981,-12.2349205
Tiles & Sanitaryware,2026-04-15,ORIENTBELL,SOMANYCERA,False,4,1,0.867641,10.098077,33.27044
Tiles & Sanitaryware,2026-06-15,CERA,KAJARIACER,False,4,2,8.511173,5.7724357,
Tiles & Sanitaryware,2026-06-15,CERA,ORIENTBELL,False,4,2,-1.7750382,26.489485,
Tiles & Sanitaryware,2026-08-24,ORIENTBELL,KAJARIACER,True,4,1,0.32000542,,
Tiles & Sanitaryware,2026-08-24,ORIENTBELL,CERA,True,4,1,-3.8314524,,
Tiles & Sanitaryware,2026-08-24,ORIENTBELL,SOMANYCERA,True,4,1,7.508123,,
Plywood & Laminates,2022-04-05,GREENPLY,GREENLAM,False,4,2,-4.981792,1.2763977,-23.38854
Plywood & Laminates,2022-04-05,GREENPLY,STYLAMIND,True,4,2,-0.5891979,-9.346783,13.656698
Plywood & Laminates,2022-07-22,STYLAMIND,CENTURYPLY,False,4,1,17.752218,3.9321184,-18.175537
Plywood & Laminates,2022-07-22,STYLAMIND,GREENPLY,True,4,1,-3.6169171,-10.189306,-32.12454
Plywood & Laminates,2022-07-22,STYLAMIND,GREENLAM,True,4,1,-11.583435,-24.000782,-22.629309
Plywood & Laminates,2023-05-02,STYLAMIND,CENTURYPLY,True,4,1,5.945897,10.3646145,-11.8451
Plywood & Laminates,2023-05-02,STYLAMIND,GREENPLY,True,4,1,7.570696,-0.2648716,-22.448658
Plywood & Laminates,2023-05-02,STYLAMIND,GREENLAM,True,4,1,19.584991,43.86151,5.4670105
Plywood & Laminates,2023-11-01,GREENLAM,CENTURYPLY,True,4,1,-4.7097564,6.954073,-23.465168
Plywood & Laminates,2023-11-01,GREENLAM,GREENPLY,True,4,1,11.420416,19.542253,36.44849
Plywood & Laminates,2023-11-01,GREENLAM,STYLAMIND,True,4,1,-0.97984076,-24.117596,-28.587788
Plywood & Laminates,2024-01-03,GREENPLY,GREENLAM,False,4,2,-8.211565,-1.9469917,-5.042053
Plywood & Laminates,2024-01-03,GREENPLY,STYLAMIND,True,4,2,-9.557777,-5.4839554,-21.369595
Plywood & Laminates,2024-04-25,STYLAMIND,CENTURYPLY,True,4,1,4.7840714,-3.0774946,23.806023
Plywood & Laminates,2024-04-25,STYLAMIND,GREENPLY,False,4,1,-4.267597,1.6138792,18.969654
Plywood & Laminates,2024-04-25,STYLAMIND,GREENLAM,False,4,1,-0.48325062,-20.489658,-33.388756
Plywood & Laminates,2024-06-24,GREENPLY,CENTURYPLY,True,4,1,-3.8794816,4.0538197,3.2918577
Plywood & Laminates,2024-06-24,GREENPLY,GREENLAM,True,4,1,-7.0803466,-22.68821,-15.261185
Plywood & Laminates,2024-06-24,GREENPLY,STYLAMIND,True,4,1,12.448132,16.617083,47.407055
Plywood & Laminates,2024-08-27,CENTURYPLY,GREENPLY,False,4,1,-4.9014807,-11.238139,-14.959741
Plywood & Laminates,2024-08-27,CENTURYPLY,GREENLAM,True,4,1,-9.367567,-3.0818167,15.39734
Plywood & Laminates,2024-08-27,CENTURYPLY,STYLAMIND,False,4,1,-1.1152983,25.118057,9.857697
Plywood & Laminates,2025-07-22,GREENPLY,CENTURYPLY,True,4,1,4.631633,6.2838497,14.684743
Plywood & Laminates,2025-07-22,GREENPLY,GREENLAM,False,4,1,-4.324687,9.841972,12.387068
Plywood & Laminates,2025-07-22,GREENPLY,STYLAMIND,True,4,1,-2.482921,13.489586,33.712215
Plywood & Laminates,2025-10-08,STYLAMIND,CENTURYPLY,True,4,1,-8.535772,4.820055,8.137446
Plywood & Laminates,2025-10-08,STYLAMIND,GREENPLY,True,4,1,0.5597949,-4.730379,-20.640123
Plywood & Laminates,2025-10-08,STYLAMIND,GREENLAM,False,4,1,3.7139058,-0.44658208,2.733654
Plywood & Laminates,2026-04-29,GREENPLY,CENTURYPLY,False,4,1,-11.35285,-12.600303,
Plywood & Laminates,2026-04-29,GREENPLY,GREENLAM,True,4,1,-0.6415129,2.399063,
Plywood & Laminates,2026-04-29,GREENPLY,STYLAMIND,True,4,1,23.943209,55.55259,
Plywood & Laminates,2026-07-22,STYLAMIND,CENTURYPLY,True,4,1,-6.2343597,,
Plywood & Laminates,2026-07-22,STYLAMIND,GREENPLY,False,4,1,-15.521109,,
Plywood & Laminates,2026-07-22,STYLAMIND,GREENLAM,True,4,1,2.8066993,,
Pipes (PVC),2022-09-07,ASTRAL,SUPREMEIND,True,4,1,-0.47991276,18.997896,42.087284
Pipes (PVC),2022-09-07,ASTRAL,FINPIPE,True,4,1,0.39265752,14.670992,32.181793
Pipes (PVC),2022-09-07,ASTRAL,PRINCEPIPE,True,4,1,0.29014945,-8.721095,2.567679
Pipes (PVC),2022-11-02,SUPREMEIND,ASTRAL,False,4,1,-11.764843,-4.521161,-26.513159
Pipes (PVC),2022-11-02,SUPREMEIND,FINPIPE,True,4,1,20.216263,30.15647,34.939827
Pipes (PVC),2022-11-02,SUPREMEIND,PRINCEPIPE,True,4,1,-2.6191473,7.8091145,4.9325466
Pipes (PVC),2023-05-04,FINPIPE,SUPREMEIND,True,4,1,-4.1632175,14.394737,33.52467
Pipes (PVC),2023-05-04,FINPIPE,ASTRAL,False,4,1,17.94566,11.980736,-8.325541
Pipes (PVC),2023-05-04,FINPIPE,PRINCEPIPE,True,4,1,1.8753171,-9.514987,-17.033838
Pipes (PVC),2023-07-25,SUPREMEIND,ASTRAL,False,4,1,1.4234781,-10.766804,-31.738085
Pipes (PVC),2023-07-25,SUPREMEIND,FINPIPE,True,4,1,4.9554944,3.264595,-16.075205
Pipes (PVC),2023-07-25,SUPREMEIND,PRINCEPIPE,True,4,1,2.2208214,-8.6477995,-21.88723
Pipes (PVC),2024-03-26,FINPIPE,SUPREMEIND,True,4,1,-4.297221,36.436188,4.2734375
Pipes (PVC),2024-03-26,FINPIPE,ASTRAL,True,4,1,-11.985261,-6.156027,-34.33418
Pipes (PVC),2024-03-26,FINPIPE,PRINCEPIPE,False,4,1,-0.36753464,1.3382912,-30.890144
Pipes (PVC),2025-05-22,"ASTRAL,PRINCEPIPE",SUPREMEIND,True,4,2,15.428066,12.495273,-0.9488344
Pipes (PVC),2025-05-22,"ASTRAL,PRINCEPIPE",FINPIPE,True,4,2,12.257111,-4.0994644,-6.4680815
Pipes (PVC),2025-11-06,ASTRAL,SUPREMEIND,True,4,1,-9.519553,1.5223799,2.4752202
Pipes (PVC),2025-11-06,ASTRAL,FINPIPE,True,4,1,-2.8906524,4.962426,-1.712584
Pipes (PVC),2025-11-06,ASTRAL,PRINCEPIPE,True,4,1,-13.831014,-16.25573,-20.094908
Pipes (PVC),2026-02-12,FINPIPE,SUPREMEIND,True,4,1,14.766401,-7.0290747,-16.925032
Pipes (PVC),2026-02-12,FINPIPE,ASTRAL,True,4,1,16.136211,-0.55088997,-11.015112
Pipes (PVC),2026-02-12,FINPIPE,PRINCEPIPE,True,4,1,0.4988613,-12.6451845,-18.41151
Pipes (PVC),2026-05-28,FINPIPE,SUPREMEIND,True,4,1,-7.913011,-8.141828,
Pipes (PVC),2026-05-28,FINPIPE,ASTRAL,True,4,1,-9.053463,-11.936182,
Pipes (PVC),2026-05-28,FINPIPE,PRINCEPIPE,False,4,1,3.265226,-2.6831627,
Glass,2022-04-22,BORORENEW,ASAHIINDIA,False,2,1,4.671425,38.31385,48.804783
Glass,2022-06-21,ASAHIINDIA,BORORENEW,False,2,1,-6.5257187,-34.817028,-42.364933
Glass,2022-08-25,ASAHIINDIA,BORORENEW,False,2,1,5.7361603,-4.8817515,-14.586073
Glass,2023-04-21,BORORENEW,ASAHIINDIA,True,2,1,-6.4013124,-0.73337555,-2.0326233
Glass,2023-07-05,ASAHIINDIA,BORORENEW,True,2,1,-6.297058,-27.326649,-36.87506
Glass,2023-09-19,ASAHIINDIA,BORORENEW,True,2,1,-5.3434014,-6.674373,11.661888
Glass,2024-01-03,BORORENEW,ASAHIINDIA,True,2,1,-16.88481,-6.8328505,-2.6833181
Glass,2024-05-06,ASAHIINDIA,BORORENEW,True,2,1,-4.69948,-9.75126,-28.351921
Glass,2024-07-24,BORORENEW,ASAHIINDIA,True,2,1,-7.9069433,1.0963917,-0.42881966
Glass,2024-09-20,ASAHIINDIA,BORORENEW,True,2,1,-7.638442,16.184162,27.864574
Glass,2024-12-06,BORORENEW,ASAHIINDIA,True,2,1,-1.2870193,5.834324,8.25321
Glass,2025-06-10,BORORENEW,ASAHIINDIA,False,2,1,9.830797,12.628287,42.243195
Glass,2025-11-24,ASAHIINDIA,BORORENEW,True,2,1,-6.696212,-12.46196,-8.467943
Glass,2026-08-18,ASAHIINDIA,BORORENEW,False,2,1,-16.082972,,
Apparel Retail (Showrooms),2022-04-20,SHOPERSTOP,TRENT,False,4,1,-4.3221893,7.839149,22.2448
Apparel Retail (Showrooms),2022-04-20,SHOPERSTOP,ABFRL,True,4,1,6.8212867,0.65693855,17.442596
Apparel Retail (Showrooms),2022-04-20,SHOPERSTOP,VMART,True,4,1,-0.56607723,-4.8607054,-15.265619
Apparel Retail (Showrooms),2022-07-27,SHOPERSTOP,TRENT,True,4,1,7.0201035,12.660767,-11.115158
Apparel Retail (Showrooms),2022-07-27,SHOPERSTOP,ABFRL,True,4,1,6.667959,14.631201,-13.304197
Apparel Retail (Showrooms),2022-07-27,SHOPERSTOP,VMART,False,4,1,-0.008797646,-3.2360668,-10.987055
Apparel Retail (Showrooms),2023-05-02,TRENT,ABFRL,True,4,1,-12.364817,-18.869366,-30.539417
Apparel Retail (Showrooms),2023-05-02,TRENT,VMART,True,4,1,-8.183062,-13.290155,-44.167465
Apparel Retail (Showrooms),2023-05-02,TRENT,SHOPERSTOP,True,4,1,5.9134483,-2.9967785,-30.923748
Apparel Retail (Showrooms),2023-08-10,TRENT,ABFRL,True,4,1,1.0169034,-8.9843445,-19.855951
Apparel Retail (Showrooms),2023-08-10,TRENT,VMART,True,4,1,-17.19069,-33.443928,-32.113342
Apparel Retail (Showrooms),2023-08-10,TRENT,SHOPERSTOP,True,4,1,-19.461287,-22.383577,-31.605095
Apparel Retail (Showrooms),2023-11-08,TRENT,ABFRL,True,4,1,1.9631743,-11.07086,-6.84042
Apparel Retail (Showrooms),2023-11-08,TRENT,VMART,False,4,1,4.4877048,15.932405,7.0230026
Apparel Retail (Showrooms),2023-11-08,TRENT,SHOPERSTOP,True,4,1,-2.6043177,-3.143608,-8.812237
Apparel Retail (Showrooms),2024-01-29,SHOPERSTOP,TRENT,False,4,1,15.721821,25.760054,64.76671
Apparel Retail (Showrooms),2024-01-29,SHOPERSTOP,ABFRL,True,4,1,-10.007774,-3.593129,17.19799
Apparel Retail (Showrooms),2024-01-29,SHOPERSTOP,VMART,False,4,1,-6.288081,-2.6370764,40.705788
Apparel Retail (Showrooms),2024-06-05,VMART,TRENT,True,4,1,1.3419876,31.593204,24.334131
Apparel Retail (Showrooms),2024-06-05,VMART,ABFRL,False,4,1,-8.377493,-19.37791,-19.977499
Apparel Retail (Showrooms),2024-06-05,VMART,SHOPERSTOP,True,4,1,-7.7181697,-14.325094,-27.783133
Apparel Retail (Showrooms),2024-08-09,TRENT,ABFRL,False,4,1,-8.660603,-5.383134,-8.069473
Apparel Retail (Showrooms),2024-08-09,TRENT,VMART,False,4,1,-6.099147,22.975922,-5.442155
Apparel Retail (Showrooms),2024-08-09,TRENT,SHOPERSTOP,True,4,1,1.1608839,-10.202372,-11.378986
Apparel Retail (Showrooms),2025-05-19,ABFRL,TRENT,True,4,1,-0.74563026,-1.4156222,-17.671509
Apparel Retail (Showrooms),2025-05-19,ABFRL,VMART,True,4,1,6.634307,-77.037674,-77.65057
Apparel Retail (Showrooms),2025-05-19,ABFRL,SHOPERSTOP,True,4,1,-8.1622715,0.11971593,-14.768648
Apparel Retail (Showrooms),2026-04-06,VMART,TRENT,True,4,1,-5.1052456,-32.333565,-47.28616
Apparel Retail (Showrooms),2026-04-06,VMART,ABFRL,False,4,1,-1.720787,-17.564308,-36.151344
Apparel Retail (Showrooms),2026-04-06,VMART,SHOPERSTOP,False,4,1,-12.858713,12.536287,19.713127
Apparel Retail (Showrooms),2026-07-15,SHOPERSTOP,TRENT,False,4,1,3.0795813,2.042216,
Apparel Retail (Showrooms),2026-07-15,SHOPERSTOP,ABFRL,True,4,1,-4.6242533,-26.360296,
Apparel Retail (Showrooms),2026-07-15,SHOPERSTOP,VMART,True,4,1,6.0613513,9.078115,
Value Retail,2023-06-16,DMART,VMART,True,2,1,0.17188787,-14.153719,-35.568718
Value Retail,2023-12-21,VMART,DMART,True,2,1,-13.03097,-1.0557294,7.626379
Value Retail,2024-03-25,DMART,VMART,True,2,1,-6.545747,20.00259,49.48947
Value Retail,2024-06-05,VMART,DMART,True,2,1,-17.066074,-20.497274,-38.712627
Value Retail,2024-10-01,VMART,DMART,True,2,1,-12.814648,-27.057676,-9.283096
Value Retail,2026-03-30,DMART,VMART,False,2,1,26.593136,45.849243,51.122013
Readymade Garments / Innerwear,2022-05-02,GOKEX,PAGEIND,True,3,1,7.859582,7.327622,25.140224
Readymade Garments / Innerwear,2022-05-02,GOKEX,KPRMILL,True,3,1,5.8939457,0.89115477,-10.139119
Readymade Garments / Innerwear,2023-02-16,GOKEX,PAGEIND,True,3,1,0.42374134,-2.381671,-28.142118
Readymade Garments / Innerwear,2023-02-16,GOKEX,KPRMILL,True,3,1,10.471225,-10.186309,-18.0508
Readymade Garments / Innerwear,2023-05-31,GOKEX,PAGEIND,True,3,1,-9.648376,-15.186584,-33.051525
Readymade Garments / Innerwear,2023-05-31,GOKEX,KPRMILL,True,3,1,7.9459305,6.9279785,5.2860737
Readymade Garments / Innerwear,2023-08-21,"GOKEX,KPRMILL",PAGEIND,True,3,2,-7.1649075,-15.188944,-42.645134
Readymade Garments / Innerwear,2023-11-22,KPRMILL,PAGEIND,True,3,1,-5.540049,-21.418976,-29.453611
Readymade Garments / Innerwear,2023-11-22,KPRMILL,GOKEX,False,3,1,-7.8159866,-22.09446,-25.077122
Readymade Garments / Innerwear,2024-06-26,GOKEX,PAGEIND,True,3,1,-0.08189678,-0.5164747,9.742558
Readymade Garments / Innerwear,2024-06-26,GOKEX,KPRMILL,True,3,1,-4.834163,-8.56657,13.82674
Readymade Garments / Innerwear,2024-10-15,PAGEIND,GOKEX,False,3,1,-0.51665306,26.746923,10.821205
Readymade Garments / Innerwear,2024-10-15,PAGEIND,KPRMILL,True,3,1,1.6876516,9.827667,21.095043
Readymade Garments / Innerwear,2024-12-11,GOKEX,PAGEIND,True,3,1,7.203853,4.76169,4.522532
Readymade Garments / Innerwear,2024-12-11,GOKEX,KPRMILL,True,3,1,2.197963,8.257616,21.529133
Readymade Garments / Innerwear,2025-05-07,KPRMILL,PAGEIND,True,3,1,-10.681713,-8.444405,-24.573713
Readymade Garments / Innerwear,2025-05-07,KPRMILL,GOKEX,False,3,1,-11.427468,-19.145996,-23.35915
Readymade Garments / Innerwear,2026-06-03,KPRMILL,PAGEIND,False,3,1,12.471843,-13.105238,
Readymade Garments / Innerwear,2026-06-03,KPRMILL,GOKEX,False,3,1,22.508038,5.019081,
Home Textiles,2024-07-10,WELSPUNLIV,HIMATSEIDE,True,2,1,12.287211,8.038163,38.720596
Home Textiles,2024-09-17,HIMATSEIDE,WELSPUNLIV,False,2,1,-1.7715871,2.605462,-6.1199245
Home Textiles,2024-12-09,HIMATSEIDE,WELSPUNLIV,True,2,1,-4.982668,-9.833796,-12.090658
Home Textiles,2025-11-28,WELSPUNLIV,HIMATSEIDE,True,2,1,-6.564909,-13.475764,-35.703487
Home Textiles,2026-05-21,WELSPUNLIV,HIMATSEIDE,False,2,1,3.1454325,-11.719829,
Home Textiles,2026-08-20,WELSPUNLIV,HIMATSEIDE,False,2,1,-9.322453,,
Yarn / Spinning,2022-04-13,VARDHACRLC,NITINSPIN,False,4,1,-3.577817,-4.666107,-1.6770663
Yarn / Spinning,2022-04-13,VARDHACRLC,AMBIKCO,False,4,1,-12.492324,-19.43288,-28.607811
Yarn / Spinning,2022-04-13,VARDHACRLC,SUTLEJTEX,False,4,1,-6.696683,-8.467072,-11.784988
Yarn / Spinning,2022-08-19,SUTLEJTEX,VARDHACRLC,True,4,1,-2.4028182,-11.85457,-12.508709
Yarn / Spinning,2022-08-19,SUTLEJTEX,NITINSPIN,False,4,1,7.6266885,-9.701628,-0.4929185
Yarn / Spinning,2022-08-19,SUTLEJTEX,AMBIKCO,False,4,1,-3.4154058,-17.496378,-15.201849
Yarn / Spinning,2023-01-09,NITINSPIN,VARDHACRLC,True,4,1,-0.51591396,-5.063122,-1.9245625
Yarn / Spinning,2023-01-09,NITINSPIN,AMBIKCO,True,4,1,3.6627111,4.7497272,5.470932
Yarn / Spinning,2023-01-09,NITINSPIN,SUTLEJTEX,True,4,1,-6.581724,-22.904057,-30.540276
Yarn / Spinning,2023-04-04,NITINSPIN,VARDHACRLC,True,4,1,6.1804047,1.3741016,-15.820278
Yarn / Spinning,2023-04-04,NITINSPIN,AMBIKCO,True,4,1,4.742944,-0.50492287,-20.03447
Yarn / Spinning,2023-04-04,NITINSPIN,SUTLEJTEX,False,4,1,15.344191,-8.478106,-17.122555
Yarn / Spinning,2023-06-06,VARDHACRLC,NITINSPIN,False,4,1,-7.644862,-1.8860588,-14.271046
Yarn / Spinning,2023-06-06,VARDHACRLC,AMBIKCO,True,4,1,1.8678308,-13.122154,-25.156343
Yarn / Spinning,2023-06-06,VARDHACRLC,SUTLEJTEX,False,4,1,-3.2917142,9.930561,-20.773758
Yarn / Spinning,2023-08-24,NITINSPIN,VARDHACRLC,True,4,1,-1.8425822,-9.393048,-2.3466587
Yarn / Spinning,2023-08-24,NITINSPIN,AMBIKCO,True,4,1,4.362488,-1.6674995,-20.438755
Yarn / Spinning,2023-08-24,NITINSPIN,SUTLEJTEX,True,4,1,1.8477321,-1.2799501,-17.546093
Yarn / Spinning,2023-12-12,AMBIKCO,VARDHACRLC,True,4,1,-4.0097833,-15.687495,-31.358635
Yarn / Spinning,2023-12-12,AMBIKCO,NITINSPIN,False,4,1,-8.2965555,0.90169907,-7.8195095
Yarn / Spinning,2023-12-12,AMBIKCO,SUTLEJTEX,False,4,1,-5.6667686,-10.262823,-32.122135
Yarn / Spinning,2024-02-19,SUTLEJTEX,VARDHACRLC,False,4,1,-13.095523,-22.19625,-29.339796
Yarn / Spinning,2024-02-19,SUTLEJTEX,NITINSPIN,False,4,1,0.80216503,-6.5352497,3.795004
Yarn / Spinning,2024-02-19,SUTLEJTEX,AMBIKCO,True,4,1,3.422594,-5.3465786,5.918503
Yarn / Spinning,2024-06-13,AMBIKCO,VARDHACRLC,True,4,1,1.0240436,-3.4996748,-11.820805
Yarn / Spinning,2024-06-13,AMBIKCO,NITINSPIN,True,4,1,-4.861033,14.762508,8.226717
Yarn / Spinning,2024-06-13,AMBIKCO,SUTLEJTEX,False,4,1,2.6967883,16.45379,1.0757332
Yarn / Spinning,2024-12-09,NITINSPIN,VARDHACRLC,True,4,1,-0.91457367,-3.4722023,-8.710163
Yarn / Spinning,2024-12-09,NITINSPIN,AMBIKCO,True,4,1,0.29047108,2.2661037,7.9338255
Yarn / Spinning,2024-12-09,NITINSPIN,SUTLEJTEX,False,4,1,-3.0585766,-17.178343,-26.162975
Yarn / Spinning,2025-05-14,NITINSPIN,AMBIKCO,True,4,1,3.7441845,-1.1992097,-15.50659
Yarn / Spinning,2025-07-14,SUTLEJTEX,NITINSPIN,True,4,2,-7.1112695,-14.570058,-14.143491
Yarn / Spinning,2025-07-14,SUTLEJTEX,AMBIKCO,True,4,2,-7.6727033,-11.653304,-17.947697
Yarn / Spinning,2026-02-19,NITINSPIN,AMBIKCO,True,4,1,3.7484941,10.633909,21.143389
Yarn / Spinning,2026-02-19,NITINSPIN,SUTLEJTEX,True,4,1,3.7253199,15.210272,15.367556
Yarn / Spinning,2026-05-04,VARDHACRLC,NITINSPIN,False,4,1,2.6301384,1.8711925,
Yarn / Spinning,2026-05-04,VARDHACRLC,AMBIKCO,False,4,1,6.936729,4.6329503,
Yarn / Spinning,2026-05-04,VARDHACRLC,SUTLEJTEX,False,4,1,-7.6299787,-9.647465,
Yarn / Spinning,2026-08-07,AMBIKCO,NITINSPIN,True,4,1,10.230482,,
Footwear,2022-04-26,LIBERTSHOE,BATAINDIA,True,5,1,2.2924538,2.9423413,-2.8629959
Footwear,2022-04-26,LIBERTSHOE,RELAXO,True,5,1,3.1622639,0.021469116,-8.767343
Footwear,2022-04-26,LIBERTSHOE,METROBRAND,True,5,1,6.1775503,11.8973675,61.066193
Footwear,2022-07-28,"METROBRAND,CAMPUS",BATAINDIA,True,5,2,-6.2001944,-10.427736,-27.100014
Footwear,2022-07-28,"METROBRAND,CAMPUS",RELAXO,True,5,2,-6.289464,-9.899407,-22.604721
Footwear,2022-07-28,"METROBRAND,CAMPUS",LIBERTSHOE,True,5,2,-0.71115494,110.006966,55.370483
Footwear,2022-09-27,LIBERTSHOE,BATAINDIA,True,5,2,-2.919352,-17.369503,-18.64361
Footwear,2022-09-27,LIBERTSHOE,METROBRAND,False,5,2,-3.5642803,-11.086798,-4.9763327
Footwear,2022-09-27,LIBERTSHOE,CAMPUS,False,5,2,1.4208674,-34.446674,-27.63968
Footwear,2023-04-20,LIBERTSHOE,BATAINDIA,True,5,1,-0.52491426,-2.5632849,-22.004486
Footwear,2023-04-20,LIBERTSHOE,RELAXO,True,5,1,0.82132816,-7.1556797,-23.521341
Footwear,2023-04-20,LIBERTSHOE,METROBRAND,True,5,1,2.5256991,9.268059,11.463306
Footwear,2023-04-20,LIBERTSHOE,CAMPUS,False,5,1,-8.238018,-29.41417,-53.658707
Footwear,2023-08-22,LIBERTSHOE,BATAINDIA,True,5,1,-8.496433,-14.991892,-46.83771
Footwear,2023-08-22,LIBERTSHOE,RELAXO,True,5,1,-9.358316,-9.586012,-38.77301
Footwear,2023-08-22,LIBERTSHOE,METROBRAND,True,5,1,0.6268382,20.261492,-15.933704
Footwear,2023-08-22,LIBERTSHOE,CAMPUS,True,5,1,-10.343999,-26.92939,-52.188004
Footwear,2024-01-18,LIBERTSHOE,BATAINDIA,True,5,1,-11.06627,-14.529419,-20.78539
Footwear,2024-01-18,LIBERTSHOE,RELAXO,True,5,1,-7.003987,-5.3851247,-19.6357
Footwear,2024-01-18,LIBERTSHOE,METROBRAND,True,5,1,-4.6581926,-9.352237,-6.9359303
Footwear,2024-01-18,LIBERTSHOE,CAMPUS,True,5,1,-17.281342,-20.512384,-12.219309
Footwear,2024-05-29,CAMPUS,BATAINDIA,True,5,1,-4.3467875,-13.317669,-13.865906
Footwear,2024-05-29,CAMPUS,RELAXO,True,5,1,-7.2084184,-16.721035,-25.25552
Footwear,2024-05-29,CAMPUS,METROBRAND,True,5,1,-3.8265224,2.409315,-12.658161
Footwear,2024-05-29,CAMPUS,LIBERTSHOE,False,5,1,17.253471,40.16186,46.738758
Footwear,2024-07-29,LIBERTSHOE,BATAINDIA,True,5,1,-12.477339,-12.354451,-11.242443
Footwear,2024-07-29,LIBERTSHOE,RELAXO,True,5,1,-9.821648,-11.364365,-27.149815
Footwear,2024-07-29,LIBERTSHOE,METROBRAND,False,5,1,-2.74297,-10.016478,-3.850871
Footwear,2024-07-29,LIBERTSHOE,CAMPUS,True,5,1,-10.003895,-4.9986897,-2.3797512
Footwear,2024-09-25,CAMPUS,BATAINDIA,True,5,1,3.3140304,-3.377211,3.9703312
Footwear,2024-09-25,CAMPUS,RELAXO,True,5,1,-1.2453556,-21.003723,-26.501757
Footwear,2024-09-25,CAMPUS,METROBRAND,True,5,1,-0.21188259,4.864776,6.534857
Footwear,2024-09-25,CAMPUS,LIBERTSHOE,False,5,1,5.589694,0.44137836,-24.043608
Footwear,2025-05-23,METROBRAND,BATAINDIA,True,5,1,-6.95861,-12.625069,-19.531124
Footwear,2025-05-23,METROBRAND,RELAXO,True,5,1,-10.056984,5.111408,-5.0810695
Footwear,2025-05-23,METROBRAND,CAMPUS,False,5,1,2.6864767,-3.841406,-1.7326117
Footwear,2025-05-23,METROBRAND,LIBERTSHOE,False,5,1,-13.381582,-32.313198,-35.979492
Footwear,2026-05-29,RELAXO,BATAINDIA,True,5,1,4.152131,-1.1222363,
Footwear,2026-05-29,RELAXO,METROBRAND,True,5,1,-2.063346,-16.835564,
Footwear,2026-05-29,RELAXO,CAMPUS,True,5,1,-8.809137,-15.814156,
Footwear,2026-05-29,RELAXO,LIBERTSHOE,False,5,1,13.480473,0.45950413,
Jewellery,2022-08-04,KALYANKJIL,TITAN,True,6,1,0.22050095,6.575,-12.325852
Jewellery,2022-08-04,KALYANKJIL,THANGAMAYL,True,6,1,-14.203787,-24.085075,-18.683344
Jewellery,2022-08-04,KALYANKJIL,RAJESHEXPO,True,6,1,-15.40587,3.2558794,23.535742
Jewellery,2022-10-12,RAJESHEXPO,TITAN,True,6,2,0.59092045,-4.660267,5.3019705
Jewellery,2022-10-12,RAJESHEXPO,THANGAMAYL,True,6,2,-23.36294,-17.352396,-11.187976
Jewellery,2023-05-22,THANGAMAYL,TITAN,True,6,1,1.6098266,-5.8586597,-3.7494907
Jewellery,2023-05-22,THANGAMAYL,KALYANKJIL,True,6,1,16.329252,87.35477,186.29509
Jewellery,2023-05-22,THANGAMAYL,RAJESHEXPO,True,6,1,-8.972841,-26.081234,-48.399563
Jewellery,2023-09-28,SENCO,TITAN,True,6,1,3.7170115,4.669321,3.646492
Jewellery,2023-09-28,SENCO,KALYANKJIL,False,6,1,27.580017,30.989052,47.909607
Jewellery,2023-09-28,SENCO,THANGAMAYL,False,6,1,8.443612,0.068330765,-19.105446
Jewellery,2023-09-28,SENCO,RAJESHEXPO,True,6,1,-6.2130156,-39.644035,-57.735233
Jewellery,2024-04-15,SENCO,TITAN,True,6,1,-11.156911,-29.897202,-18.0552
Jewellery,2024-04-15,SENCO,KALYANKJIL,False,6,1,-5.986148,0.9265785,50.10892
Jewellery,2024-04-15,SENCO,THANGAMAYL,True,6,1,-7.4437323,14.366531,64.22208
Jewellery,2024-04-15,SENCO,RAJESHEXPO,False,6,1,0.36578178,-19.887566,-24.669998
Jewellery,2024-06-21,"KALYANKJIL,THANGAMAYL",TITAN,True,6,2,-5.8802547,0.43834496,-8.78284
Jewellery,2024-06-21,"KALYANKJIL,THANGAMAYL",SENCO,False,6,2,-10.095632,10.158777,2.794361
Jewellery,2024-06-21,"KALYANKJIL,THANGAMAYL",RAJESHEXPO,True,6,2,2.4855971,-7.869994,-25.101727
Jewellery,2024-09-02,THANGAMAYL,TITAN,True,6,1,5.352354,-3.0167284,10.324759
Jewellery,2024-09-02,THANGAMAYL,KALYANKJIL,False,6,1,12.891209,17.960678,-0.042963028
Jewellery,2024-09-02,THANGAMAYL,SENCO,True,6,1,22.330666,6.2375546,-50.559402
Jewellery,2024-09-02,THANGAMAYL,RAJESHEXPO,True,6,1,-1.9383192,-17.112331,-24.981916
Jewellery,2025-06-26,TITAN,KALYANKJIL,True,6,1,9.213746,-9.952032,-7.5897098
Jewellery,2025-06-26,TITAN,SENCO,False,6,1,-3.3266604,3.1845927,-3.854817
Jewellery,2025-06-26,TITAN,PNGJL,True,6,1,1.4817953,8.203436,10.11107
Jewellery,2025-06-26,TITAN,THANGAMAYL,True,6,1,-2.086258,10.535156,105.16974
Jewellery,2025-06-26,TITAN,RAJESHEXPO,True,6,1,-2.530092,-5.6665897,2.0855129
Jewellery,2025-10-08,PNGJL,TITAN,True,6,1,5.9951186,17.386644,31.169254
Jewellery,2025-10-08,PNGJL,KALYANKJIL,False,6,1,7.4770455,4.4646683,-3.280676
Jewellery,2025-10-08,PNGJL,SENCO,True,6,1,-2.533275,-2.5883553,2.111578
Jewellery,2025-10-08,PNGJL,THANGAMAYL,True,6,1,69.40928,76.68457,119.954185
Jewellery,2025-10-08,PNGJL,RAJESHEXPO,True,6,1,-0.7148266,5.0108013,-34.78411
Jewellery,2025-12-19,RAJESHEXPO,TITAN,True,6,1,8.567739,16.547287,12.836492
Jewellery,2025-12-19,RAJESHEXPO,KALYANKJIL,True,6,1,-4.7282577,-11.299818,-23.566807
Jewellery,2025-12-19,RAJESHEXPO,SENCO,True,6,1,3.7136912,1.3498964,7.3197007
Jewellery,2025-12-19,RAJESHEXPO,PNGJL,True,6,1,-1.6094625,-0.5177727,-13.150925
Jewellery,2025-12-19,RAJESHEXPO,THANGAMAYL,False,6,1,9.760308,18.081034,80.67404
Jewellery,2026-04-08,TITAN,KALYANKJIL,False,6,1,-16.848957,-27.504576,14.6682625
Jewellery,2026-04-08,TITAN,SENCO,False,6,1,-6.994438,-15.4682045,-13.991749
Jewellery,2026-04-08,TITAN,PNGJL,True,6,1,3.101552,-25.374866,-18.239557
Jewellery,2026-04-08,TITAN,THANGAMAYL,False,6,1,-9.003758,38.822342,19.336473
Jewellery,2026-04-08,TITAN,RAJESHEXPO,False,6,1,9.682525,-28.149815,-49.848114
Jewellery,2026-06-04,THANGAMAYL,TITAN,True,6,1,1.8189192,15.692067,
Jewellery,2026-06-04,THANGAMAYL,KALYANKJIL,True,6,1,3.0881166,68.0161,
Jewellery,2026-06-04,THANGAMAYL,SENCO,True,6,1,-7.778722,-0.47813654,
Jewellery,2026-06-04,THANGAMAYL,PNGJL,False,6,1,-2.1173358,2.4423838,
Jewellery,2026-06-04,THANGAMAYL,RAJESHEXPO,False,6,1,-20.276415,-35.874313,
Consumer Durables (White Goods),2023-02-03,BLUESTARCO,VOLTAS,True,3,1,14.125197,-9.277362,-31.614471
Consumer Durables (White Goods),2023-02-03,BLUESTARCO,WHIRLPOOL,True,3,1,6.6063824,-2.6241422,-10.810507
Consumer Durables (White Goods),2023-08-10,WHIRLPOOL,VOLTAS,True,3,1,-0.39732456,-3.4349978,-5.462311
Consumer Durables (White Goods),2023-08-10,WHIRLPOOL,BLUESTARCO,False,3,1,-1.6797066,15.693617,14.898373
Consumer Durables (White Goods),2023-10-12,WHIRLPOOL,VOLTAS,True,3,2,-0.011450052,6.008602,18.880926
Consumer Durables (White Goods),2023-12-20,VOLTAS,BLUESTARCO,True,3,1,5.4058666,42.985973,61.01095
Consumer Durables (White Goods),2023-12-20,VOLTAS,WHIRLPOOL,True,3,1,-7.322324,-7.8648925,0.34426498
Consumer Durables (White Goods),2024-04-08,"VOLTAS,BLUESTARCO",WHIRLPOOL,True,3,2,-0.88979006,26.147148,22.433304
Consumer Durables (White Goods),2024-06-12,WHIRLPOOL,VOLTAS,False,3,1,-4.482043,9.946346,4.296339
Consumer Durables (White Goods),2024-06-12,WHIRLPOOL,BLUESTARCO,False,3,1,-5.3153515,-8.763016,2.972889
Consumer Durables (White Goods),2024-08-12,VOLTAS,BLUESTARCO,True,3,1,7.30536,13.281584,19.376938
Consumer Durables (White Goods),2024-08-12,VOLTAS,WHIRLPOOL,False,3,1,-1.2011766,-5.2751245,-14.31787
Consumer Durables (White Goods),2025-01-01,BLUESTARCO,VOLTAS,True,3,1,-8.7050085,-4.349119,-25.835497
Consumer Durables (White Goods),2025-01-01,BLUESTARCO,WHIRLPOOL,False,3,1,-2.5550184,-27.537472,-18.983232
Consumer Durables (White Goods),2026-02-09,BLUESTARCO,VOLTAS,True,3,1,2.7418795,-4.863435,-18.358236
Consumer Durables (White Goods),2026-02-09,BLUESTARCO,WHIRLPOOL,False,3,1,7.1030445,10.490131,-16.31142
Consumer Durables (White Goods),2026-08-27,WHIRLPOOL,VOLTAS,True,3,1,-7.8025465,,
Consumer Durables (White Goods),2026-08-27,WHIRLPOOL,BLUESTARCO,True,3,1,2.6181638,,
Electricals (FMEG),2022-08-02,VGUARD,HAVELLS,True,5,1,4.8404098,-11.634278,-13.003856
Electricals (FMEG),2022-08-02,VGUARD,CROMPTON,True,5,1,-1.5090823,-11.645376,-25.426727
Electricals (FMEG),2022-08-02,VGUARD,ORIENTELEC,False,5,1,-6.0252666,-0.6947875,-5.9548855
Electricals (FMEG),2022-08-02,VGUARD,BAJAJELEC,False,5,1,0.54746866,-4.629731,-8.867717
Electricals (FMEG),2022-11-02,VGUARD,HAVELLS,True,5,1,-0.075376034,-3.3448815,1.1261344
Electricals (FMEG),2022-11-02,VGUARD,CROMPTON,True,5,1,-3.3839583,-10.188585,-24.03519
Electricals (FMEG),2022-11-02,VGUARD,ORIENTELEC,True,5,1,0.73599815,-3.874594,-28.527176
Electricals (FMEG),2022-11-02,VGUARD,BAJAJELEC,True,5,1,-7.6622844,-3.2644212,-9.525526
Electricals (FMEG),2023-05-05,HAVELLS,CROMPTON,True,5,1,1.784873,-1.8370628,-20.039797
Electricals (FMEG),2023-05-05,HAVELLS,VGUARD,True,5,1,-3.4955263,-1.6566515,-7.797003
Electricals (FMEG),2023-05-05,HAVELLS,ORIENTELEC,False,5,1,4.295146,-12.350428,-31.053936
Electricals (FMEG),2023-05-05,HAVELLS,BAJAJELEC,True,5,1,-5.351263,-9.862768,-38.95942
Electricals (FMEG),2023-07-10,ORIENTELEC,HAVELLS,True,5,2,-4.2164326,-7.367396,-20.774794
Electricals (FMEG),2023-07-10,ORIENTELEC,CROMPTON,True,5,2,-2.8700352,-8.372819,-21.671654
Electricals (FMEG),2023-07-10,ORIENTELEC,BAJAJELEC,True,5,2,-5.9773207,-25.671648,-43.740852
Electricals (FMEG),2023-12-19,ORIENTELEC,HAVELLS,True,5,1,-2.3991227,2.2254467,17.605316
Electricals (FMEG),2023-12-19,ORIENTELEC,CROMPTON,True,5,1,1.6128659,-6.404442,20.656513
Electricals (FMEG),2023-12-19,ORIENTELEC,VGUARD,True,5,1,-5.0741196,11.319399,20.974731
Electricals (FMEG),2023-12-19,ORIENTELEC,BAJAJELEC,True,5,1,-1.6571283,-8.24979,-21.130955
Electricals (FMEG),2024-02-28,"HAVELLS,VGUARD",CROMPTON,True,5,2,-2.4320607,28.08057,31.299759
Electricals (FMEG),2024-02-28,"HAVELLS,VGUARD",ORIENTELEC,True,5,2,-0.9569526,-1.7499328,10.8456955
Electricals (FMEG),2024-02-28,"HAVELLS,VGUARD",BAJAJELEC,True,5,2,-3.6182408,-12.575883,-20.268642
Electricals (FMEG),2024-05-15,VGUARD,HAVELLS,True,5,1,-0.8247256,-9.575356,-19.099749
Electricals (FMEG),2024-05-15,VGUARD,CROMPTON,True,5,1,19.71128,15.082871,6.9284554
Electricals (FMEG),2024-05-15,VGUARD,ORIENTELEC,True,5,1,7.0965533,7.3497057,1.1053085
Electricals (FMEG),2024-05-15,VGUARD,BAJAJELEC,True,5,1,3.547502,-10.95345,-21.29764
Electricals (FMEG),2026-02-26,ORIENTELEC,HAVELLS,True,5,1,-4.2386236,-21.99499,-25.300331
Electricals (FMEG),2026-02-26,ORIENTELEC,CROMPTON,True,5,1,1.207262,4.8528314,-18.472862
Electricals (FMEG),2026-02-26,ORIENTELEC,VGUARD,True,5,1,12.361753,-5.8293223,-4.6632414
Electricals (FMEG),2026-02-26,ORIENTELEC,BAJAJELEC,True,5,1,5.814767,-11.211443,-14.100403
Electricals (FMEG),2026-05-08,CROMPTON,HAVELLS,True,5,1,-6.532651,-1.3179064,
Electricals (FMEG),2026-05-08,CROMPTON,VGUARD,True,5,1,-4.5130196,-6.855661,
Electricals (FMEG),2026-05-08,CROMPTON,ORIENTELEC,False,5,1,-3.4796596,-8.961136,
Electricals (FMEG),2026-05-08,CROMPTON,BAJAJELEC,False,5,1,-21.457773,-19.750917,
Electronics Mfg (EMS),2022-08-15,CENTUM,DIXON,True,5,1,7.6265574,9.5270405,-36.2411
Electronics Mfg (EMS),2022-10-31,CENTUM,DIXON,True,5,1,-6.6072702,-24.973064,-38.444054
Electronics Mfg (EMS),2022-10-31,CENTUM,SYRMA,False,5,1,0.9844899,-4.8121634,8.568489
Electronics Mfg (EMS),2022-12-27,CENTUM,DIXON,True,5,1,-12.8986,-20.671822,-7.762325
Electronics Mfg (EMS),2022-12-27,CENTUM,KAYNES,False,5,1,8.981943,35.943077,116.14345
Electronics Mfg (EMS),2022-12-27,CENTUM,SYRMA,True,5,1,-4.087967,8.576071,42.0689
Electronics Mfg (EMS),2023-02-22,KAYNES,DIXON,False,5,1,10.889762,-1.7834187,50.899292
Electronics Mfg (EMS),2023-02-22,KAYNES,SYRMA,True,5,1,5.4227886,11.954355,43.43493
Electronics Mfg (EMS),2023-02-22,KAYNES,CENTUM,False,5,1,8.279747,44.75992,178.74583
Electronics Mfg (EMS),2023-05-17,"KAYNES,SYRMA",DIXON,True,5,2,40.93127,47.334244,54.446205
Electronics Mfg (EMS),2023-05-17,"KAYNES,SYRMA",AVALON,False,5,2,22.710598,31.91166,-14.399278
Electronics Mfg (EMS),2023-05-17,"KAYNES,SYRMA",CENTUM,False,5,2,43.54888,79.382744,52.56716
Electronics Mfg (EMS),2023-07-13,AVALON,DIXON,False,5,1,4.922915,5.164254,24.04524
Electronics Mfg (EMS),2023-07-13,AVALON,KAYNES,False,5,1,-5.0332904,32.83646,15.602041
Electronics Mfg (EMS),2023-07-13,AVALON,SYRMA,False,5,1,-8.403885,17.607521,1.2875671
Electronics Mfg (EMS),2023-07-13,AVALON,CENTUM,False,5,1,6.2253833,-14.98279,-28.87534
Electronics Mfg (EMS),2023-10-05,SYRMA,DIXON,False,5,1,7.4591875,15.319942,26.272308
Electronics Mfg (EMS),2023-10-05,SYRMA,KAYNES,False,5,1,-5.6380634,-13.970268,-10.576081
Electronics Mfg (EMS),2023-10-05,SYRMA,AVALON,False,5,1,-13.529438,-21.117449,-30.921124
Electronics Mfg (EMS),2023-10-05,SYRMA,CENTUM,False,5,1,3.543818,-12.401009,8.426774
Electronics Mfg (EMS),2024-01-04,CENTUM,DIXON,True,5,1,-10.275179,19.093273,68.107376
Electronics Mfg (EMS),2024-01-04,CENTUM,KAYNES,True,5,1,5.599844,19.731796,37.293373
Electronics Mfg (EMS),2024-01-04,CENTUM,SYRMA,False,5,1,-14.533186,-25.006191,-42.756504
Electronics Mfg (EMS),2024-01-04,CENTUM,AVALON,True,5,1,-10.5469885,-8.031183,-22.7151
Electronics Mfg (EMS),2024-03-05,KAYNES,DIXON,True,5,2,13.060797,25.219084,66.38891
Electronics Mfg (EMS),2024-03-05,KAYNES,SYRMA,False,5,2,-6.1729608,-15.450466,-38.754486
Electronics Mfg (EMS),2024-03-05,KAYNES,AVALON,True,5,2,-1.132685,-11.071241,-20.728706
Electronics Mfg (EMS),2024-05-17,DIXON,KAYNES,True,5,1,17.91407,26.23937,70.25216
Electronics Mfg (EMS),2024-05-17,DIXON,SYRMA,False,5,1,12.42602,-7.77185,13.682305
Electronics Mfg (EMS),2024-05-17,DIXON,AVALON,True,5,1,0.9454608,-15.85061,5.4287786
Electronics Mfg (EMS),2024-05-17,DIXON,CENTUM,False,5,1,-14.918983,-25.126614,-14.964045
Electronics Mfg (EMS),2024-08-16,KAYNES,DIXON,False,5,1,-1.4428258,23.29235,23.922098
Electronics Mfg (EMS),2024-08-16,KAYNES,SYRMA,False,5,1,7.1044207,30.62452,41.25231
Electronics Mfg (EMS),2024-08-16,KAYNES,AVALON,False,5,1,4.0229797,59.35565,39.824806
Electronics Mfg (EMS),2024-08-16,KAYNES,CENTUM,True,5,1,5.54173,11.680472,15.582633
Electronics Mfg (EMS),2024-10-29,SYRMA,DIXON,False,5,1,2.0704746,1.0037005,19.361692
Electronics Mfg (EMS),2024-10-29,SYRMA,KAYNES,False,5,1,10.019708,4.570377,19.631952
Electronics Mfg (EMS),2024-10-29,SYRMA,AVALON,False,5,1,54.19581,29.846226,50.986473
Electronics Mfg (EMS),2024-10-29,SYRMA,CENTUM,True,5,1,-12.761778,11.173474,5.668318
Electronics Mfg (EMS),2025-05-13,SYRMA,DIXON,False,5,1,-16.865713,-2.452612,-13.1064415
Electronics Mfg (EMS),2025-05-13,SYRMA,KAYNES,False,5,1,-20.40741,-5.7005525,-1.9702435
Electronics Mfg (EMS),2025-05-13,SYRMA,AVALON,False,5,1,-9.870506,-6.266761,30.643059
Electronics Mfg (EMS),2025-05-13,SYRMA,CENTUM,False,5,1,5.3516026,-1.4668584,15.728878
Electronics Mfg (EMS),2025-07-09,SYRMA,DIXON,True,5,1,9.371561,10.230839,-17.877562
Electronics Mfg (EMS),2025-07-09,SYRMA,KAYNES,True,5,1,2.7658043,23.700392,-28.2203
Electronics Mfg (EMS),2025-07-09,SYRMA,AVALON,True,5,1,7.229763,34.30699,3.9650857
Electronics Mfg (EMS),2025-07-09,SYRMA,CENTUM,False,5,1,6.8803844,16.110289,9.964228
Electronics Mfg (EMS),2025-10-07,AVALON,DIXON,True,5,1,-12.229395,-26.763512,-23.52302
Electronics Mfg (EMS),2025-10-07,AVALON,KAYNES,False,5,1,-13.058138,-43.251545,-37.487312
Electronics Mfg (EMS),2025-10-07,AVALON,SYRMA,False,5,1,-8.703107,-10.220331,7.766259
Electronics Mfg (EMS),2025-10-07,AVALON,CENTUM,False,5,1,-7.0286274,-6.232786,27.482033
Electronics Mfg (EMS),2026-02-20,CENTUM,DIXON,False,5,1,0.023662567,-11.352306,6.598962
Electronics Mfg (EMS),2026-02-20,CENTUM,KAYNES,False,5,1,0.5875168,-18.404108,-11.961615
Electronics Mfg (EMS),2026-02-20,CENTUM,SYRMA,False,5,1,-0.54915524,12.348484,49.98784
Electronics Mfg (EMS),2026-02-20,CENTUM,AVALON,False,5,1,2.55447,23.352015,75.29425
Electronics Mfg (EMS),2026-05-07,AVALON,DIXON,False,5,1,5.7844105,28.741562,
Electronics Mfg (EMS),2026-05-07,AVALON,KAYNES,True,5,1,-25.350756,-18.349285,
Electronics Mfg (EMS),2026-05-07,AVALON,SYRMA,False,5,1,13.526685,24.973034,
Electronics Mfg (EMS),2026-05-07,AVALON,CENTUM,False,5,1,20.008307,15.953791,
Electronics Mfg (EMS),2026-08-07,AVALON,DIXON,False,5,1,-0.16499758,,
Electronics Mfg (EMS),2026-08-07,AVALON,KAYNES,True,5,1,-7.1448207,,
Electronics Mfg (EMS),2026-08-07,AVALON,SYRMA,False,5,1,1.8415213,,
Electronics Mfg (EMS),2026-08-07,AVALON,CENTUM,False,5,1,-2.640468,,
QSR,2022-07-29,"DEVYANI,WESTLIFE",JUBLFOOD,True,4,2,5.1905627,-1.0694022,-21.573353
QSR,2022-07-29,"DEVYANI,WESTLIFE",SAPPHIRE,False,4,2,15.26667,29.071022,10.410952
QSR,2022-11-07,WESTLIFE,JUBLFOOD,True,4,1,-12.9689455,-16.378807,-27.0778
QSR,2022-11-07,WESTLIFE,DEVYANI,True,4,1,-0.3784418,-13.014322,-14.683586
QSR,2022-11-07,WESTLIFE,SAPPHIRE,True,4,1,-8.068496,-6.993151,-13.949829
QSR,2023-05-03,SAPPHIRE,JUBLFOOD,True,4,1,1.8617272,-14.211608,-16.666077
QSR,2023-05-03,SAPPHIRE,DEVYANI,True,4,1,2.1290064,-4.486168,-12.143312
QSR,2023-05-03,SAPPHIRE,WESTLIFE,True,4,1,-2.8582573,-0.72192,-10.809301
QSR,2023-07-28,WESTLIFE,JUBLFOOD,True,4,1,-2.9863596,-2.6670218,-19.246758
QSR,2023-07-28,WESTLIFE,DEVYANI,True,4,1,-7.3541346,-10.542477,-35.08379
QSR,2023-07-28,WESTLIFE,SAPPHIRE,True,4,1,-5.5750966,-11.674261,-30.257113
QSR,2024-03-20,SAPPHIRE,JUBLFOOD,False,4,1,-10.348212,8.252537,19.932724
QSR,2024-03-20,SAPPHIRE,DEVYANI,False,4,1,-8.971464,-4.4219856,-19.812965
QSR,2024-03-20,SAPPHIRE,WESTLIFE,True,4,1,1.8432026,-8.781755,-24.634373
QSR,2024-06-06,DEVYANI,JUBLFOOD,True,4,1,-4.406082,6.350456,6.7925453
QSR,2024-06-06,DEVYANI,SAPPHIRE,True,4,1,-4.023159,-8.681667,-90.664764
QSR,2024-06-06,DEVYANI,WESTLIFE,True,4,1,-11.764801,-13.893486,-25.455338
QSR,2024-08-01,SAPPHIRE,JUBLFOOD,True,4,1,7.2160482,0.028860569,15.873712
QSR,2024-08-01,SAPPHIRE,DEVYANI,True,4,1,-0.08161068,-1.2081983,10.790473
QSR,2024-08-01,SAPPHIRE,WESTLIFE,True,4,1,3.2062173,-2.1796463,-7.512599
QSR,2024-09-27,WESTLIFE,JUBLFOOD,True,4,2,-9.484368,0.2999246,5.7955093
QSR,2024-09-27,WESTLIFE,SAPPHIRE,False,4,2,-4.7569637,-10.981565,-4.1908627
QSR,2024-12-27,DEVYANI,JUBLFOOD,True,4,1,2.3468971,6.7016954,0.42203665
QSR,2024-12-27,DEVYANI,SAPPHIRE,True,4,1,-0.06532669,0.29163933,-2.5413332
QSR,2024-12-27,DEVYANI,WESTLIFE,False,4,1,-1.6776209,-1.937706,-9.364707
QSR,2026-08-04,WESTLIFE,JUBLFOOD,True,4,1,4.046917,,
QSR,2026-08-04,WESTLIFE,DEVYANI,True,4,1,15.691161,,
QSR,2026-08-04,WESTLIFE,SAPPHIRE,True,4,1,19.458866,,
Hotels,2022-04-07,MHRIL,CHALET,False,5,4,4.8920274,24.66666,18.233448
Hotels,2022-07-04,CHALET,INDHOTEL,True,5,1,7.671356,27.893938,13.977932
Hotels,2022-07-04,CHALET,EIHOTEL,False,5,1,9.182871,37.0114,14.685226
Hotels,2022-07-04,CHALET,LEMONTREE,True,5,1,-1.5057201,12.415171,4.0921803
Hotels,2022-07-04,CHALET,MHRIL,False,5,1,-7.411098,2.8303375,-3.3891563
Hotels,2022-09-02,"EIHOTEL,MHRIL",INDHOTEL,False,5,3,14.056475,6.3518996,6.7566214
Hotels,2022-09-02,"EIHOTEL,MHRIL",CHALET,True,5,3,8.621019,6.821609,12.018793
Hotels,2023-04-12,MHRIL,INDHOTEL,True,5,1,6.739354,1.472044,-4.79957
Hotels,2023-04-12,MHRIL,EIHOTEL,True,5,1,16.578842,17.360878,11.8932
Hotels,2023-04-12,MHRIL,LEMONTREE,True,5,1,12.504458,4.152584,13.937889
Hotels,2023-04-12,MHRIL,CHALET,True,5,1,9.414947,9.652889,23.294327
Hotels,2023-07-13,MHRIL,INDHOTEL,True,5,1,-8.052832,-6.8686366,-14.502848
Hotels,2023-07-13,MHRIL,EIHOTEL,False,5,1,-6.835699,-3.73528,-10.7310295
Hotels,2023-07-13,MHRIL,LEMONTREE,True,5,1,-1.9087553,9.812629,-8.274328
Hotels,2023-07-13,MHRIL,CHALET,True,5,1,-0.7099509,15.328431,17.507555
Hotels,2023-10-06,CHALET,INDHOTEL,True,5,1,-3.2197118,-6.1704154,20.454979
Hotels,2023-10-06,CHALET,EIHOTEL,True,5,1,-2.0121217,-4.3369765,67.041214
Hotels,2023-10-06,CHALET,LEMONTREE,False,5,1,-10.276771,-15.385681,-6.7797537
Hotels,2023-10-06,CHALET,MHRIL,False,5,1,-12.59858,-30.172146,-28.512102
Hotels,2023-12-13,CHALET,INDHOTEL,True,5,1,-2.124405,23.217749,15.192556
Hotels,2023-12-13,CHALET,EIHOTEL,True,5,1,6.607807,68.31376,65.70602
Hotels,2023-12-13,CHALET,LEMONTREE,True,5,1,4.338682,7.4851875,0.8570423
Hotels,2023-12-13,CHALET,MHRIL,True,5,1,-5.676782,-5.0747514,-11.787344
Hotels,2024-02-07,EIHOTEL,INDHOTEL,True,5,2,14.758682,8.154726,12.217783
Hotels,2024-02-07,EIHOTEL,LEMONTREE,True,5,2,8.387888,11.304808,-0.14371872
Hotels,2024-02-07,EIHOTEL,CHALET,False,5,2,0.21599531,5.459821,-7.20619
Hotels,2024-04-29,LEMONTREE,INDHOTEL,True,5,1,0.3019035,1.1077881,8.776939
Hotels,2024-04-29,LEMONTREE,EIHOTEL,False,5,1,-5.8888435,-22.32687,-23.778736
Hotels,2024-04-29,LEMONTREE,CHALET,False,5,1,-10.204303,-16.652603,-15.513432
Hotels,2024-04-29,LEMONTREE,MHRIL,True,5,1,-6.196451,-8.343542,-31.757324
Hotels,2024-11-08,INDHOTEL,EIHOTEL,True,5,1,10.163951,14.003396,19.242155
Hotels,2024-11-08,INDHOTEL,LEMONTREE,True,5,1,11.839784,22.696877,23.093067
Hotels,2024-11-08,INDHOTEL,CHALET,True,5,1,0.015676022,-0.8313303,7.038128
Hotels,2024-11-08,INDHOTEL,MHRIL,True,5,1,0.15655756,1.096612,0.23580742
Hotels,2025-05-14,CHALET,INDHOTEL,True,5,1,-8.60231,-6.6266418,-10.447663
Hotels,2025-05-14,CHALET,EIHOTEL,True,5,1,-6.1447387,-3.6308408,0.7462745
Hotels,2025-05-14,CHALET,LEMONTREE,True,5,1,-7.335079,0.07504225,13.294102
Hotels,2025-05-14,CHALET,MHRIL,False,5,1,-5.698121,-2.8755069,-12.693245
Hotels,2025-07-10,LEMONTREE,INDHOTEL,True,5,1,4.514939,0.7776916,5.124914
Hotels,2025-07-10,LEMONTREE,EIHOTEL,True,5,1,-0.9883342,4.5517387,2.5707722
Hotels,2025-07-10,LEMONTREE,CHALET,True,5,1,5.431515,13.651448,6.286454
Hotels,2025-07-10,LEMONTREE,MHRIL,True,5,1,4.1592484,-0.14954805,-6.152231
Hotels,2026-08-25,CHALET,INDHOTEL,True,5,1,1.2983859,,
Hotels,2026-08-25,CHALET,EIHOTEL,True,5,1,0.8220732,,
Hotels,2026-08-25,CHALET,LEMONTREE,True,5,1,-1.1144042,,
Hotels,2026-08-25,CHALET,MHRIL,True,5,1,-8.699721,,
Airlines / Airports,2025-04-08,GMRAIRPORT,INDIGO,True,2,1,-0.97643137,-7.3892117,-7.2934856
Airlines / Airports,2025-11-18,GMRAIRPORT,INDIGO,True,2,1,-9.324635,-12.942791,-28.482002
Airlines / Airports,2026-06-26,INDIGO,GMRAIRPORT,True,2,1,-1.2192905,-10.606659,
Media / OTT / Films,2022-08-24,SUNTV,ZEEL,True,6,1,-2.203846,-2.2598982,-11.936581
Media / OTT / Films,2022-08-24,SUNTV,NAZARA,False,6,1,15.920067,-0.39316416,-5.6922674
Media / OTT / Films,2022-08-24,SUNTV,SAREGAMA,True,6,1,-15.557634,-11.581934,-10.545195
Media / OTT / Films,2022-08-24,SUNTV,TIPSINDLTD,False,6,1,-5.0901294,17.765581,4.749906
Media / OTT / Films,2023-05-25,NAZARA,ZEEL,True,6,1,-6.681001,36.203804,22.268234
Media / OTT / Films,2023-05-25,NAZARA,SUNTV,True,6,1,-7.2320404,8.466732,33.268665
Media / OTT / Films,2023-05-25,NAZARA,SAREGAMA,True,6,1,25.27145,8.501019,-18.253471
Media / OTT / Films,2023-05-25,NAZARA,TIPSINDLTD,False,6,1,32.30536,63.03047,78.90167
Media / OTT / Films,2023-08-02,PVRINOX,ZEEL,False,6,3,11.233877,4.2090416,-18.971443
Media / OTT / Films,2023-08-02,PVRINOX,NAZARA,True,6,3,2.4565701,4.644406,1.141262
Media / OTT / Films,2023-08-02,PVRINOX,TIPSINDLTD,False,6,3,0.7840991,1.6504049,-7.7451706
Media / OTT / Films,2023-12-11,ZEEL,SUNTV,True,6,1,4.641032,-13.273203,-12.070751
Media / OTT / Films,2023-12-11,ZEEL,PVRINOX,True,6,1,-17.752981,-34.442078,-41.084213
Media / OTT / Films,2023-12-11,ZEEL,NAZARA,True,6,1,0.63833,-18.298435,-32.465565
Media / OTT / Films,2023-12-11,ZEEL,SAREGAMA,False,6,1,-11.988383,-2.2529364,23.237167
Media / OTT / Films,2023-12-11,ZEEL,TIPSINDLTD,True,6,1,-7.8756213,23.933578,0.12379837
Media / OTT / Films,2024-02-16,SAREGAMA,ZEEL,False,6,1,-10.459345,-22.361141,-34.124107
Media / OTT / Films,2024-02-16,SAREGAMA,SUNTV,True,6,1,3.6386375,13.579113,32.873013
Media / OTT / Films,2024-02-16,SAREGAMA,PVRINOX,False,6,1,3.912694,-6.7226048,-12.006807
Media / OTT / Films,2024-02-16,SAREGAMA,NAZARA,True,6,1,-11.746025,-27.216505,-2.8880596
Media / OTT / Films,2024-02-16,SAREGAMA,TIPSINDLTD,False,6,1,2.0940132,-12.28807,13.3447895
Media / OTT / Films,2024-04-18,SAREGAMA,ZEEL,False,6,1,-11.020655,-14.656068,-28.191574
Media / OTT / Films,2024-04-18,SAREGAMA,SUNTV,True,6,1,7.3276167,17.255745,13.137091
Media / OTT / Films,2024-04-18,SAREGAMA,PVRINOX,True,6,1,-10.225815,-13.969553,-7.73983
Media / OTT / Films,2024-04-18,SAREGAMA,NAZARA,False,6,1,-6.563216,25.255203,31.435812
Media / OTT / Films,2024-04-18,SAREGAMA,TIPSINDLTD,False,6,1,-7.3654413,-1.8228664,
Media / OTT / Films,2024-07-01,PVRINOX,ZEEL,True,6,3,-10.595298,-25.19492,-14.441406
Media / OTT / Films,2024-07-01,PVRINOX,SAREGAMA,False,6,3,-4.952091,-15.192145,-12.865591
Media / OTT / Films,2024-07-01,PVRINOX,TIPSINDLTD,False,6,3,36.769985,52.242886,
Media / OTT / Films,2024-09-13,NAZARA,ZEEL,True,6,1,-3.1418622,9.97454,-5.2225533
Media / OTT / Films,2024-09-13,NAZARA,SUNTV,True,6,1,-3.8992822,-8.910328,-7.1811028
Media / OTT / Films,2024-09-13,NAZARA,PVRINOX,True,6,1,-0.97608566,-10.967779,-20.800686
Media / OTT / Films,2024-09-13,NAZARA,SAREGAMA,True,6,1,21.228844,3.1026244,19.909405
Media / OTT / Films,2024-09-13,NAZARA,TIPSINDLTD,False,6,1,,,
Media / OTT / Films,2025-05-08,NAZARA,ZEEL,True,6,1,2.6098127,-6.7169065,-21.372843
Media / OTT / Films,2025-05-08,NAZARA,SUNTV,True,6,1,-8.25926,-18.539774,-19.865286
Media / OTT / Films,2025-05-08,NAZARA,PVRINOX,False,6,1,-0.863266,-5.8239694,13.125277
Media / OTT / Films,2025-05-08,NAZARA,SAREGAMA,False,6,1,-6.300676,-24.694538,-30.687326
Media / OTT / Films,2026-01-02,NAZARA,ZEEL,True,6,1,-3.521078,-0.87133026,38.77597
Media / OTT / Films,2026-01-02,NAZARA,SUNTV,True,6,1,3.232068,14.418661,-7.6539755
Media / OTT / Films,2026-01-02,NAZARA,PVRINOX,True,6,1,2.504045,8.359289,-8.179712
Media / OTT / Films,2026-01-02,NAZARA,SAREGAMA,False,6,1,2.0847383,9.5984335,32.266083
Media / OTT / Films,2026-05-14,SAREGAMA,ZEEL,False,6,1,36.703194,1.2813568,
Media / OTT / Films,2026-05-14,SAREGAMA,SUNTV,True,6,1,0.47294497,-10.328114,
Media / OTT / Films,2026-05-14,SAREGAMA,PVRINOX,True,6,1,-6.6892743,5.0195103,
Media / OTT / Films,2026-05-14,SAREGAMA,NAZARA,True,6,1,6.6671014,25.095272,
Media / OTT / Films,2026-07-27,PVRINOX,ZEEL,False,6,1,-6.144285,,
Media / OTT / Films,2026-07-27,PVRINOX,SUNTV,True,6,1,-6.285697,,
Media / OTT / Films,2026-07-27,PVRINOX,NAZARA,True,6,1,12.480151,,
Media / OTT / Films,2026-07-27,PVRINOX,SAREGAMA,False,6,1,-3.1357467,,
Media / OTT / Films,2026-09-24,SUNTV,ZEEL,False,6,1,,,
Media / OTT / Films,2026-09-24,SUNTV,PVRINOX,False,6,1,,,
Media / OTT / Films,2026-09-24,SUNTV,NAZARA,True,6,1,,,
Media / OTT / Films,2026-09-24,SUNTV,SAREGAMA,True,6,1,,,
Personal Care / FMCG,2022-07-07,JYOTHYLAB,HINDUNILVR,True,7,1,-0.35563707,-1.3148537,-4.0911922
Personal Care / FMCG,2022-07-07,JYOTHYLAB,DABUR,True,7,1,-1.0397792,-8.320605,-9.239495
Personal Care / FMCG,2022-07-07,JYOTHYLAB,MARICO,True,7,1,-0.100409985,-4.710471,-16.099573
Personal Care / FMCG,2022-07-07,JYOTHYLAB,GODREJCP,True,7,1,-6.711161,-7.332277,-10.13744
Personal Care / FMCG,2022-07-07,JYOTHYLAB,COLPAL,True,7,1,-5.031097,-10.2207775,-13.655657
Personal Care / FMCG,2022-07-07,JYOTHYLAB,EMAMILTD,True,7,1,-8.865994,-4.860317,-23.73994
Personal Care / FMCG,2022-09-22,MARICO,HINDUNILVR,True,7,2,-1.4514923,-4.6969414,-4.0638213
Personal Care / FMCG,2022-09-22,MARICO,DABUR,True,7,2,-4.9370346,-1.6470909,-3.984344
Personal Care / FMCG,2022-09-22,MARICO,GODREJCP,True,7,2,-6.6872177,-3.9874196,4.2906466
Personal Care / FMCG,2022-09-22,MARICO,EMAMILTD,True,7,2,-3.0083778,-16.677952,-19.096918
Personal Care / FMCG,2022-09-22,MARICO,JYOTHYLAB,True,7,2,10.547155,9.3610525,9.22668
Personal Care / FMCG,2023-05-11,"MARICO,JYOTHYLAB",HINDUNILVR,True,7,2,-1.9961834,-17.996,-23.223816
Personal Care / FMCG,2023-05-11,"MARICO,JYOTHYLAB",DABUR,True,7,2,0.7608175,-9.711253,-21.007942
Personal Care / FMCG,2023-05-11,"MARICO,JYOTHYLAB",GODREJCP,True,7,2,2.2969842,-13.164114,-20.662498
Personal Care / FMCG,2023-05-11,"MARICO,JYOTHYLAB",COLPAL,True,7,2,-5.669689,6.2472115,6.3561077
Personal Care / FMCG,2023-05-11,"MARICO,JYOTHYLAB",EMAMILTD,True,7,2,-4.855776,-0.37348175,16.235151
Personal Care / FMCG,2023-07-25,JYOTHYLAB,HINDUNILVR,True,7,1,-5.1386175,-15.484201,-27.852367
Personal Care / FMCG,2023-07-25,JYOTHYLAB,DABUR,True,7,1,-3.9210558,-19.961077,-31.910997
Personal Care / FMCG,2023-07-25,JYOTHYLAB,MARICO,True,7,1,-1.6804814,-14.09204,-30.135351
Personal Care / FMCG,2023-07-25,JYOTHYLAB,GODREJCP,True,7,1,-4.795873,-18.659973,-15.949618
Personal Care / FMCG,2023-07-25,JYOTHYLAB,COLPAL,True,7,1,-2.9039502,-6.001913,0.44187355
Personal Care / FMCG,2023-07-25,JYOTHYLAB,EMAMILTD,True,7,1,22.092533,9.048641,8.43215
Personal Care / FMCG,2023-11-13,JYOTHYLAB,HINDUNILVR,True,7,1,-6.7391634,-24.62111,-36.721184
Personal Care / FMCG,2023-11-13,JYOTHYLAB,DABUR,True,7,1,-3.919804,-21.584724,-30.964542
Personal Care / FMCG,2023-11-13,JYOTHYLAB,MARICO,True,7,1,-3.996563,-21.832155,-27.58677
Personal Care / FMCG,2023-11-13,JYOTHYLAB,GODREJCP,True,7,1,-1.4053583,1.9884586,-2.348196
Personal Care / FMCG,2023-11-13,JYOTHYLAB,COLPAL,True,7,1,-0.29928684,-3.2744045,6.1782722
Personal Care / FMCG,2023-11-13,JYOTHYLAB,EMAMILTD,True,7,1,-8.22885,-23.626709,-31.15723
Personal Care / FMCG,2024-02-01,GODREJCP,HINDUNILVR,True,7,1,-1.2335598,-12.804521,-4.8358555
Personal Care / FMCG,2024-02-01,GODREJCP,DABUR,True,7,1,-1.6864836,-11.639875,0.7740383
Personal Care / FMCG,2024-02-01,GODREJCP,MARICO,True,7,1,-1.255399,-7.8136563,12.229622
Personal Care / FMCG,2024-02-01,GODREJCP,COLPAL,True,7,1,2.1773398,8.843005,9.1455345
Personal Care / FMCG,2024-02-01,GODREJCP,EMAMILTD,True,7,1,-5.2936974,-9.729755,43.28382
Personal Care / FMCG,2024-02-01,GODREJCP,JYOTHYLAB,False,7,1,-7.836467,-21.986317,-21.190607
Personal Care / FMCG,2024-04-02,COLPAL,HINDUNILVR,True,7,1,-8.618421,-7.9713225,-0.09585762
Personal Care / FMCG,2024-04-02,COLPAL,DABUR,True,7,1,-10.645002,-2.7183294,-1.5755653
Personal Care / FMCG,2024-04-02,COLPAL,MARICO,True,7,1,-2.3509264,8.922302,12.920071
Personal Care / FMCG,2024-04-02,COLPAL,GODREJCP,True,7,1,-5.3025723,-0.57660294,-5.060936
Personal Care / FMCG,2024-04-02,COLPAL,EMAMILTD,True,7,1,3.6767845,46.132744,42.695232
Personal Care / FMCG,2024-04-02,COLPAL,JYOTHYLAB,False,7,1,-12.757074,-24.222809,-9.260822
Personal Care / FMCG,2024-05-30,EMAMILTD,HINDUNILVR,True,7,4,-5.273569,-0.3219242,-9.91205
Personal Care / FMCG,2024-05-30,EMAMILTD,COLPAL,True,7,4,-2.5969868,17.1888,-9.115386
Personal Care / FMCG,2024-05-30,EMAMILTD,JYOTHYLAB,True,7,4,-10.502226,18.457546,-8.503914
Personal Care / FMCG,2024-07-25,JYOTHYLAB,HINDUNILVR,True,7,1,-0.045585632,-2.7714968,-7.5085278
Personal Care / FMCG,2024-07-25,JYOTHYLAB,DABUR,True,7,1,-0.83903074,-13.225043,-15.664213
Personal Care / FMCG,2024-07-25,JYOTHYLAB,MARICO,True,7,1,-2.0297527,-5.2517357,2.1227598
Personal Care / FMCG,2024-07-25,JYOTHYLAB,GODREJCP,True,7,1,-5.8965325,-12.90558,-18.37504
Personal Care / FMCG,2024-07-25,JYOTHYLAB,COLPAL,True,7,1,11.152733,2.9757023,-7.920623
Personal Care / FMCG,2024-07-25,JYOTHYLAB,EMAMILTD,False,7,1,-2.7920723,-15.262044,-17.151636
Personal Care / FMCG,2024-09-27,COLPAL,HINDUNILVR,True,7,1,-6.411112,-17.939352,-5.167574
Personal Care / FMCG,2024-09-27,COLPAL,DABUR,True,7,1,-6.5355597,-16.30001,-1.0668392
Personal Care / FMCG,2024-09-27,COLPAL,MARICO,True,7,1,0.8016286,-4.8625345,7.0371513
Personal Care / FMCG,2024-09-27,COLPAL,GODREJCP,True,7,1,1.347744,-19.466448,-6.5475464
Personal Care / FMCG,2024-09-27,COLPAL,EMAMILTD,True,7,1,-5.760515,-17.857933,-2.2768383
Personal Care / FMCG,2024-09-27,COLPAL,JYOTHYLAB,True,7,1,-1.9925957,-28.487867,-20.828407
Personal Care / FMCG,2025-04-16,MARICO,HINDUNILVR,True,7,1,-5.674255,-5.644572,-4.404771
Personal Care / FMCG,2025-04-16,MARICO,DABUR,True,7,1,-7.2760344,-1.8259764,-10.29508
Personal Care / FMCG,2025-04-16,MARICO,GODREJCP,True,7,1,-1.8885493,-8.863521,-19.197308
Personal Care / FMCG,2025-04-16,MARICO,COLPAL,True,7,1,-0.88733435,-18.987583,-23.135601
Personal Care / FMCG,2025-04-16,MARICO,EMAMILTD,True,7,1,-4.775882,-18.45178,-23.200953
Personal Care / FMCG,2025-04-16,MARICO,JYOTHYLAB,False,7,1,-13.834768,-17.74764,-27.716255
Personal Care / FMCG,2025-09-04,DABUR,HINDUNILVR,True,7,1,-5.8130803,-5.627221,-5.4637375
Personal Care / FMCG,2025-09-04,DABUR,MARICO,True,7,1,-4.992771,-0.9973228,14.455766
Personal Care / FMCG,2025-09-04,DABUR,GODREJCP,True,7,1,-8.982288,-6.1331453,4.5764446
Personal Care / FMCG,2025-09-04,DABUR,COLPAL,True,7,1,-11.421251,-10.137093,-3.0808868
Personal Care / FMCG,2025-09-04,DABUR,EMAMILTD,True,7,1,-11.801607,-11.936945,-14.339262
Personal Care / FMCG,2025-09-04,DABUR,JYOTHYLAB,True,7,1,-8.119667,-9.078217,-19.236946
Personal Care / FMCG,2026-08-17,JYOTHYLAB,HINDUNILVR,True,7,1,-6.4831495,,
Personal Care / FMCG,2026-08-17,JYOTHYLAB,DABUR,True,7,1,-7.8257265,,
Personal Care / FMCG,2026-08-17,JYOTHYLAB,MARICO,True,7,1,-6.1167717,,
Personal Care / FMCG,2026-08-17,JYOTHYLAB,GODREJCP,True,7,1,-7.0432305,,
Personal Care / FMCG,2026-08-17,JYOTHYLAB,COLPAL,True,7,1,-8.737129,,
Personal Care / FMCG,2026-08-17,JYOTHYLAB,EMAMILTD,True,7,1,-10.316247,,
Oil Marketing (OMC),2022-12-12,HINDPETRO,BPCL,True,3,1,0.7998049,1.2307224,-4.977578
Oil Marketing (OMC),2022-12-12,HINDPETRO,IOC,True,3,1,2.9654145,8.680058,9.834803
Oil Marketing (OMC),2023-03-20,BPCL,HINDPETRO,True,3,1,-23.353624,-18.505013,-49.002747
Oil Marketing (OMC),2023-03-20,BPCL,IOC,True,3,1,-14.776666,-9.717249,-34.602306
Oil Marketing (OMC),2023-07-06,HINDPETRO,BPCL,True,3,1,-11.006886,-25.437145,-8.431934
Oil Marketing (OMC),2023-07-06,HINDPETRO,IOC,True,3,1,-9.746557,-21.814423,3.1787872
Oil Marketing (OMC),2023-11-06,IOC,BPCL,True,3,1,18.787516,12.811529,45.18739
Oil Marketing (OMC),2023-11-06,IOC,HINDPETRO,True,3,1,36.428154,42.49727,64.8403
Oil Marketing (OMC),2024-02-05,"BPCL,IOC",HINDPETRO,False,3,2,4.0758133,2.1444798,-41.221302
Oil Marketing (OMC),2025-05-05,IOC,BPCL,False,3,1,-9.954238,-5.5643554,-7.874417
Oil Marketing (OMC),2025-05-05,IOC,HINDPETRO,False,3,1,-8.970749,-6.4710016,-3.5399194
Oil Marketing (OMC),2025-10-29,IOC,BPCL,True,3,1,9.481251,13.450921,0.31514168
Oil Marketing (OMC),2025-10-29,IOC,HINDPETRO,True,3,1,3.3104956,3.8560572,-17.759562
Oil Marketing (OMC),2026-02-11,IOC,BPCL,True,3,1,-6.385727,-19.39078,-21.514404
Oil Marketing (OMC),2026-02-11,IOC,HINDPETRO,True,3,1,-9.734667,-19.3672,-23.66464
Refining (Standalone),2022-04-05,CHENNPETRO,MRPL,False,2,1,76.58003,112.25928,47.327995
Refining (Standalone),2023-03-15,CHENNPETRO,MRPL,True,2,1,-17.907768,-5.537451,27.869095
Refining (Standalone),2023-06-19,MRPL,CHENNPETRO,False,2,1,3.7323713,11.245167,39.814713
Refining (Standalone),2023-09-11,CHENNPETRO,MRPL,True,2,1,-1.2239575,23.249279,137.5839
Refining (Standalone),2024-01-15,MRPL,CHENNPETRO,False,2,1,4.053819,13.371933,7.5538635
Refining (Standalone),2024-04-24,CHENNPETRO,MRPL,False,2,1,-16.91172,-17.67466,-45.973404
Refining (Standalone),2024-07-16,CHENNPETRO,MRPL,False,2,1,-13.219208,-28.948116,-37.730522
Refining (Standalone),2025-07-04,CHENNPETRO,MRPL,True,2,1,-14.667833,-8.190346,6.920409
Refining (Standalone),2025-10-29,MRPL,CHENNPETRO,False,2,1,18.065786,24.727869,44.07318
Refining (Standalone),2026-01-29,MRPL,CHENNPETRO,False,2,1,6.956899,19.510603,37.561203
Refining (Standalone),2026-04-29,CHENNPETRO,MRPL,True,2,1,-18.129993,-7.32919,
Refining (Standalone),2026-07-22,CHENNPETRO,MRPL,True,2,1,-0.5835533,,
Upstream Oil & Gas,2022-06-06,OIL,ONGC,True,2,1,-13.308066,-15.713936,-18.94871
Upstream Oil & Gas,2023-02-14,OIL,ONGC,True,2,1,6.6986504,1.3295889,-11.091267
Upstream Oil & Gas,2023-10-09,OIL,ONGC,True,2,1,7.31079,-0.18598938,30.745686
Upstream Oil & Gas,2023-12-20,OIL,ONGC,True,2,1,4.7081223,24.464666,8.248222
Upstream Oil & Gas,2024-07-18,ONGC,OIL,False,2,1,9.7385645,-10.767108,-25.795597
Upstream Oil & Gas,2025-06-12,OIL,ONGC,True,2,1,-3.475988,-5.4425836,2.2817194
Upstream Oil & Gas,2026-01-14,OIL,ONGC,True,2,1,15.706158,29.292751,-8.944077
City Gas,2022-08-11,"IGL,MGL",GUJGASLTD,False,3,2,-0.31693077,7.1034193,-3.4858584
City Gas,2023-03-06,MGL,IGL,True,3,1,-0.69339275,2.7864227,-26.372646
City Gas,2023-03-06,MGL,GUJGASLTD,True,3,1,-8.440907,-16.730701,-43.916862
City Gas,2023-05-10,MGL,GUJGASLTD,True,3,2,-2.1044612,-14.646267,-31.791538
City Gas,2023-12-29,GUJGASLTD,IGL,True,3,1,-16.346354,-9.398449,-11.608422
City Gas,2023-12-29,GUJGASLTD,MGL,True,3,1,7.8985095,10.267735,3.028143
City Gas,2024-06-28,MGL,IGL,True,3,1,1.6335964,-2.2960072,-32.71232
City Gas,2024-06-28,MGL,GUJGASLTD,True,3,1,-2.4899125,-11.55178,-28.305477
City Gas,2025-07-02,GUJGASLTD,IGL,True,3,1,-6.8364444,-5.2584286,-5.519205
City Gas,2025-07-02,GUJGASLTD,MGL,True,3,1,-5.3177834,-14.900856,-17.354
City Gas,2026-01-05,GUJGASLTD,IGL,True,3,1,-1.0364408,-3.882784,-12.466704
City Gas,2026-01-05,GUJGASLTD,MGL,True,3,1,-1.4536676,-0.41831207,5.7008386
Gas Transmission,2022-09-09,GSPL,GAIL,False,2,1,-5.170882,-1.6999006,19.414223
Gas Transmission,2022-11-25,GSPL,GAIL,False,2,1,4.4259605,7.842296,14.939333
Gas Transmission,2023-02-27,GAIL,GSPL,True,2,1,5.284679,-7.2432995,-34.73505
Gas Transmission,2023-07-31,GAIL,GSPL,True,2,1,-7.946098,-12.938059,-22.856152
Gas Transmission,2023-12-04,GAIL,GSPL,True,2,1,4.2322755,10.803593,-13.765217
Gas Transmission,2024-08-26,GSPL,GAIL,False,2,1,-7.885319,-13.955826,-16.417404
Power Gen (Thermal/PSU),2022-04-06,"NTPC,TATAPOWER",NHPC,True,5,2,13.882083,19.152039,38.721245
Power Gen (Thermal/PSU),2022-04-06,"NTPC,TATAPOWER",SJVN,True,5,2,1.6495345,8.514833,12.519591
Power Gen (Thermal/PSU),2022-04-06,"NTPC,TATAPOWER",JSWENERGY,True,5,2,-16.142643,-29.729998,-18.82069
Power Gen (Thermal/PSU),2022-08-30,"NHPC,SJVN",NTPC,True,5,2,-1.3805151,-0.15176535,2.858001
Power Gen (Thermal/PSU),2022-08-30,"NHPC,SJVN",TATAPOWER,True,5,2,-6.540221,-8.953911,-12.6777115
Power Gen (Thermal/PSU),2022-08-30,"NHPC,SJVN",JSWENERGY,False,5,2,-4.2427597,-8.362722,-28.43445
Power Gen (Thermal/PSU),2022-10-26,NHPC,NTPC,True,5,1,-1.553303,-3.0260444,2.7501702
Power Gen (Thermal/PSU),2022-10-26,NHPC,SJVN,True,5,1,16.87447,7.5965767,12.143396
Power Gen (Thermal/PSU),2022-10-26,NHPC,TATAPOWER,True,5,1,-0.7176876,-9.044754,-11.7315235
Power Gen (Thermal/PSU),2022-10-26,NHPC,JSWENERGY,False,5,1,-3.620702,-17.759693,-4.3488684
Power Gen (Thermal/PSU),2023-03-08,JSWENERGY,NTPC,True,5,1,-2.4581373,-15.664029,-9.511448
Power Gen (Thermal/PSU),2023-03-08,JSWENERGY,NHPC,True,5,1,2.140534,2.43653,0.6763954
Power Gen (Thermal/PSU),2023-03-08,JSWENERGY,SJVN,True,5,1,3.9232612,1.4427309,59.205387
Power Gen (Thermal/PSU),2023-03-08,JSWENERGY,TATAPOWER,True,5,1,-8.690363,-11.779631,-17.20971
Power Gen (Thermal/PSU),2023-05-03,SJVN,NTPC,True,5,1,-5.079919,-2.0659933,9.433594
Power Gen (Thermal/PSU),2023-05-03,SJVN,NHPC,False,5,1,-8.481556,-8.388485,-18.694399
Power Gen (Thermal/PSU),2023-05-03,SJVN,TATAPOWER,True,5,1,1.121819,-7.699109,-8.548258
Power Gen (Thermal/PSU),2023-05-03,SJVN,JSWENERGY,False,5,1,-6.5483627,-4.572178,25.997162
Power Gen (Thermal/PSU),2023-07-03,JSWENERGY,NTPC,True,5,2,8.268296,11.316132,37.987305
Power Gen (Thermal/PSU),2023-07-03,JSWENERGY,NHPC,True,5,2,7.4096804,0.9704342,18.321096
Power Gen (Thermal/PSU),2023-07-03,JSWENERGY,TATAPOWER,True,5,2,0.7680297,1.7818089,20.041681
Power Gen (Thermal/PSU),2023-09-07,NHPC,NTPC,True,5,2,3.6165833,12.266469,28.323555
Power Gen (Thermal/PSU),2023-09-07,NHPC,SJVN,False,5,2,14.719855,14.5385275,46.83392
Power Gen (Thermal/PSU),2023-09-07,NHPC,TATAPOWER,True,5,2,-2.0959496,-5.519521,16.084396
Power Gen (Thermal/PSU),2023-12-06,"NHPC,TATAPOWER",NTPC,True,5,2,1.8069382,5.423271,13.808466
Power Gen (Thermal/PSU),2023-12-06,"NHPC,TATAPOWER",SJVN,False,5,2,2.6468163,26.403402,53.933273
Power Gen (Thermal/PSU),2023-12-06,"NHPC,TATAPOWER",JSWENERGY,True,5,2,-13.443459,2.4797916,25.68041
Power Gen (Thermal/PSU),2024-02-02,"NHPC,SJVN",NTPC,False,5,2,4.0313663,4.224491,-2.963293
Power Gen (Thermal/PSU),2024-02-02,"NHPC,SJVN",TATAPOWER,False,5,2,-2.458018,17.838787,1.765418
Power Gen (Thermal/PSU),2024-02-02,"NHPC,SJVN",JSWENERGY,True,5,2,5.020052,21.592522,45.29184
Power Gen (Thermal/PSU),2024-04-08,JSWENERGY,NTPC,True,5,1,-3.6923826,-10.696852,-4.0955677
Power Gen (Thermal/PSU),2024-04-08,JSWENERGY,NHPC,False,5,1,8.329487,-4.024255,-19.889439
Power Gen (Thermal/PSU),2024-04-08,JSWENERGY,SJVN,False,5,1,-3.8107038,-14.873695,-23.092855
Power Gen (Thermal/PSU),2024-04-08,JSWENERGY,TATAPOWER,False,5,1,5.3442836,-7.8407645,-12.785054
Power Gen (Thermal/PSU),2024-06-03,"NHPC,JSWENERGY",NTPC,True,5,2,-16.20717,-12.237644,-16.624445
Power Gen (Thermal/PSU),2024-06-03,"NHPC,JSWENERGY",SJVN,False,5,2,-18.522013,-21.367603,-33.587475
Power Gen (Thermal/PSU),2024-06-03,"NHPC,JSWENERGY",TATAPOWER,True,5,2,-15.211868,-25.578857,-20.83031
Power Gen (Thermal/PSU),2026-03-12,"TATAPOWER,JSWENERGY",NTPC,True,5,2,-4.466385,-17.350245,-32.86061
Power Gen (Thermal/PSU),2026-03-12,"TATAPOWER,JSWENERGY",NHPC,True,5,2,-2.1675706,-13.1890955,-19.056248
Power Gen (Thermal/PSU),2026-03-12,"TATAPOWER,JSWENERGY",SJVN,False,5,2,-7.8910055,-13.602299,-31.23098
Power Exchanges / Trading,2023-01-11,PTC,IEX,True,2,1,1.8210351,5.4818687,-10.176779
Power Exchanges / Trading,2023-04-06,IEX,PTC,False,2,1,-6.3570023,3.302908,7.136963
Power Exchanges / Trading,2023-06-20,PTC,IEX,False,2,1,-9.364629,-12.000429,-16.976107
Power Exchanges / Trading,2023-09-04,PTC,IEX,True,2,1,-4.9364386,-4.4671593,-17.888248
Power Exchanges / Trading,2023-12-07,IEX,PTC,False,2,1,4.4803624,12.849401,27.81551
Power Exchanges / Trading,2024-06-12,IEX,PTC,False,2,1,-5.5241346,-11.577631,-27.899628
Power Exchanges / Trading,2024-09-13,PTC,IEX,False,2,1,-5.4923897,-16.340942,-2.8710136
Power Exchanges / Trading,2025-06-09,IEX,PTC,True,2,1,1.97258,3.4200609,-5.288911
Power Exchanges / Trading,2026-01-07,IEX,PTC,True,2,1,13.743359,15.584385,6.986892
Power Exchanges / Trading,2026-05-04,PTC,IEX,True,2,1,-1.2817264,-4.9382806,
Lubricants,2022-08-30,GULFOILLUB,CASTROLIND,True,2,1,-0.6563008,16.01479,5.9062424
Lubricants,2023-05-19,GULFOILLUB,CASTROLIND,True,2,1,-1.1191964,16.851974,-8.262312
Lubricants,2023-07-26,CASTROLIND,GULFOILLUB,True,2,1,25.351082,1.7675762,25.83313
Lubricants,2023-11-28,GULFOILLUB,CASTROLIND,True,2,1,32.359848,38.827087,25.430225
Lubricants,2024-02-26,GULFOILLUB,CASTROLIND,False,2,1,4.329222,-4.638827,13.321602
Lubricants,2024-06-25,GULFOILLUB,CASTROLIND,False,2,1,17.100014,12.779259,-7.708121
Lubricants,2025-03-06,CASTROLIND,GULFOILLUB,True,2,1,-11.099643,-20.75023,-8.765507
Lubricants,2026-08-04,GULFOILLUB,CASTROLIND,True,2,1,-0.68109035,,
PSU Banks,2022-08-02,"PNB,BANKINDIA",SBIN,True,11,2,-4.828179,3.4504533,6.3195467
PSU Banks,2022-08-02,"PNB,BANKINDIA",BANKBARODA,False,11,2,7.2200294,26.224277,63.50899
PSU Banks,2022-08-02,"PNB,BANKINDIA",CANBK,False,11,2,-1.4929414,23.592484,40.461292
PSU Banks,2022-08-02,"PNB,BANKINDIA",UNIONBANK,True,11,2,1.1015296,38.759136,128.30205
PSU Banks,2022-08-02,"PNB,BANKINDIA",INDIANB,True,11,2,3.3762097,33.103622,66.89017
PSU Banks,2022-08-02,"PNB,BANKINDIA",MAHABANK,True,11,2,-4.6579003,14.831495,73.37721
PSU Banks,2022-08-02,"PNB,BANKINDIA",CENTRALBK,True,11,2,-2.3062944,9.977852,72.53999
PSU Banks,2022-08-02,"PNB,BANKINDIA",UCOBANK,True,11,2,-5.92016,8.431446,163.93394
PSU Banks,2022-08-02,"PNB,BANKINDIA",IOB,True,11,2,-6.3385606,5.731583,69.61156
PSU Banks,2022-10-20,CANBK,SBIN,True,11,1,10.19746,7.670295,-5.25856
PSU Banks,2022-10-20,CANBK,BANKBARODA,False,11,1,26.124346,38.384315,24.704098
PSU Banks,2022-10-20,CANBK,PNB,True,11,1,13.907778,42.198265,23.2499
PSU Banks,2022-10-20,CANBK,UNIONBANK,True,11,1,65.25847,82.00058,72.13597
PSU Banks,2022-10-20,CANBK,INDIANB,False,11,1,26.470482,31.374146,41.827988
PSU Banks,2022-10-20,CANBK,BANKINDIA,True,11,1,72.435776,118.741585,86.35576
PSU Banks,2022-10-20,CANBK,MAHABANK,True,11,1,20.913088,62.552177,54.38151
PSU Banks,2022-10-20,CANBK,CENTRALBK,True,11,1,18.06128,54.971718,39.75953
PSU Banks,2022-10-20,CANBK,UCOBANK,True,11,1,27.49307,152.84966,154.50261
PSU Banks,2022-10-20,CANBK,IOB,True,11,1,16.746735,70.677734,49.526512
PSU Banks,2022-12-15,"UCOBANK,IOB",SBIN,True,11,7,-0.9688318,-5.3314323,-14.298254
PSU Banks,2022-12-15,"UCOBANK,IOB",BANKBARODA,False,11,7,0.9043515,-3.4810066,-9.278154
PSU Banks,2022-12-15,"UCOBANK,IOB",CANBK,False,11,7,1.4034033,0.4149618,-12.540186
PSU Banks,2022-12-15,"UCOBANK,IOB",INDIANB,False,11,7,-2.1423342,3.1220555,-9.485322
PSU Banks,2023-04-18,INDIANB,SBIN,True,11,1,1.8123627,-9.29122,-23.554302
PSU Banks,2023-04-18,INDIANB,BANKBARODA,True,11,1,-0.7639289,-1.9649258,-7.753624
PSU Banks,2023-04-18,INDIANB,PNB,True,11,1,-2.1386147,10.521353,48.16999
PSU Banks,2023-04-18,INDIANB,CANBK,True,11,1,-3.6094666,-6.051051,-5.5224075
PSU Banks,2023-04-18,INDIANB,UNIONBANK,False,11,1,-8.18314,-6.7057133,24.156235
PSU Banks,2023-04-18,INDIANB,BANKINDIA,False,11,1,-6.8258286,-17.637009,22.097313
PSU Banks,2023-04-18,INDIANB,MAHABANK,False,11,1,3.7493348,-1.2238503,65.34485
PSU Banks,2023-04-18,INDIANB,CENTRALBK,False,11,1,1.2088537,1.6257172,91.66107
PSU Banks,2023-04-18,INDIANB,UCOBANK,False,11,1,-0.56329966,-7.8313704,64.882256
PSU Banks,2023-04-18,INDIANB,IOB,False,11,1,2.308333,-3.3805008,111.384415
PSU Banks,2023-07-04,PNB,SBIN,True,11,1,-2.893579,-13.362002,-15.380383
PSU Banks,2023-07-04,PNB,BANKBARODA,True,11,1,-7.346696,-5.370879,-15.440941
PSU Banks,2023-07-04,PNB,CANBK,True,11,1,-0.8219242,0.81140995,12.427618
PSU Banks,2023-07-04,PNB,UNIONBANK,True,11,1,11.053193,16.6039,40.793304
PSU Banks,2023-07-04,PNB,INDIANB,True,11,1,8.955359,33.518364,37.45479
PSU Banks,2023-07-04,PNB,BANKINDIA,True,11,1,0.18693209,25.69344,16.841806
PSU Banks,2023-07-04,PNB,MAHABANK,True,11,1,4.563999,53.626728,42.260056
PSU Banks,2023-07-04,PNB,CENTRALBK,False,11,1,-7.0557594,65.47394,52.497498
PSU Banks,2023-07-04,PNB,UCOBANK,False,11,1,-7.257128,56.58877,39.941025
PSU Banks,2023-07-04,PNB,IOB,True,11,1,-1.6804099,92.87326,77.74486
PSU Banks,2023-09-11,UCOBANK,SBIN,True,11,4,1.0548651,-3.4133434,7.1112633
PSU Banks,2023-09-11,UCOBANK,BANKBARODA,True,11,4,9.827864,-1.3657331,11.088051
PSU Banks,2023-09-11,UCOBANK,PNB,False,11,4,12.178004,21.526134,65.86257
PSU Banks,2023-09-11,UCOBANK,CANBK,True,11,4,3.6705017,15.026699,38.559498
PSU Banks,2023-09-11,UCOBANK,UNIONBANK,False,11,4,16.97055,28.847443,49.928833
PSU Banks,2023-09-11,UCOBANK,INDIANB,False,11,4,7.2895765,9.649193,29.751205
PSU Banks,2023-09-11,UCOBANK,BANKINDIA,False,11,4,16.214943,8.329224,19.371262
PSU Banks,2024-01-19,CENTRALBK,SBIN,True,11,1,16.614866,18.348015,17.230927
PSU Banks,2024-01-19,CENTRALBK,BANKBARODA,True,11,1,15.901936,12.448824,2.8571835
PSU Banks,2024-01-19,CENTRALBK,PNB,False,11,1,23.740196,28.224302,-3.4590378
PSU Banks,2024-01-19,CENTRALBK,CANBK,True,11,1,21.93563,26.106764,-94.491264
PSU Banks,2024-01-19,CENTRALBK,UNIONBANK,False,11,1,2.86721,6.063747,-19.851542
PSU Banks,2024-01-19,CENTRALBK,INDIANB,True,11,1,18.211472,25.347948,12.3594055
PSU Banks,2024-01-19,CENTRALBK,BANKINDIA,False,11,1,2.9377222,6.637216,-27.157713
PSU Banks,2024-01-19,CENTRALBK,MAHABANK,False,11,1,16.33377,26.075256,10.418629
PSU Banks,2024-01-19,CENTRALBK,UCOBANK,True,11,1,37.28632,31.235458,13.86026
PSU Banks,2024-01-19,CENTRALBK,IOB,True,11,1,50.916744,49.19256,30.423855
PSU Banks,2024-05-27,IOB,SBIN,True,11,1,-8.473451,-15.7035,-11.959373
PSU Banks,2024-05-27,IOB,BANKBARODA,True,11,1,-4.6388392,-21.879673,-18.141968
PSU Banks,2024-05-27,IOB,PNB,True,11,1,-11.811638,-24.373646,-32.474792
PSU Banks,2024-05-27,IOB,CANBK,False,11,1,-7.268048,-19.372934,-24.837772
PSU Banks,2024-05-27,IOB,UNIONBANK,True,11,1,-19.92225,-38.1858,-39.163887
PSU Banks,2024-05-27,IOB,INDIANB,True,11,1,-14.836025,-18.354183,-15.816509
PSU Banks,2024-05-27,IOB,BANKINDIA,True,11,1,-17.368229,-24.727734,-28.92143
PSU Banks,2024-05-27,IOB,MAHABANK,False,11,1,-14.854915,-24.77764,-38.066063
PSU Banks,2024-05-27,IOB,CENTRALBK,False,11,1,-14.237583,-24.852615,-31.915842
PSU Banks,2024-05-27,IOB,UCOBANK,False,11,1,-16.222364,-28.140623,-40.845757
PSU Banks,2024-10-30,INDIANB,SBIN,True,11,1,0.85009336,-5.4901123,9.473795
PSU Banks,2024-10-30,INDIANB,BANKBARODA,True,11,1,-2.130109,-5.058015,10.502619
PSU Banks,2024-10-30,INDIANB,PNB,True,11,1,5.1885962,3.287232,11.697316
PSU Banks,2024-10-30,INDIANB,CANBK,True,11,1,-1.5889883,-1.2231946,5.7596087
PSU Banks,2024-10-30,INDIANB,UNIONBANK,True,11,1,3.1498432,-2.1647396,19.446777
PSU Banks,2024-10-30,INDIANB,BANKINDIA,True,11,1,3.1042457,-3.2908144,23.979748
PSU Banks,2024-10-30,INDIANB,MAHABANK,True,11,1,1.4942884,-5.1091967,2.736205
PSU Banks,2024-10-30,INDIANB,CENTRALBK,True,11,1,0.030183792,-2.143538,-20.977789
PSU Banks,2024-10-30,INDIANB,UCOBANK,True,11,1,-3.40482,-1.6173482,-21.436762
PSU Banks,2024-10-30,INDIANB,IOB,True,11,1,-0.35028458,-2.7163386,-18.621714
PSU Banks,2025-04-03,UNIONBANK,SBIN,True,11,1,0.46987534,-8.6404915,0.5204325
PSU Banks,2025-04-03,UNIONBANK,BANKBARODA,True,11,1,-4.3185234,-10.3174095,-4.529118
PSU Banks,2025-04-03,UNIONBANK,PNB,True,11,1,-3.9302588,2.0345573,-0.5789509
PSU Banks,2025-04-03,UNIONBANK,CANBK,True,11,1,0.115442276,8.06657,15.653515
PSU Banks,2025-04-03,UNIONBANK,INDIANB,True,11,1,2.524674,5.506872,19.156599
PSU Banks,2025-04-03,UNIONBANK,BANKINDIA,False,11,1,-4.118347,-9.18889,-8.230804
PSU Banks,2025-04-03,UNIONBANK,MAHABANK,True,11,1,7.7707887,6.7995663,3.823841
PSU Banks,2025-04-03,UNIONBANK,CENTRALBK,False,11,1,-4.6425877,-4.4963837,-11.167835
PSU Banks,2025-04-03,UNIONBANK,UCOBANK,False,11,1,1.0652304,-5.2959204,-12.5518675
PSU Banks,2025-04-03,UNIONBANK,IOB,False,11,1,-5.4519773,-7.1237087,-8.023857
PSU Banks,2025-09-30,INDIANB,SBIN,True,11,1,4.5048237,13.256913,44.055264
PSU Banks,2025-09-30,INDIANB,BANKBARODA,True,11,1,3.002727,14.577156,28.05479
PSU Banks,2025-09-30,INDIANB,PNB,True,11,1,4.1205287,9.375042,13.794994
PSU Banks,2025-09-30,INDIANB,CANBK,True,11,1,0.88113546,23.18067,30.510826
PSU Banks,2025-09-30,INDIANB,UNIONBANK,True,11,1,2.285111,11.040229,62.20843
PSU Banks,2025-09-30,INDIANB,BANKINDIA,True,11,1,10.857845,15.460831,48.2539
PSU Banks,2025-09-30,INDIANB,MAHABANK,True,11,1,3.5790563,4.4826326,33.468742
PSU Banks,2025-09-30,INDIANB,CENTRALBK,True,11,1,3.249371,0.15798807,7.216758
PSU Banks,2025-09-30,INDIANB,UCOBANK,True,11,1,4.399979,-3.379494,-4.3686743
PSU Banks,2025-09-30,INDIANB,IOB,True,11,1,-0.8064389,-12.017358,-3.1525488
PSU Banks,2026-01-14,UNIONBANK,SBIN,True,11,1,20.39436,12.547838,-0.87236166
PSU Banks,2026-01-14,UNIONBANK,BANKBARODA,True,11,1,-3.0272245,-3.76476,-17.186344
PSU Banks,2026-01-14,UNIONBANK,PNB,True,11,1,-6.538403,-10.394555,-25.080973
PSU Banks,2026-01-14,UNIONBANK,CANBK,True,11,1,-2.4695575,-2.8921251,-23.221289
PSU Banks,2026-01-14,UNIONBANK,INDIANB,True,11,1,17.354727,35.639584,5.4696326
PSU Banks,2026-01-14,UNIONBANK,BANKINDIA,True,11,1,17.226444,5.799997,-9.4813175
PSU Banks,2026-01-14,UNIONBANK,MAHABANK,True,11,1,7.272184,12.657046,32.545433
PSU Banks,2026-01-14,UNIONBANK,CENTRALBK,True,11,1,0.58214664,-1.7318192,-20.702766
PSU Banks,2026-01-14,UNIONBANK,UCOBANK,True,11,1,-2.62084,-11.401141,-20.434652
PSU Banks,2026-01-14,UNIONBANK,IOB,True,11,1,0.53617954,3.1569424,-9.59599
PSU Banks,2026-06-17,UCOBANK,SBIN,True,11,1,-1.2861967,-5.9137287,
PSU Banks,2026-06-17,UCOBANK,BANKBARODA,True,11,1,-13.59362,-20.322483,
PSU Banks,2026-06-17,UCOBANK,PNB,True,11,1,-4.539448,2.8100133,
PSU Banks,2026-06-17,UCOBANK,CANBK,True,11,1,-8.12167,-11.632848,
PSU Banks,2026-06-17,UCOBANK,UNIONBANK,True,11,1,-2.4253845,2.4551272,
PSU Banks,2026-06-17,UCOBANK,INDIANB,True,11,1,-6.863117,-5.6288004,
PSU Banks,2026-06-17,UCOBANK,BANKINDIA,True,11,1,-2.9485703,-7.512969,
PSU Banks,2026-06-17,UCOBANK,MAHABANK,False,11,1,-12.775129,-9.5712185,
PSU Banks,2026-06-17,UCOBANK,CENTRALBK,True,11,1,-5.0322294,-13.094455,
PSU Banks,2026-06-17,UCOBANK,IOB,True,11,1,-6.695926,-10.688329,
Private Banks (Large),2022-09-20,INDUSINDBK,HDFCBANK,True,5,1,-2.5057197,5.397129,12.554539
Private Banks (Large),2022-09-20,INDUSINDBK,ICICIBANK,False,5,1,0.38261414,-1.2266397,0.19963408
Private Banks (Large),2022-09-20,INDUSINDBK,KOTAKBANK,True,5,1,-1.5789509,-6.6669044,-4.1860337
Private Banks (Large),2022-09-20,INDUSINDBK,AXISBANK,False,5,1,2.990806,13.22894,11.296678
Private Banks (Large),2023-05-31,KOTAKBANK,HDFCBANK,True,5,1,-2.2374868,-19.758244,-31.787079
Private Banks (Large),2023-05-31,KOTAKBANK,ICICIBANK,True,5,1,-7.52393,-16.388,-26.0269
Private Banks (Large),2023-05-31,KOTAKBANK,AXISBANK,True,5,1,0.6333947,-11.213423,-11.351358
Private Banks (Large),2023-05-31,KOTAKBANK,INDUSINDBK,False,5,1,-2.603221,-9.361173,-9.062647
Private Banks (Large),2023-12-05,AXISBANK,HDFCBANK,True,5,1,-2.2672772,-28.436888,-29.580236
Private Banks (Large),2023-12-05,AXISBANK,ICICIBANK,True,5,1,-9.989584,-11.287761,-8.817101
Private Banks (Large),2023-12-05,AXISBANK,KOTAKBANK,True,5,1,-4.909289,-22.556614,-26.545208
Private Banks (Large),2023-12-05,AXISBANK,INDUSINDBK,True,5,1,-2.3311377,-16.800076,-29.036098
Private Banks (Large),2024-06-25,ICICIBANK,HDFCBANK,True,5,1,-7.220578,-12.477303,-2.2638683
Private Banks (Large),2024-06-25,ICICIBANK,KOTAKBANK,True,5,1,-2.5187612,-6.3572054,-10.412801
Private Banks (Large),2024-06-25,ICICIBANK,AXISBANK,True,5,1,-2.4341285,-13.085849,-20.899498
Private Banks (Large),2024-06-25,ICICIBANK,INDUSINDBK,True,5,1,-7.295543,-11.943436,-45.279114
Private Banks (Large),2024-11-27,HDFCBANK,ICICIBANK,True,5,1,-2.1006703,13.072384,18.838448
Private Banks (Large),2024-11-27,HDFCBANK,KOTAKBANK,True,5,1,-3.750521,27.39135,25.186068
Private Banks (Large),2024-11-27,HDFCBANK,AXISBANK,True,5,1,-7.989478,4.044861,12.633497
Private Banks (Large),2024-11-27,HDFCBANK,INDUSINDBK,False,5,1,-8.487463,19.453026,-13.43903
Private Banks (Large),2025-03-21,ICICIBANK,HDFCBANK,True,5,1,2.9701228,0.88300705,-59.4949
Private Banks (Large),2025-03-21,ICICIBANK,KOTAKBANK,True,5,1,1.624167,-5.7275534,-16.864532
Private Banks (Large),2025-03-21,ICICIBANK,AXISBANK,True,5,1,7.49501,3.973055,-9.338045
Private Banks (Large),2025-03-21,ICICIBANK,INDUSINDBK,False,5,1,14.038265,12.229884,-6.050456
Private Banks (Large),2026-01-16,INDUSINDBK,HDFCBANK,True,5,1,-2.0764768,-10.018932,-22.433037
Private Banks (Large),2026-01-16,INDUSINDBK,ICICIBANK,True,5,1,1.114136,-0.5096135,-5.618739
Private Banks (Large),2026-01-16,INDUSINDBK,KOTAKBANK,False,5,1,1.4306366,-7.7645416,-14.093966
Private Banks (Large),2026-01-16,INDUSINDBK,AXISBANK,True,5,1,3.7887037,6.3633027,-5.7374897
Private Banks (Large),2026-10-07,KOTAKBANK,HDFCBANK,True,5,1,,,
Private Banks (Large),2026-10-07,KOTAKBANK,ICICIBANK,True,5,1,,,
Private Banks (Large),2026-10-07,KOTAKBANK,AXISBANK,True,5,1,,,
Private Banks (Large),2026-10-07,KOTAKBANK,INDUSINDBK,True,5,1,,,
Private Banks (Mid/Small),2022-07-21,KARURVYSYA,FEDERALBNK,True,9,1,-4.128301,23.464762,22.889782
Private Banks (Mid/Small),2022-07-21,KARURVYSYA,IDFCFIRSTB,False,9,1,18.482649,59.712196,61.02986
Private Banks (Mid/Small),2022-07-21,KARURVYSYA,BANDHANBNK,True,9,1,-5.256903,-10.282153,-22.851002
Private Banks (Mid/Small),2022-07-21,KARURVYSYA,RBLBANK,False,9,1,-0.13972521,33.48259,94.35395
Private Banks (Mid/Small),2022-07-21,KARURVYSYA,CUB,False,9,1,3.630209,12.214411,-2.5189753
Private Banks (Mid/Small),2022-07-21,KARURVYSYA,DCBBANK,True,9,1,-11.043501,3.0581703,33.093666
Private Banks (Mid/Small),2022-07-21,KARURVYSYA,SOUTHBANK,True,9,1,-3.6152482,18.859339,159.88683
Private Banks (Mid/Small),2022-07-21,KARURVYSYA,J&KBANK,True,9,1,2.2671103,-5.5456524,104.48171
Private Banks (Mid/Small),2022-10-24,SOUTHBANK,FEDERALBNK,False,9,1,-1.8630266,1.352334,-5.4131565
Private Banks (Mid/Small),2022-10-24,SOUTHBANK,IDFCFIRSTB,False,9,1,-6.7685604,-2.4581075,-10.057437
Private Banks (Mid/Small),2022-10-24,SOUTHBANK,BANDHANBNK,True,9,1,-21.55695,-13.122166,-18.078608
Private Banks (Mid/Small),2022-10-24,SOUTHBANK,RBLBANK,False,9,1,12.056911,35.136173,13.378293
Private Banks (Mid/Small),2022-10-24,SOUTHBANK,KARURVYSYA,False,9,1,13.010048,13.644981,4.371434
Private Banks (Mid/Small),2022-10-24,SOUTHBANK,CUB,True,9,1,1.2110472,-11.4837475,-30.295778
Private Banks (Mid/Small),2022-10-24,SOUTHBANK,DCBBANK,False,9,1,14.399456,25.23359,-2.4957597
Private Banks (Mid/Small),2022-10-24,SOUTHBANK,J&KBANK,True,9,1,36.016834,74.33346,65.713524
Private Banks (Mid/Small),2023-05-01,J&KBANK,FEDERALBNK,True,9,1,-11.023909,-17.224049,-23.31872
Private Banks (Mid/Small),2023-05-01,J&KBANK,IDFCFIRSTB,True,9,1,10.136533,19.72525,14.609966
Private Banks (Mid/Small),2023-05-01,J&KBANK,BANDHANBNK,True,9,1,11.177122,-21.127611,-26.942087
Private Banks (Mid/Small),2023-05-01,J&KBANK,RBLBANK,True,9,1,-8.996588,20.723392,24.335861
Private Banks (Mid/Small),2023-05-01,J&KBANK,KARURVYSYA,True,9,1,5.3856373,20.830154,12.674557
Private Banks (Mid/Small),2023-05-01,J&KBANK,CUB,True,9,1,-15.316754,-24.425148,-41.041565
Private Banks (Mid/Small),2023-05-01,J&KBANK,DCBBANK,True,9,1,5.30951,1.2832298,-18.599154
Private Banks (Mid/Small),2023-05-01,J&KBANK,SOUTHBANK,False,9,1,0.23400784,8.744932,33.60313
Private Banks (Mid/Small),2023-07-03,SOUTHBANK,FEDERALBNK,True,9,3,0.44879913,1.3362637,-3.4971714
Private Banks (Mid/Small),2023-07-03,SOUTHBANK,IDFCFIRSTB,False,9,3,0.50469637,1.0791178,-16.715347
Private Banks (Mid/Small),2023-07-03,SOUTHBANK,BANDHANBNK,True,9,3,-11.01951,-6.5584784,-18.56718
Private Banks (Mid/Small),2023-07-03,SOUTHBANK,CUB,True,9,3,-1.5946746,-18.588156,-9.8012085
Private Banks (Mid/Small),2023-07-03,SOUTHBANK,DCBBANK,True,9,3,-6.0239973,-11.707211,-16.323078
Private Banks (Mid/Small),2023-07-03,SOUTHBANK,J&KBANK,False,9,3,2.4922132,67.94503,86.54183
Private Banks (Mid/Small),2023-09-04,IDFCFIRSTB,FEDERALBNK,True,9,3,1.538682,-1.2052178,-10.147989
Private Banks (Mid/Small),2023-09-04,IDFCFIRSTB,BANDHANBNK,True,9,3,5.134964,-14.362501,-37.81581
Private Banks (Mid/Small),2023-09-04,IDFCFIRSTB,RBLBANK,False,9,3,11.48709,-5.499774,-14.069676
Private Banks (Mid/Small),2023-09-04,IDFCFIRSTB,KARURVYSYA,True,9,3,7.7730055,23.89213,29.959167
Private Banks (Mid/Small),2023-09-04,IDFCFIRSTB,CUB,True,9,3,-1.95086,5.0794597,-20.694805
Private Banks (Mid/Small),2023-09-04,IDFCFIRSTB,DCBBANK,True,9,3,3.6944985,-9.808683,-16.880966
Private Banks (Mid/Small),2023-12-11,RBLBANK,FEDERALBNK,True,9,1,-9.75238,-12.901539,-10.608601
Private Banks (Mid/Small),2023-12-11,RBLBANK,IDFCFIRSTB,True,9,1,-9.3651,-18.555058,-26.800257
Private Banks (Mid/Small),2023-12-11,RBLBANK,BANDHANBNK,True,9,1,-9.228182,-28.913734,-37.321953
Private Banks (Mid/Small),2023-12-11,RBLBANK,KARURVYSYA,True,9,1,-7.3120117,1.5535002,12.780762
Private Banks (Mid/Small),2023-12-11,RBLBANK,CUB,True,9,1,-11.944258,-23.329687,-24.557
Private Banks (Mid/Small),2023-12-11,RBLBANK,DCBBANK,True,9,1,17.87839,-16.867657,-21.49803
Private Banks (Mid/Small),2023-12-11,RBLBANK,SOUTHBANK,True,9,1,-2.8930664,10.111499,-8.372997
Private Banks (Mid/Small),2023-12-11,RBLBANK,J&KBANK,False,9,1,-2.753806,5.98985,-8.159506
Private Banks (Mid/Small),2024-04-10,CUB,FEDERALBNK,True,9,1,-2.0449877,0.47926903,-0.63726807
Private Banks (Mid/Small),2024-04-10,CUB,IDFCFIRSTB,True,9,1,-7.274246,-15.192484,-32.9775
Private Banks (Mid/Small),2024-04-10,CUB,BANDHANBNK,False,9,1,-2.2309601,1.9461517,-9.780454
Private Banks (Mid/Small),2024-04-10,CUB,RBLBANK,True,9,1,-5.642086,-9.853697,-45.067413
Private Banks (Mid/Small),2024-04-10,CUB,KARURVYSYA,True,9,1,0.71247816,-2.401352,-2.638113
Private Banks (Mid/Small),2024-04-10,CUB,DCBBANK,False,9,1,4.8371434,-1.6050568,-23.60211
Private Banks (Mid/Small),2024-04-10,CUB,SOUTHBANK,False,9,1,-4.763788,-20.695126,-35.578953
Private Banks (Mid/Small),2024-04-10,CUB,J&KBANK,True,9,1,-5.7250857,-31.317268,-43.481216
Private Banks (Mid/Small),2024-06-10,KARURVYSYA,FEDERALBNK,True,9,1,4.0429115,3.2294636,23.710573
Private Banks (Mid/Small),2024-06-10,KARURVYSYA,IDFCFIRSTB,True,9,1,-7.160247,-18.140388,-26.008856
Private Banks (Mid/Small),2024-06-10,KARURVYSYA,BANDHANBNK,True,9,1,-6.9355135,-13.231112,-24.131416
Private Banks (Mid/Small),2024-06-10,KARURVYSYA,RBLBANK,True,9,1,-9.779633,-28.460098,-50.036552
Private Banks (Mid/Small),2024-06-10,KARURVYSYA,CUB,True,9,1,1.4154434,0.4966612,11.325157
Private Banks (Mid/Small),2024-06-10,KARURVYSYA,DCBBANK,True,9,1,-9.841192,-22.456348,-19.90847
Private Banks (Mid/Small),2024-06-10,KARURVYSYA,SOUTHBANK,True,9,1,-13.412226,-22.694035,-26.1078
Private Banks (Mid/Small),2024-06-10,KARURVYSYA,J&KBANK,False,9,1,-22.810722,-24.649342,-30.253029
Private Banks (Mid/Small),2024-10-29,CUB,FEDERALBNK,True,9,1,6.9884424,0.25317073,12.137598
Private Banks (Mid/Small),2024-10-29,CUB,IDFCFIRSTB,True,9,1,-7.573819,-4.563528,8.398562
Private Banks (Mid/Small),2024-10-29,CUB,BANDHANBNK,True,9,1,-6.830245,-12.911505,3.6352396
Private Banks (Mid/Small),2024-10-29,CUB,RBLBANK,False,9,1,-11.169452,-3.1286836,29.008787
Private Banks (Mid/Small),2024-10-29,CUB,KARURVYSYA,True,9,1,1.4132261,3.5776973,8.776146
Private Banks (Mid/Small),2024-10-29,CUB,DCBBANK,True,9,1,2.4678826,0.8443594,18.345898
Private Banks (Mid/Small),2024-10-29,CUB,SOUTHBANK,True,9,1,-5.6920767,13.164234,15.966051
Private Banks (Mid/Small),2024-10-29,CUB,J&KBANK,True,9,1,-1.5486598,-3.5503092,14.962261
Private Banks (Mid/Small),2025-04-22,J&KBANK,FEDERALBNK,True,9,1,-3.8784623,-3.850984,-1.0321617
Private Banks (Mid/Small),2025-04-22,J&KBANK,IDFCFIRSTB,True,9,1,-4.2604923,-0.41220093,3.0116081
Private Banks (Mid/Small),2025-04-22,J&KBANK,BANDHANBNK,True,9,1,-3.6616564,-1.3398876,-6.711483
Private Banks (Mid/Small),2025-04-22,J&KBANK,RBLBANK,True,9,1,6.194723,31.68849,46.342266
Private Banks (Mid/Small),2025-04-22,J&KBANK,KARURVYSYA,True,9,1,-3.3126235,10.824896,-6.773156
Private Banks (Mid/Small),2025-04-22,J&KBANK,CUB,True,9,1,3.905344,8.468641,11.941314
Private Banks (Mid/Small),2025-04-22,J&KBANK,DCBBANK,True,9,1,4.900873,3.0563354,-6.699097
Private Banks (Mid/Small),2025-04-22,J&KBANK,SOUTHBANK,True,9,1,4.9719696,6.4888954,18.503975
Private Banks (Mid/Small),2025-07-01,"KARURVYSYA,CUB",FEDERALBNK,True,9,2,-4.6646776,-10.153246,29.418158
Private Banks (Mid/Small),2025-07-01,"KARURVYSYA,CUB",IDFCFIRSTB,False,9,2,-7.4598722,-8.008808,16.587948
Private Banks (Mid/Small),2025-07-01,"KARURVYSYA,CUB",BANDHANBNK,False,9,2,-5.833316,-14.528561,-12.863804
Private Banks (Mid/Small),2025-07-01,"KARURVYSYA,CUB",RBLBANK,False,9,2,-0.13001561,7.3893666,22.427523
Private Banks (Mid/Small),2025-07-01,"KARURVYSYA,CUB",DCBBANK,False,9,2,-7.1068764,-13.197857,32.110455
Private Banks (Mid/Small),2025-07-01,"KARURVYSYA,CUB",SOUTHBANK,False,9,2,-4.7536554,-4.747337,33.6012
Private Banks (Mid/Small),2025-07-01,"KARURVYSYA,CUB",J&KBANK,True,9,2,-7.5265646,-10.487921,-8.688646
Private Banks (Mid/Small),2025-10-10,SOUTHBANK,FEDERALBNK,True,9,1,14.934379,31.36803,53.41105
Private Banks (Mid/Small),2025-10-10,SOUTHBANK,IDFCFIRSTB,True,9,1,10.489923,18.648838,3.0897331
Private Banks (Mid/Small),2025-10-10,SOUTHBANK,BANDHANBNK,True,9,1,-8.18786,-11.470735,15.930713
Private Banks (Mid/Small),2025-10-10,SOUTHBANK,RBLBANK,True,9,1,13.59995,13.208091,21.353525
Private Banks (Mid/Small),2025-10-10,SOUTHBANK,KARURVYSYA,False,9,1,10.974437,23.472786,58.997566
Private Banks (Mid/Small),2025-10-10,SOUTHBANK,CUB,True,9,1,31.314104,50.367462,67.74456
Private Banks (Mid/Small),2025-10-10,SOUTHBANK,DCBBANK,True,9,1,46.70102,52.051914,69.01038
Private Banks (Mid/Small),2025-10-10,SOUTHBANK,J&KBANK,True,9,1,-1.1079669,-1.5787306,30.981344
Private Banks (Mid/Small),2025-12-26,KARURVYSYA,FEDERALBNK,False,9,1,14.15962,16.091122,21.649122
Private Banks (Mid/Small),2025-12-26,KARURVYSYA,IDFCFIRSTB,True,9,1,5.340481,-11.901026,-12.667395
Private Banks (Mid/Small),2025-12-26,KARURVYSYA,BANDHANBNK,True,9,1,10.914326,33.476997,48.121788
Private Banks (Mid/Small),2025-12-26,KARURVYSYA,RBLBANK,True,9,1,3.0118284,12.165988,22.489405
Private Banks (Mid/Small),2025-12-26,KARURVYSYA,CUB,False,9,1,2.0620823,1.9366865,-25.890572
Private Banks (Mid/Small),2025-12-26,KARURVYSYA,DCBBANK,False,9,1,15.128147,20.621681,5.7917
Private Banks (Mid/Small),2025-12-26,KARURVYSYA,SOUTHBANK,False,9,1,33.27521,14.518333,34.180573
Private Banks (Mid/Small),2025-12-26,KARURVYSYA,J&KBANK,True,9,1,13.506651,34.749508,55.630745
Private Banks (Mid/Small),2026-02-24,J&KBANK,FEDERALBNK,True,9,4,-0.14184189,-5.103636,9.172916
Private Banks (Mid/Small),2026-02-24,J&KBANK,IDFCFIRSTB,True,9,4,-1.4416046,-10.60117,2.8851986
Private Banks (Mid/Small),2026-02-24,J&KBANK,RBLBANK,True,9,4,2.052331,-2.2055745,9.480726
Private Banks (Mid/Small),2026-02-24,J&KBANK,CUB,True,9,4,-7.38175,-15.864468,-37.195
Private Banks (Mid/Small),2026-02-24,J&KBANK,SOUTHBANK,True,9,4,-4.526932,-5.6933165,3.1848183
Private Banks (Mid/Small),2026-04-29,RBLBANK,FEDERALBNK,True,9,1,-0.6039381,19.263721,
Private Banks (Mid/Small),2026-04-29,RBLBANK,IDFCFIRSTB,False,9,1,-0.16541481,10.275246,
Private Banks (Mid/Small),2026-04-29,RBLBANK,BANDHANBNK,False,9,1,1.7359257,-21.43051,
Private Banks (Mid/Small),2026-04-29,RBLBANK,KARURVYSYA,False,9,1,-3.237629,9.188377,
Private Banks (Mid/Small),2026-04-29,RBLBANK,CUB,True,9,1,-10.540998,-24.20336,
Private Banks (Mid/Small),2026-04-29,RBLBANK,DCBBANK,True,9,1,-12.043821,-10.19684,
Private Banks (Mid/Small),2026-04-29,RBLBANK,SOUTHBANK,True,9,1,1.0973334,15.538443,
Private Banks (Mid/Small),2026-04-29,RBLBANK,J&KBANK,False,9,1,0.34085512,23.188936,
Private Banks (Mid/Small),2026-07-21,KARURVYSYA,FEDERALBNK,True,9,1,-0.54882765,,
Private Banks (Mid/Small),2026-07-21,KARURVYSYA,IDFCFIRSTB,True,9,1,2.7559042,,
Private Banks (Mid/Small),2026-07-21,KARURVYSYA,BANDHANBNK,True,9,1,-19.39497,,
Private Banks (Mid/Small),2026-07-21,KARURVYSYA,RBLBANK,True,9,1,3.262496,,
Private Banks (Mid/Small),2026-07-21,KARURVYSYA,CUB,False,9,1,-4.3688774,,
Private Banks (Mid/Small),2026-07-21,KARURVYSYA,DCBBANK,True,9,1,-4.7938766,,
Private Banks (Mid/Small),2026-07-21,KARURVYSYA,SOUTHBANK,True,9,1,-5.6723056,,
Private Banks (Mid/Small),2026-07-21,KARURVYSYA,J&KBANK,False,9,1,-20.667988,,
Small Finance Banks,2022-04-12,SURYODAY,AUBANK,False,4,1,0.358922,-45.74088,-53.22023
Small Finance Banks,2022-04-12,SURYODAY,UJJIVANSFB,False,4,1,5.3700747,3.3789454,32.515736
Small Finance Banks,2022-04-12,SURYODAY,EQUITASBNK,True,4,1,3.2422485,-16.070599,-11.726731
Small Finance Banks,2022-07-26,UJJIVANSFB,AUBANK,False,4,1,4.08752,-8.613289,-5.8689475
Small Finance Banks,2022-07-26,UJJIVANSFB,EQUITASBNK,False,4,1,-7.806402,-9.047056,5.6246405
Small Finance Banks,2022-07-26,UJJIVANSFB,SURYODAY,False,4,1,16.113949,12.114679,30.40427
Small Finance Banks,2022-11-07,UJJIVANSFB,AUBANK,True,4,1,2.282226,-0.13775826,26.66453
Small Finance Banks,2022-11-07,UJJIVANSFB,EQUITASBNK,True,4,1,5.9134245,10.078466,44.00815
Small Finance Banks,2022-11-07,UJJIVANSFB,SURYODAY,True,4,1,9.167671,8.962154,8.072781
Small Finance Banks,2023-02-23,EQUITASBNK,AUBANK,True,4,1,-2.061993,39.560005,9.535908
Small Finance Banks,2023-02-23,EQUITASBNK,UJJIVANSFB,False,4,1,-6.188184,16.702652,56.60902
Small Finance Banks,2023-02-23,EQUITASBNK,SURYODAY,False,4,1,1.331842,25.109911,58.573917
Small Finance Banks,2023-05-04,SURYODAY,UJJIVANSFB,False,4,2,23.024845,39.15473,71.263626
Small Finance Banks,2023-05-04,SURYODAY,EQUITASBNK,False,4,2,13.233555,16.354025,-0.86545944
Small Finance Banks,2023-08-01,UJJIVANSFB,AUBANK,True,4,1,-2.7164936,-6.102544,-18.997265
Small Finance Banks,2023-08-01,UJJIVANSFB,EQUITASBNK,False,4,1,-9.46666,-5.8936357,-9.609545
Small Finance Banks,2023-08-01,UJJIVANSFB,SURYODAY,False,4,1,-8.859045,-26.12471,-41.43283
Small Finance Banks,2023-10-03,UJJIVANSFB,AUBANK,True,4,1,-0.3987198,-0.6645565,-32.72998
Small Finance Banks,2023-10-03,UJJIVANSFB,EQUITASBNK,True,4,1,-2.019763,-4.112804,-18.957306
Small Finance Banks,2023-10-03,UJJIVANSFB,SURYODAY,True,4,1,-6.400317,-23.616934,-20.907486
Small Finance Banks,2023-12-14,EQUITASBNK,AUBANK,True,4,1,-5.807984,-36.909775,-34.87555
Small Finance Banks,2023-12-14,EQUITASBNK,UJJIVANSFB,True,4,1,-8.909625,-22.588104,-31.321423
Small Finance Banks,2023-12-14,EQUITASBNK,SURYODAY,True,4,1,-2.674973,-5.632734,-1.4175539
Small Finance Banks,2024-02-23,SURYODAY,AUBANK,False,4,1,2.6186943,-1.0213017,-13.691605
Small Finance Banks,2024-02-23,SURYODAY,UJJIVANSFB,True,4,1,-6.13941,-4.475343,-36.664307
Small Finance Banks,2024-02-23,SURYODAY,EQUITASBNK,True,4,1,-4.799593,-13.199335,-41.39151
Small Finance Banks,2024-06-05,AUBANK,UJJIVANSFB,False,4,1,-22.306448,-30.371136,-44.257164
Small Finance Banks,2024-06-05,AUBANK,EQUITASBNK,True,4,1,-14.104629,-30.808771,-41.819458
Small Finance Banks,2024-06-05,AUBANK,SURYODAY,False,4,1,-16.583717,-21.533108,-40.242958
Small Finance Banks,2024-09-05,AUBANK,UJJIVANSFB,True,4,1,-8.360124,-15.75421,-7.553631
Small Finance Banks,2024-09-05,AUBANK,EQUITASBNK,False,4,1,-10.899789,-23.314713,-10.8108635
Small Finance Banks,2024-09-05,AUBANK,SURYODAY,True,4,1,-6.050337,-21.932346,-17.9552
Small Finance Banks,2025-04-23,AUBANK,UJJIVANSFB,False,4,1,-4.1828394,-0.94320774,0.63010454
Small Finance Banks,2025-04-23,AUBANK,EQUITASBNK,False,4,1,-11.657268,-20.42517,-26.58947
Small Finance Banks,2025-04-23,AUBANK,SURYODAY,False,4,1,-12.604499,-8.670616,-2.1033168
Small Finance Banks,2025-10-01,SURYODAY,AUBANK,True,4,1,19.396162,37.65161,37.743916
Small Finance Banks,2025-10-01,SURYODAY,UJJIVANSFB,True,4,1,7.589329,13.106548,31.703306
Small Finance Banks,2025-10-01,SURYODAY,EQUITASBNK,True,4,1,2.3273706,11.747671,12.240357
Small Finance Banks,2026-01-22,UJJIVANSFB,AUBANK,True,4,1,-3.5212457,-6.905234,-11.003029
Small Finance Banks,2026-01-22,UJJIVANSFB,EQUITASBNK,True,4,1,-6.1069727,-17.152578,-7.1921706
Small Finance Banks,2026-01-22,UJJIVANSFB,SURYODAY,True,4,1,-17.056488,-14.745235,-1.8205404
Small Finance Banks,2026-05-08,SURYODAY,AUBANK,True,4,1,-5.9027014,-5.166978,
Small Finance Banks,2026-05-08,SURYODAY,UJJIVANSFB,False,4,1,-12.358022,13.227892,
Small Finance Banks,2026-05-08,SURYODAY,EQUITASBNK,False,4,1,3.8790345,2.0534396,
Small Finance Banks,2026-07-23,UJJIVANSFB,AUBANK,True,4,1,8.244944,,
Small Finance Banks,2026-07-23,UJJIVANSFB,EQUITASBNK,True,4,1,-4.746443,,
Small Finance Banks,2026-07-23,UJJIVANSFB,SURYODAY,True,4,1,-23.390226,,
Gold Loans,2022-08-05,MANAPPURAM,MUTHOOTFIN,True,2,1,-17.88336,-14.196282,-13.49718
Gold Loans,2022-11-14,MANAPPURAM,MUTHOOTFIN,True,2,1,-2.457428,-0.790149,-9.591943
Gold Loans,2023-12-04,MANAPPURAM,MUTHOOTFIN,True,2,1,-6.488812,-27.372442,-3.701664
Gold Loans,2025-02-13,MUTHOOTFIN,MANAPPURAM,False,2,1,17.251099,11.597442,26.517593
Gold Loans,2025-06-13,MANAPPURAM,MUTHOOTFIN,True,2,1,0.041615963,13.318895,49.016346
Gold Loans,2025-08-14,MUTHOOTFIN,MANAPPURAM,True,2,1,4.813242,0.9811878,28.248318
Gold Loans,2025-11-14,MUTHOOTFIN,MANAPPURAM,True,2,1,6.6136956,27.985756,29.395294
Housing Finance,2022-05-05,HOMEFIRST,LICHSGFIN,True,5,1,6.782794,8.135563,12.014723
Housing Finance,2022-05-05,HOMEFIRST,CANFINHOME,True,5,1,-11.146444,6.431061,-13.14246
Housing Finance,2022-05-05,HOMEFIRST,AAVAS,False,5,1,1.8954277,11.951881,-13.377953
Housing Finance,2022-05-05,HOMEFIRST,APTUS,False,5,1,-8.133215,-9.042734,-6.38566
Housing Finance,2022-07-29,CANFINHOME,LICHSGFIN,True,5,1,-0.84387064,4.3504486,-5.836845
Housing Finance,2022-07-29,CANFINHOME,AAVAS,True,5,1,-11.461973,-25.876814,-33.24286
Housing Finance,2022-07-29,CANFINHOME,APTUS,False,5,1,20.62229,4.408491,-6.95746
Housing Finance,2022-07-29,CANFINHOME,HOMEFIRST,True,5,1,19.992685,-13.015913,-20.482498
Housing Finance,2023-01-26,HOMEFIRST,LICHSGFIN,True,5,1,-4.2139707,-17.102493,-19.74752
Housing Finance,2023-01-26,HOMEFIRST,CANFINHOME,True,5,1,6.6253066,3.1578422,35.19989
Housing Finance,2023-01-26,HOMEFIRST,AAVAS,True,5,1,5.8657885,-14.580857,-38.760395
Housing Finance,2023-01-26,HOMEFIRST,APTUS,True,5,1,-5.7633815,4.4887066,-9.063435
Housing Finance,2023-05-01,CANFINHOME,LICHSGFIN,True,5,1,6.3941364,-3.0606146,3.645897
Housing Finance,2023-05-01,CANFINHOME,AAVAS,False,5,1,-3.8410902,-0.8904686,-15.698994
Housing Finance,2023-05-01,CANFINHOME,APTUS,False,5,1,5.416191,-3.3163662,-12.375677
Housing Finance,2023-05-01,CANFINHOME,HOMEFIRST,True,5,1,-6.175852,0.6058941,-5.7595024
Housing Finance,2023-07-14,APTUS,LICHSGFIN,True,5,1,3.1512618,5.0503006,11.099388
Housing Finance,2023-07-14,APTUS,CANFINHOME,False,5,1,-14.9243355,-17.851305,-31.828104
Housing Finance,2023-07-14,APTUS,AAVAS,True,5,1,-1.6132355,-3.5633564,-27.18036
Housing Finance,2023-07-14,APTUS,HOMEFIRST,True,5,1,-0.18874407,-9.315908,-13.62605
Housing Finance,2023-10-17,HOMEFIRST,LICHSGFIN,True,5,1,-1.7448425,6.648611,24.15526
Housing Finance,2023-10-17,HOMEFIRST,CANFINHOME,True,5,1,-2.2999225,-14.057619,-11.522579
Housing Finance,2023-10-17,HOMEFIRST,AAVAS,True,5,1,-3.8442135,-16.933025,-28.353453
Housing Finance,2023-10-17,HOMEFIRST,APTUS,True,5,1,2.3091614,-3.5576348,0.34306145
Housing Finance,2024-02-01,LICHSGFIN,CANFINHOME,True,5,1,-1.3341725,-9.223986,-5.2069187
Housing Finance,2024-02-01,LICHSGFIN,AAVAS,True,5,1,-2.074647,3.6908507,2.4309998
Housing Finance,2024-02-01,LICHSGFIN,APTUS,False,5,1,-4.948777,-7.587081,-26.526712
Housing Finance,2024-02-01,LICHSGFIN,HOMEFIRST,True,5,1,-11.058419,-14.980477,1.6284466
Housing Finance,2024-04-08,AAVAS,LICHSGFIN,True,5,1,-3.8204253,13.797425,-16.687084
Housing Finance,2024-04-08,AAVAS,CANFINHOME,True,5,1,-6.78066,3.1667109,-11.791445
Housing Finance,2024-04-08,AAVAS,APTUS,True,5,1,-2.1270156,-6.1498523,-7.3504333
Housing Finance,2024-04-08,AAVAS,HOMEFIRST,True,5,1,-11.092329,6.9647303,15.479813
Housing Finance,2024-06-14,HOMEFIRST,LICHSGFIN,True,5,1,0.43674707,-16.130615,-23.965252
Housing Finance,2024-06-14,HOMEFIRST,CANFINHOME,True,5,1,-2.1361113,-6.772793,-12.078881
Housing Finance,2024-06-14,HOMEFIRST,AAVAS,False,5,1,-10.219508,-9.877265,-19.909561
Housing Finance,2024-06-14,HOMEFIRST,APTUS,True,5,1,-12.293029,-17.64378,-18.20594
Housing Finance,2024-09-20,APTUS,LICHSGFIN,True,5,1,-6.7376556,-7.8304353,2.1831512
Housing Finance,2024-09-20,APTUS,CANFINHOME,True,5,1,0.45014024,-8.600039,-6.6840897
Housing Finance,2024-09-20,APTUS,AAVAS,True,5,1,-6.4374924,-11.940443,17.340183
Housing Finance,2024-09-20,APTUS,HOMEFIRST,True,5,1,-7.0564146,-18.725586,2.6240997
Housing Finance,2025-03-10,AAVAS,LICHSGFIN,True,5,1,6.2659025,-1.3611794,-10.751498
Housing Finance,2025-03-10,AAVAS,CANFINHOME,False,5,1,6.4789534,12.066961,5.8295727
Housing Finance,2025-03-10,AAVAS,APTUS,True,5,1,-0.68690777,-10.002016,-7.8019385
Housing Finance,2025-03-10,AAVAS,HOMEFIRST,True,5,1,5.345607,7.7059517,8.855474
Housing Finance,2025-10-20,CANFINHOME,LICHSGFIN,True,5,1,-0.09279847,-2.5207644,14.773279
Housing Finance,2025-10-20,CANFINHOME,AAVAS,True,5,1,4.5730295,-3.4389381,-15.816618
Housing Finance,2025-10-20,CANFINHOME,APTUS,True,5,1,-6.688571,-6.0789766,-17.087477
Housing Finance,2025-10-20,CANFINHOME,HOMEFIRST,True,5,1,-4.032504,-10.418761,2.8396368
Housing Finance,2026-05-07,APTUS,LICHSGFIN,True,5,1,-5.1565046,-8.788919,
Housing Finance,2026-05-07,APTUS,CANFINHOME,True,5,1,-6.073642,-8.935589,
Housing Finance,2026-05-07,APTUS,AAVAS,False,5,1,-6.5949316,-5.0527987,
Housing Finance,2026-05-07,APTUS,HOMEFIRST,False,5,1,-11.208474,-3.444159,
Microfinance,2022-04-15,CREDITACC,SPANDANA,False,3,1,8.091676,13.154441,37.578156
Microfinance,2023-05-02,SPANDANA,CREDITACC,True,3,1,19.815266,24.35409,3.9326553
Microfinance,2023-05-02,SPANDANA,FUSION,True,3,1,13.617564,31.04434,10.244633
Microfinance,2023-07-24,SPANDANA,CREDITACC,False,3,1,-2.312243,-17.518002,3.7857056
Microfinance,2023-07-24,SPANDANA,FUSION,False,3,1,-14.90283,-16.316914,-32.067474
Microfinance,2023-10-24,CREDITACC,SPANDANA,True,3,1,14.644468,21.624004,-17.079628
Microfinance,2023-10-24,CREDITACC,FUSION,True,3,1,-7.7379584,-15.870202,-45.14069
Microfinance,2025-06-12,FUSION,CREDITACC,False,3,1,5.9639573,13.002193,15.285515
Microfinance,2025-06-12,FUSION,SPANDANA,False,3,1,-1.507771,-5.7137074,-1.2880979
Microfinance,2025-10-27,CREDITACC,SPANDANA,True,3,1,11.756128,3.6610184,-0.76249313
Microfinance,2025-10-27,CREDITACC,FUSION,False,3,1,-7.5867767,-1.0374613,-9.500467
Microfinance,2026-05-05,CREDITACC,SPANDANA,False,3,1,-4.6418667,-3.3759356,
Microfinance,2026-05-05,CREDITACC,FUSION,False,3,1,-13.631905,7.842469,
Microfinance,2026-07-02,FUSION,CREDITACC,True,3,1,5.7346287,-15.643913,
Microfinance,2026-07-02,FUSION,SPANDANA,False,3,1,-7.2708664,-21.333271,
Brokers,2022-04-21,ANGELONE,MOTILALOFS,True,3,1,5.64602,1.4649801,-19.798876
Brokers,2022-09-08,ANGELONE,MOTILALOFS,True,3,1,-3.6514935,-17.95441,-17.686264
Brokers,2023-07-26,MOTILALOFS,ANGELONE,False,3,1,8.325636,26.06039,104.06336
Brokers,2023-10-10,ANGELONE,MOTILALOFS,False,3,1,8.566416,26.263084,76.320244
Brokers,2024-04-19,MOTILALOFS,ANGELONE,False,3,1,-1.4929771,-32.58159,-21.83156
Brokers,2025-10-13,MOTILALOFS,ANGELONE,False,3,1,12.063664,5.5820704,-66.6449
Brokers,2025-10-13,MOTILALOFS,IIFLCAPS,True,3,1,2.893716,29.595137,13.254148
Brokers,2026-01-05,IIFLCAPS,ANGELONE,True,3,1,21.841467,-69.310776,-84.977425
Brokers,2026-01-05,IIFLCAPS,MOTILALOFS,True,3,1,-3.6638489,-1.4075947,10.399032
Brokers,2026-05-04,MOTILALOFS,ANGELONE,False,3,1,9.029937,-5.9182286,
Brokers,2026-05-04,MOTILALOFS,IIFLCAPS,False,3,1,7.8460813,2.7841449,
Brokers,2026-08-21,MOTILALOFS,ANGELONE,True,3,1,4.810214,,
Brokers,2026-08-21,MOTILALOFS,IIFLCAPS,True,3,1,3.6993027,,
Exchanges / Depositories / RTA,2022-08-31,CDSL,BSE,True,5,1,-4.1962504,-12.81706,-20.851904
Exchanges / Depositories / RTA,2022-08-31,CDSL,MCX,True,5,1,-6.533015,29.087412,16.566116
Exchanges / Depositories / RTA,2022-08-31,CDSL,CAMS,True,5,1,8.890545,-3.0177414,1.7124772
Exchanges / Depositories / RTA,2022-10-26,MCX,BSE,True,5,1,-9.457839,-16.878765,-16.430069
Exchanges / Depositories / RTA,2022-10-26,MCX,CDSL,False,5,1,-2.121979,-17.236185,-20.0634
Exchanges / Depositories / RTA,2022-10-26,MCX,CAMS,True,5,1,-13.926458,-15.319878,-15.21225
Exchanges / Depositories / RTA,2023-04-26,BSE,MCX,True,5,1,-7.6653423,-2.3178453,20.61869
Exchanges / Depositories / RTA,2023-04-26,BSE,CDSL,True,5,1,-5.588484,8.578432,5.341839
Exchanges / Depositories / RTA,2023-04-26,BSE,CAMS,True,5,1,0.6640434,-7.305729,-16.690445
Exchanges / Depositories / RTA,2023-04-26,BSE,KFINTECH,True,5,1,-0.56579113,1.9667149,12.117767
Exchanges / Depositories / RTA,2023-07-03,"BSE,CDSL,CAMS",MCX,True,5,3,4.286742,12.189627,85.746826
Exchanges / Depositories / RTA,2023-07-03,"BSE,CDSL,CAMS",KFINTECH,False,5,3,-0.6212592,10.732639,9.250818
Exchanges / Depositories / RTA,2023-08-31,KFINTECH,BSE,False,5,2,19.967522,116.09192,118.56309
Exchanges / Depositories / RTA,2023-08-31,KFINTECH,MCX,True,5,2,22.308064,66.021034,78.4082
Exchanges / Depositories / RTA,2023-08-31,KFINTECH,CDSL,True,5,2,15.22106,46.763668,35.525414
Exchanges / Depositories / RTA,2023-10-27,BSE,CDSL,True,5,2,23.676895,9.787287,18.876907
Exchanges / Depositories / RTA,2023-10-27,BSE,CAMS,True,5,2,22.715807,8.329378,25.540459
Exchanges / Depositories / RTA,2023-10-27,BSE,KFINTECH,True,5,2,4.714108,-6.7618256,6.3337555
Exchanges / Depositories / RTA,2024-02-08,CDSL,BSE,True,5,1,-6.329775,16.201174,-12.014317
Exchanges / Depositories / RTA,2024-02-08,CDSL,MCX,False,5,1,-2.4483557,7.529056,-1.7113209
Exchanges / Depositories / RTA,2024-02-08,CDSL,CAMS,True,5,1,3.110725,15.735531,36.32853
Exchanges / Depositories / RTA,2024-02-08,CDSL,KFINTECH,False,5,1,2.114028,27.690447,8.00432
Exchanges / Depositories / RTA,2024-04-04,BSE,MCX,True,5,1,14.705097,1.5869141,46.08677
Exchanges / Depositories / RTA,2024-04-04,BSE,CDSL,True,5,1,6.4245105,-4.0930157,-40.160084
Exchanges / Depositories / RTA,2024-04-04,BSE,CAMS,True,5,1,1.1895657,2.1347275,26.717829
Exchanges / Depositories / RTA,2024-04-04,BSE,KFINTECH,False,5,1,31.542564,5.4399967,47.396973
Exchanges / Depositories / RTA,2024-06-28,CDSL,BSE,True,5,1,-10.901672,45.018612,118.68869
Exchanges / Depositories / RTA,2024-06-28,CDSL,MCX,False,5,1,-0.1650691,38.6336,65.62695
Exchanges / Depositories / RTA,2024-06-28,CDSL,CAMS,True,5,1,11.045086,19.819235,45.83613
Exchanges / Depositories / RTA,2024-06-28,CDSL,KFINTECH,False,5,1,4.9746156,41.30839,95.31952
Exchanges / Depositories / RTA,2024-08-27,KFINTECH,BSE,True,5,1,46.26881,90.08392,123.493225
Exchanges / Depositories / RTA,2024-08-27,KFINTECH,MCX,False,5,1,19.957138,36.690323,33.86064
Exchanges / Depositories / RTA,2024-08-27,KFINTECH,CDSL,False,5,1,-3.5381436,4.8866034,-3.69448
Exchanges / Depositories / RTA,2024-08-27,KFINTECH,CAMS,False,5,1,2.2899508,14.412087,-0.5008764
Exchanges / Depositories / RTA,2024-12-19,KFINTECH,BSE,False,5,1,10.181898,-7.7422447,-45.292595
Exchanges / Depositories / RTA,2024-12-19,KFINTECH,MCX,True,5,1,-2.0519438,-1.9784985,25.19871
Exchanges / Depositories / RTA,2024-12-19,KFINTECH,CDSL,False,5,1,-11.379814,-22.07172,-5.865443
Exchanges / Depositories / RTA,2024-12-19,KFINTECH,CAMS,True,5,1,-6.415719,-9.17437,-11.317844
Exchanges / Depositories / RTA,2025-04-22,KFINTECH,BSE,False,5,1,13.567364,-69.78779,-67.00593
Exchanges / Depositories / RTA,2025-04-22,KFINTECH,MCX,False,5,1,3.102851,29.877829,42.84314
Exchanges / Depositories / RTA,2025-04-22,KFINTECH,CDSL,False,5,1,7.0188284,20.828999,16.697575
Exchanges / Depositories / RTA,2025-04-22,KFINTECH,CAMS,False,5,1,-6.4080715,-5.2768464,-10.091537
Exchanges / Depositories / RTA,2025-06-26,MCX,BSE,False,5,2,-10.670585,-24.334812,-1.203197
Exchanges / Depositories / RTA,2025-06-26,MCX,CAMS,True,5,2,-1.9482136,-5.978477,-76.27835
Exchanges / Depositories / RTA,2025-06-26,MCX,KFINTECH,False,5,2,-8.427167,-18.601221,-18.369072
Exchanges / Depositories / RTA,2025-10-14,MCX,BSE,True,5,1,7.7561975,12.842602,38.299835
Exchanges / Depositories / RTA,2025-10-14,MCX,CDSL,True,5,1,-3.98978,-10.091954,-9.852774
Exchanges / Depositories / RTA,2025-10-14,MCX,CAMS,True,5,1,1.2997031,-77.86068,-61.218216
Exchanges / Depositories / RTA,2025-10-14,MCX,KFINTECH,True,5,1,-4.766196,-3.909248,-0.8180561
Exchanges / Depositories / RTA,2026-05-05,CAMS,BSE,False,5,1,1.1096001,-14.283622,
Exchanges / Depositories / RTA,2026-05-05,CAMS,MCX,False,5,1,-5.9809866,-14.537251,
Exchanges / Depositories / RTA,2026-05-05,CAMS,CDSL,False,5,1,-2.922386,3.3887625,
Exchanges / Depositories / RTA,2026-05-05,CAMS,KFINTECH,False,5,1,-4.898894,4.8128004,
Exchanges / Depositories / RTA,2026-07-27,KFINTECH,BSE,True,5,1,-8.539677,,
Exchanges / Depositories / RTA,2026-07-27,KFINTECH,MCX,False,5,1,16.412937,,
Exchanges / Depositories / RTA,2026-07-27,KFINTECH,CDSL,True,5,1,2.0177722,,
Exchanges / Depositories / RTA,2026-07-27,KFINTECH,CAMS,True,5,1,-6.4133644,,
AMCs,2022-08-10,NAM-INDIA,HDFCAMC,True,4,1,-11.280662,-5.5829763,-14.036769
AMCs,2022-08-10,NAM-INDIA,UTIAMC,True,4,1,2.623188,-19.51158,-11.250729
AMCs,2022-08-10,NAM-INDIA,ABSLAMC,True,4,1,0.059747696,-9.875578,-6.217146
AMCs,2022-12-07,HDFCAMC,NAM-INDIA,True,4,1,-4.3518424,-6.8597383,-16.354137
AMCs,2022-12-07,HDFCAMC,UTIAMC,True,4,1,8.078802,-6.9046907,-18.291992
AMCs,2022-12-07,HDFCAMC,ABSLAMC,True,4,1,6.7690372,-2.982932,-21.826118
AMCs,2023-06-20,HDFCAMC,NAM-INDIA,True,4,1,14.801383,18.194675,47.915806
AMCs,2023-06-20,HDFCAMC,UTIAMC,True,4,1,19.711113,6.4941406,5.055092
AMCs,2023-06-20,HDFCAMC,ABSLAMC,True,4,1,-0.7604122,-2.4583225,1.5712605
AMCs,2023-10-12,NAM-INDIA,HDFCAMC,True,4,1,3.6576748,8.389259,26.34717
AMCs,2023-10-12,NAM-INDIA,UTIAMC,True,4,1,1.053077,-2.690446,-8.054138
AMCs,2023-10-12,NAM-INDIA,ABSLAMC,True,4,1,6.1285853,-5.9972878,-7.3603396
AMCs,2024-02-27,ABSLAMC,HDFCAMC,False,4,1,5.827945,-2.597344,-4.4906616
AMCs,2024-02-27,ABSLAMC,NAM-INDIA,True,4,1,-8.404691,14.910304,12.851942
AMCs,2024-02-27,ABSLAMC,UTIAMC,True,4,1,-3.1097298,-3.4885466,-0.12143803
AMCs,2024-04-24,ABSLAMC,HDFCAMC,True,4,1,5.998242,1.7265911,6.079853
AMCs,2024-04-24,ABSLAMC,NAM-INDIA,False,4,1,0.35876036,-0.26084137,-1.1137238
AMCs,2024-04-24,ABSLAMC,UTIAMC,True,4,1,-3.3778667,6.9836617,17.57195
AMCs,2024-07-16,UTIAMC,HDFCAMC,True,4,1,2.5947392,0.14556646,-1.2513399
AMCs,2024-07-16,UTIAMC,NAM-INDIA,False,4,1,-1.2900054,-1.7640829,16.629398
AMCs,2024-07-16,UTIAMC,ABSLAMC,False,4,1,-0.54006577,-1.5723348,20.181477
AMCs,2024-10-16,"HDFCAMC,NAM-INDIA,ABSLAMC",UTIAMC,False,4,3,3.5420418,-4.0128164,-1.9152699
AMCs,2025-05-19,ABSLAMC,HDFCAMC,False,4,1,0.21412373,14.822709,9.99794
AMCs,2025-05-19,ABSLAMC,NAM-INDIA,False,4,1,-3.4944713,8.131623,13.775802
AMCs,2025-05-19,ABSLAMC,UTIAMC,True,4,1,5.877865,15.102863,1.4405012
AMCs,2025-07-18,HDFCAMC,NAM-INDIA,False,4,2,3.5854757,10.242939,13.129122
AMCs,2025-07-18,HDFCAMC,ABSLAMC,False,4,2,4.678607,3.5205126,4.879338
AMCs,2026-03-10,ABSLAMC,HDFCAMC,True,4,1,-8.135128,-12.366742,-14.719426
AMCs,2026-03-10,ABSLAMC,NAM-INDIA,True,4,1,-9.186518,0.07483959,6.978739
AMCs,2026-03-10,ABSLAMC,UTIAMC,True,4,1,1.8641174,-11.600441,-22.471905
Life Insurance,2022-07-29,SBILIFE,HDFCLIFE,True,4,1,-3.266704,-12.508129,-1.9567852
Life Insurance,2022-07-29,SBILIFE,ICICIPRULI,True,4,1,0.5930066,-14.500314,-21.176857
Life Insurance,2022-07-29,SBILIFE,LICI,False,4,1,-7.4474573,-20.673578,-7.552493
Life Insurance,2022-12-12,LICI,HDFCLIFE,True,4,1,6.9865704,-6.7418633,-3.854692
Life Insurance,2022-12-12,LICI,SBILIFE,True,4,1,4.860437,-2.4111032,-7.8673005
Life Insurance,2022-12-12,LICI,ICICIPRULI,True,4,1,4.9375176,-1.8544731,-1.8796206
Life Insurance,2023-06-20,HDFCLIFE,SBILIFE,True,4,1,-2.067566,-9.5054035,-10.183037
Life Insurance,2023-06-20,HDFCLIFE,ICICIPRULI,False,4,1,-1.508081,-14.998764,-26.313871
Life Insurance,2023-06-20,HDFCLIFE,LICI,True,4,1,-5.080682,-8.805931,1.3051987
Life Insurance,2023-11-27,LICI,HDFCLIFE,True,4,1,-10.355669,-31.401295,-33.738472
Life Insurance,2023-11-27,LICI,SBILIFE,True,4,1,-7.234013,-13.391411,-16.42598
Life Insurance,2023-11-27,LICI,ICICIPRULI,True,4,1,-12.712842,-26.342474,-9.983981
Life Insurance,2024-03-11,ICICIPRULI,HDFCLIFE,True,4,1,-3.3481956,-18.712175,-9.882975
Life Insurance,2024-03-11,ICICIPRULI,SBILIFE,True,4,1,-6.4309893,-16.493452,-9.522032
Life Insurance,2024-03-11,ICICIPRULI,LICI,False,4,1,-7.065028,-1.8070698,-11.074149
Life Insurance,2024-07-26,ICICIPRULI,HDFCLIFE,False,4,1,1.3532877,2.792406,-7.525992
Life Insurance,2024-07-26,ICICIPRULI,SBILIFE,False,4,1,-0.10330677,-5.3310213,-8.990543
Life Insurance,2024-07-26,ICICIPRULI,LICI,False,4,1,-12.678993,-23.828882,-24.493187
Life Insurance,2025-04-25,SBILIFE,HDFCLIFE,True,4,1,3.739881,-5.822742,-3.8218017
Life Insurance,2025-04-25,SBILIFE,ICICIPRULI,True,4,1,2.1279454,-6.0374975,-10.734898
Life Insurance,2025-04-25,SBILIFE,LICI,True,4,1,2.9967904,4.7090406,3.7539845
Life Insurance,2025-06-27,HDFCLIFE,SBILIFE,True,4,2,-0.5899489,-2.3951352,15.500962
Life Insurance,2025-06-27,HDFCLIFE,ICICIPRULI,True,4,2,-4.089761,-7.9639616,4.1986523
Life Insurance,2026-02-06,LICI,HDFCLIFE,True,4,1,1.8527088,-19.786203,-28.980476
Life Insurance,2026-02-06,LICI,SBILIFE,True,4,1,4.0611744,-12.42134,-15.315474
Life Insurance,2026-02-06,LICI,ICICIPRULI,True,4,1,1.0941563,-24.743425,-31.517393
General Insurance,2022-11-10,NIACL,ICICIGI,True,4,1,6.1674356,3.1555831,-8.42802
General Insurance,2022-11-10,NIACL,STARHEALTH,False,4,1,-18.263668,-22.542011,-15.564698
General Insurance,2023-05-04,NIACL,ICICIGI,True,4,1,8.962512,9.000385,-6.202589
General Insurance,2023-05-04,NIACL,STARHEALTH,True,4,1,-15.587324,-11.785566,-34.28846
General Insurance,2023-09-15,NIACL,ICICIGI,True,4,1,-7.0124745,-1.1861682,-1.9513378
General Insurance,2023-09-15,NIACL,STARHEALTH,True,4,1,-11.632789,-19.513172,-36.483402
General Insurance,2023-11-22,NIACL,ICICIGI,True,4,1,-6.0103836,-3.7545443,-1.8895626
General Insurance,2023-11-22,NIACL,STARHEALTH,True,4,1,-10.40619,-18.75248,-28.458982
General Insurance,2024-06-17,ICICIGI,STARHEALTH,True,4,1,5.212176,8.960211,-18.343956
General Insurance,2024-06-17,ICICIGI,GODIGIT,False,4,1,-6.270981,4.22976,-7.344353
General Insurance,2024-06-17,ICICIGI,NIACL,False,4,1,11.11524,-4.6037197,-29.214066
General Insurance,2024-08-30,GODIGIT,ICICIGI,False,4,1,3.387463,-8.986818,-0.24389648
General Insurance,2024-08-30,GODIGIT,STARHEALTH,True,4,1,-3.292799,-19.242119,-18.105913
General Insurance,2024-08-30,GODIGIT,NIACL,False,4,1,-12.969292,-26.639109,-22.951342
General Insurance,2025-05-15,STARHEALTH,ICICIGI,True,4,1,-4.086983,-0.64331293,3.158784
General Insurance,2025-05-15,STARHEALTH,GODIGIT,True,4,1,9.431219,21.192907,15.995622
General Insurance,2025-05-15,STARHEALTH,NIACL,True,4,1,3.8104892,8.689404,-1.5544295
General Insurance,2025-10-15,ICICIGI,STARHEALTH,True,4,1,2.3508787,-5.603629,16.92124
General Insurance,2025-10-15,ICICIGI,GODIGIT,True,4,1,-1.4887452,-3.2256484,6.1567726
General Insurance,2025-10-15,ICICIGI,NIACL,True,4,1,-1.9551754,-15.571486,-18.552784
General Insurance,2026-04-14,NIACL,ICICIGI,True,4,1,-4.9141407,-10.673022,-26.190746
General Insurance,2026-04-14,NIACL,STARHEALTH,True,4,1,3.5987372,13.873636,3.0603647
General Insurance,2026-04-14,NIACL,GODIGIT,True,4,1,-8.050293,-13.843351,-31.849878
General Insurance,2026-06-19,NIACL,ICICIGI,True,4,1,-13.897961,-23.945147,
General Insurance,2026-06-19,NIACL,STARHEALTH,True,4,1,0.35806894,-5.029702,
General Insurance,2026-06-19,NIACL,GODIGIT,True,4,1,-7.9680204,-18.265974,
General Insurance,2026-09-04,NIACL,ICICIGI,True,4,1,7.8016105,,
General Insurance,2026-09-04,NIACL,STARHEALTH,True,4,1,0.766063,,
General Insurance,2026-09-04,NIACL,GODIGIT,False,4,1,3.5173776,,
Power Finance PSU,2022-11-28,RECLTD,PFC,False,3,1,4.7752085,10.970354,22.552027
Power Finance PSU,2023-05-01,RECLTD,PFC,True,3,1,-1.4315486,31.384586,21.964703
Power Finance PSU,2023-07-27,RECLTD,PFC,False,3,1,1.6368866,-15.962118,27.027714
Power Finance PSU,2024-05-01,RECLTD,PFC,False,3,1,17.278141,7.3637123,-9.349762
Power Finance PSU,2024-05-01,RECLTD,IREDA,False,3,1,5.680341,30.33619,-1.3561707
Power Finance PSU,2024-07-03,IREDA,PFC,False,3,1,0.08045435,-16.193825,-15.868414
Power Finance PSU,2024-07-03,IREDA,RECLTD,False,3,1,9.805643,-10.29821,-9.314537
Power Finance PSU,2026-02-03,PFC,RECLTD,True,3,1,-6.641573,-7.363147,-16.68173
Power Finance PSU,2026-02-03,PFC,IREDA,True,3,1,-9.945453,-0.6049037,-18.789625
IT Services (Large),2023-02-16,TECHM,TCS,True,6,1,-5.665928,-17.93467,-32.705124
IT Services (Large),2023-02-16,TECHM,INFY,True,6,1,-7.5236197,-31.762392,-43.088737
IT Services (Large),2023-02-16,TECHM,HCLTECH,True,6,1,-0.12296438,-13.730473,-28.496574
IT Services (Large),2023-02-16,TECHM,WIPRO,True,6,1,-4.2200384,-16.340454,-30.762285
IT Services (Large),2023-02-16,TECHM,LTIM,True,6,1,-3.163272,-19.572783,-33.536224
IT Services (Large),2023-07-17,WIPRO,TCS,True,6,1,-4.8959017,-7.044971,-16.784048
IT Services (Large),2023-07-17,WIPRO,INFY,True,6,1,-5.763471,-7.555425,-16.907942
IT Services (Large),2023-07-17,WIPRO,HCLTECH,True,6,1,-2.2022247,-2.9372454,2.6709328
IT Services (Large),2023-07-17,WIPRO,TECHM,True,6,1,-5.5204334,-13.639509,-21.524656
IT Services (Large),2023-07-17,WIPRO,LTIM,True,6,1,-2.559054,-9.85055,-8.810902
IT Services (Large),2023-12-15,"TCS,INFY,WIPRO,LTIM",HCLTECH,True,6,4,-4.6328425,0.69499016,-23.989672
IT Services (Large),2023-12-15,"TCS,INFY,WIPRO,LTIM",TECHM,True,6,4,-7.8027844,-16.510124,-24.461494
IT Services (Large),2024-06-27,WIPRO,TCS,True,6,1,4.9532886,0.46056557,2.9258137
IT Services (Large),2024-06-27,WIPRO,INFY,True,6,1,11.067034,11.651886,16.304434
IT Services (Large),2024-06-27,WIPRO,HCLTECH,True,6,1,4.2029376,10.614372,24.528229
IT Services (Large),2024-06-27,WIPRO,TECHM,True,6,1,1.9069552,2.6467571,14.631237
IT Services (Large),2024-06-27,WIPRO,LTIM,True,6,1,-0.8106947,9.858501,14.078594
IT Services (Large),2026-01-19,TECHM,TCS,True,6,1,-14.126026,-16.917992,-41.771072
IT Services (Large),2026-01-19,TECHM,INFY,True,6,1,-18.452765,-19.130028,-44.819466
IT Services (Large),2026-01-19,TECHM,HCLTECH,True,6,1,-14.533674,-8.877808,-38.41456
IT Services (Large),2026-01-19,TECHM,WIPRO,True,6,1,-12.971783,-12.550879,-35.934704
IT Services (Large),2026-01-19,TECHM,LTIM,True,6,1,-19.791275,,
IT Services (Mid),2022-08-15,KPITTECH,PERSISTENT,True,8,1,-17.8299,-1.9313931,28.089262
IT Services (Mid),2022-08-15,KPITTECH,COFORGE,True,8,1,-14.334965,-6.3367724,17.891788
IT Services (Mid),2022-08-15,KPITTECH,MPHASIS,True,8,1,-18.719584,-25.239634,-14.721239
IT Services (Mid),2022-08-15,KPITTECH,LTTS,True,8,1,-1.267457,-5.404556,-13.417662
IT Services (Mid),2022-08-15,KPITTECH,CYIENT,True,8,1,-4.267359,-19.201792,-2.3902655
IT Services (Mid),2022-08-15,KPITTECH,BSOFT,True,8,1,-10.466564,-28.935825,-20.20945
IT Services (Mid),2022-08-15,KPITTECH,SONATSOFTW,True,8,1,-24.365723,-31.702965,-16.03353
IT Services (Mid),2022-10-21,KPITTECH,PERSISTENT,True,8,1,3.4861445,8.652914,27.432442
IT Services (Mid),2022-10-21,KPITTECH,COFORGE,True,8,1,-3.1062067,-3.6239147,2.8975964
IT Services (Mid),2022-10-21,KPITTECH,MPHASIS,True,8,1,-6.343144,-4.57952,-12.856489
IT Services (Mid),2022-10-21,KPITTECH,LTTS,True,8,1,6.619537,-5.985409,-1.7130613
IT Services (Mid),2022-10-21,KPITTECH,CYIENT,True,8,1,3.3472538,11.853468,38.36689
IT Services (Mid),2022-10-21,KPITTECH,BSOFT,True,8,1,0.254488,0.5406141,-8.971697
IT Services (Mid),2022-10-21,KPITTECH,SONATSOFTW,False,8,1,1.2382746,10.563862,75.460304
IT Services (Mid),2023-01-12,CYIENT,PERSISTENT,True,8,1,25.478863,18.021626,8.659756
IT Services (Mid),2023-01-12,CYIENT,COFORGE,True,8,1,15.371776,6.172496,9.726931
IT Services (Mid),2023-01-12,CYIENT,MPHASIS,True,8,1,10.439169,-7.2200956,-22.012287
IT Services (Mid),2023-01-12,CYIENT,LTTS,True,8,1,0.24440289,-0.892359,-11.783886
IT Services (Mid),2023-01-12,CYIENT,KPITTECH,True,8,1,22.202541,4.5277176,24.821236
IT Services (Mid),2023-01-12,CYIENT,BSOFT,True,8,1,0.39776564,-7.5238466,3.5819302
IT Services (Mid),2023-01-12,CYIENT,SONATSOFTW,True,8,1,17.610611,59.981567,63.306484
IT Services (Mid),2023-03-20,KPITTECH,PERSISTENT,True,8,2,-21.45678,-14.4361725,-19.577799
IT Services (Mid),2023-03-20,KPITTECH,COFORGE,True,8,2,-7.514096,-0.36669922,3.8716583
IT Services (Mid),2023-03-20,KPITTECH,MPHASIS,True,8,2,-15.380812,-20.022451,-9.633419
IT Services (Mid),2023-03-20,KPITTECH,LTTS,True,8,2,-13.328559,-13.410484,-18.178974
IT Services (Mid),2023-03-20,KPITTECH,CYIENT,True,8,2,2.9660702,27.578938,40.049904
IT Services (Mid),2023-03-20,KPITTECH,BSOFT,True,8,2,-15.913385,0.024557114,43.709755
IT Services (Mid),2023-05-16,BSOFT,PERSISTENT,True,8,2,0.42737722,-14.597381,9.579897
IT Services (Mid),2023-05-16,BSOFT,COFORGE,True,8,2,2.2542472,0.937521,-2.4284363
IT Services (Mid),2023-05-16,BSOFT,MPHASIS,True,8,2,-5.4391026,6.9236393,-8.050358
IT Services (Mid),2023-05-16,BSOFT,LTTS,True,8,2,-3.64964,-6.402648,-12.183332
IT Services (Mid),2023-05-16,BSOFT,KPITTECH,False,8,2,11.453045,6.174074,5.5480957
IT Services (Mid),2023-05-16,BSOFT,SONATSOFTW,False,8,2,2.3380637,-10.798979,-3.789938
IT Services (Mid),2023-07-17,MPHASIS,PERSISTENT,True,8,1,-4.1840196,1.5234709,27.073277
IT Services (Mid),2023-07-17,MPHASIS,COFORGE,False,8,1,2.7344823,-7.602453,-1.0350704
IT Services (Mid),2023-07-17,MPHASIS,LTTS,True,8,1,0.04169941,4.610634,1.2340069
IT Services (Mid),2023-07-17,MPHASIS,KPITTECH,False,8,1,-0.36447048,-7.343602,1.8378258
IT Services (Mid),2023-07-17,MPHASIS,CYIENT,False,8,1,3.0064106,1.9805555,24.321342
IT Services (Mid),2023-07-17,MPHASIS,BSOFT,False,8,1,13.023567,19.097912,44.57411
IT Services (Mid),2023-07-17,MPHASIS,SONATSOFTW,True,8,1,-7.035369,-13.457787,-60.222214
IT Services (Mid),2023-11-06,BSOFT,PERSISTENT,True,8,1,-4.0901065,21.778502,-96.25148
IT Services (Mid),2023-11-06,BSOFT,COFORGE,True,8,1,3.7409544,0.57492256,-31.47285
IT Services (Mid),2023-11-06,BSOFT,MPHASIS,True,8,1,0.9752388,0.3307457,-23.020638
IT Services (Mid),2023-11-06,BSOFT,LTTS,True,8,1,4.1926622,5.8915253,-3.2004719
IT Services (Mid),2023-11-06,BSOFT,KPITTECH,True,8,1,8.685184,-19.35761,-24.651611
IT Services (Mid),2023-11-06,BSOFT,CYIENT,True,8,1,22.18219,-3.098381,-10.344971
IT Services (Mid),2023-11-06,BSOFT,SONATSOFTW,True,8,1,5.590618,-62.38938,-71.322556
IT Services (Mid),2024-07-18,BSOFT,PERSISTENT,False,8,1,-0.9474516,2.449572,26.192045
IT Services (Mid),2024-07-18,BSOFT,COFORGE,False,8,1,-0.37295818,16.811132,56.580887
IT Services (Mid),2024-07-18,BSOFT,MPHASIS,True,8,1,-2.2881985,-3.861618,-3.3738256
IT Services (Mid),2024-07-18,BSOFT,LTTS,True,8,1,3.1289577,2.5496721,-5.7671366
IT Services (Mid),2024-07-18,BSOFT,KPITTECH,False,8,1,-2.0576835,-11.405743,-26.618826
IT Services (Mid),2024-07-18,BSOFT,CYIENT,True,8,1,-0.77010393,-0.08351803,-4.807031
IT Services (Mid),2024-07-18,BSOFT,SONATSOFTW,False,8,1,-8.535624,-19.433254,-11.121148
IT Services (Mid),2024-10-24,COFORGE,PERSISTENT,True,8,1,3.4417927,5.844551,-3.7972631
IT Services (Mid),2024-10-24,COFORGE,MPHASIS,True,8,1,-5.3487597,-7.985526,-13.076126
IT Services (Mid),2024-10-24,COFORGE,LTTS,True,8,1,2.021736,2.7930796,-7.294363
IT Services (Mid),2024-10-24,COFORGE,KPITTECH,False,8,1,-5.6620655,-5.7181892,-7.2515793
IT Services (Mid),2024-10-24,COFORGE,CYIENT,False,8,1,2.9995859,-0.15414953,-20.088678
IT Services (Mid),2024-10-24,COFORGE,BSOFT,True,8,1,0.30434728,-5.3225937,-21.684916
IT Services (Mid),2024-10-24,COFORGE,SONATSOFTW,True,8,1,-7.877552,-4.7421637,-36.924835
IT Services (Mid),2025-12-04,"LTTS,BSOFT",PERSISTENT,False,8,2,-3.1925678,-20.790077,-16.411245
IT Services (Mid),2025-12-04,"LTTS,BSOFT",COFORGE,True,8,2,-16.35226,-35.70286,-22.13726
IT Services (Mid),2025-12-04,"LTTS,BSOFT",MPHASIS,True,8,2,-3.309244,-19.4386,-22.39777
IT Services (Mid),2025-12-04,"LTTS,BSOFT",KPITTECH,True,8,2,-8.960503,-29.18916,-35.17438
IT Services (Mid),2025-12-04,"LTTS,BSOFT",CYIENT,True,8,2,-6.350386,-19.941021,-22.00579
IT Services (Mid),2025-12-04,"LTTS,BSOFT",SONATSOFTW,True,8,2,-1.2904048,-20.777685,-27.186382
IT Services (Mid),2026-05-08,COFORGE,PERSISTENT,True,8,1,0.34000874,6.7584634,
IT Services (Mid),2026-05-08,COFORGE,MPHASIS,True,8,1,7.038522,4.0293097,
IT Services (Mid),2026-05-08,COFORGE,LTTS,True,8,1,-13.704432,-8.2569065,
IT Services (Mid),2026-05-08,COFORGE,KPITTECH,False,8,1,8.480787,-19.687922,
IT Services (Mid),2026-05-08,COFORGE,CYIENT,False,8,1,-1.2310386,-8.056515,
IT Services (Mid),2026-05-08,COFORGE,BSOFT,True,8,1,-7.676381,-18.254776,
IT Services (Mid),2026-05-08,COFORGE,SONATSOFTW,False,8,1,-8.7752285,6.758141,
IT Services (Mid),2026-08-03,COFORGE,PERSISTENT,True,8,1,-0.38471222,,
IT Services (Mid),2026-08-03,COFORGE,MPHASIS,True,8,1,-0.80035925,,
IT Services (Mid),2026-08-03,COFORGE,LTTS,True,8,1,0.48857927,,
IT Services (Mid),2026-08-03,COFORGE,KPITTECH,False,8,1,-6.265366,,
IT Services (Mid),2026-08-03,COFORGE,CYIENT,True,8,1,36.100887,,
IT Services (Mid),2026-08-03,COFORGE,BSOFT,True,8,1,-10.143507,,
IT Services (Mid),2026-08-03,COFORGE,SONATSOFTW,False,8,1,-16.290367,,
Telecom,2022-08-24,TATACOMM,BHARTIARTL,True,4,1,0.54603815,8.951128,3.0607939
Telecom,2022-08-24,TATACOMM,IDEA,True,4,1,-5.0647855,-13.612551,-19.64414
Telecom,2022-08-24,TATACOMM,INDUSTOWER,True,4,1,-5.2417397,-10.887449,-29.214787
Telecom,2022-12-13,TATACOMM,BHARTIARTL,True,4,1,-2.8953972,-0.23557568,-6.126875
Telecom,2022-12-13,TATACOMM,IDEA,True,4,1,-5.7297764,-7.4787617,-12.546497
Telecom,2022-12-13,TATACOMM,INDUSTOWER,True,4,1,-3.2874703,-12.48352,-23.878704
Telecom,2023-05-31,BHARTIARTL,IDEA,False,4,1,-2.8190136,-9.919489,44.2397
Telecom,2023-05-31,BHARTIARTL,INDUSTOWER,True,4,1,0.5335808,-12.46797,-7.3524
Telecom,2023-05-31,BHARTIARTL,TATACOMM,True,4,1,15.622866,21.797237,-2.6566753
Telecom,2023-09-01,IDEA,BHARTIARTL,True,4,1,5.0399303,7.3962564,5.174553
Telecom,2023-09-01,IDEA,INDUSTOWER,True,4,1,3.5627246,-6.3591003,-6.967329
Telecom,2023-09-01,IDEA,TATACOMM,True,4,1,2.3967624,-17.102657,-31.765587
Telecom,2024-01-01,IDEA,BHARTIARTL,True,4,1,8.206808,21.192574,22.400309
Telecom,2024-01-01,IDEA,INDUSTOWER,True,4,1,8.038807,44.269527,63.736427
Telecom,2024-01-01,IDEA,TATACOMM,True,4,1,-9.530628,7.9928517,-12.7534275
Telecom,2024-06-26,BHARTIARTL,IDEA,False,4,1,-17.20749,-37.687862,-66.44324
Telecom,2024-06-26,BHARTIARTL,INDUSTOWER,True,4,1,16.004467,10.986186,-13.50149
Telecom,2024-06-26,BHARTIARTL,TATACOMM,True,4,1,-3.2922983,-0.93983364,-9.545589
Telecom,2024-09-13,TATACOMM,BHARTIARTL,True,4,1,4.35701,-2.3434222,21.169077
Telecom,2024-09-13,TATACOMM,IDEA,False,4,1,-30.42624,-40.063583,-22.982948
Telecom,2024-09-13,TATACOMM,INDUSTOWER,False,4,1,-10.540933,-15.866089,1.1065884
Telecom,2025-01-20,IDEA,BHARTIARTL,True,4,1,16.91814,22.066391,17.836594
Telecom,2025-01-20,IDEA,INDUSTOWER,True,4,1,5.157507,15.9290905,7.66145
Telecom,2025-01-20,IDEA,TATACOMM,True,4,1,1.962924,1.6222534,-0.50130486
Telecom,2025-07-02,TATACOMM,BHARTIARTL,True,4,1,-3.8377285,-2.6343286,11.374408
Telecom,2025-07-02,TATACOMM,IDEA,True,4,1,-5.8000803,9.754056,63.33279
Telecom,2025-07-02,TATACOMM,INDUSTOWER,True,4,1,-8.205927,-15.075642,2.9650447
Telecom,2025-09-19,IDEA,BHARTIARTL,True,4,1,7.1043434,12.353134,13.434064
Telecom,2025-09-19,IDEA,INDUSTOWER,False,4,1,1.8774152,21.625446,47.089905
Telecom,2025-09-19,IDEA,TATACOMM,True,4,1,15.666574,13.297129,3.4559479
Telecom,2026-05-13,IDEA,BHARTIARTL,True,4,1,-1.0965765,3.0378108,
Telecom,2026-05-13,IDEA,INDUSTOWER,True,4,1,-0.3262043,-14.133465,
Telecom,2026-05-13,IDEA,TATACOMM,False,4,1,26.61686,4.610312,
Internet / Platforms,2022-11-14,NAUKRI,NYKAA,False,5,1,-21.26975,-33.486427,-46.858788
Internet / Platforms,2022-11-14,NAUKRI,PAYTM,True,5,1,-20.388395,-8.772927,-1.1097789
Internet / Platforms,2022-11-14,NAUKRI,POLICYBZR,False,5,1,14.738024,13.726014,58.233616
Internet / Platforms,2023-02-08,PAYTM,NAUKRI,True,5,1,-6.3800573,-7.4792743,-5.3634167
Internet / Platforms,2023-02-08,PAYTM,NYKAA,False,5,1,0.14193058,-21.49834,-23.510479
Internet / Platforms,2023-02-08,PAYTM,POLICYBZR,False,5,1,19.807602,26.974844,29.72443
Internet / Platforms,2023-05-26,NAUKRI,NYKAA,False,5,1,12.360525,-20.19326,-18.271053
Internet / Platforms,2023-05-26,NAUKRI,PAYTM,True,5,1,13.662279,5.566454,-5.1606655
Internet / Platforms,2023-05-26,NAUKRI,POLICYBZR,True,5,1,3.0623913,-0.0053157806,-8.17976
Internet / Platforms,2023-11-17,NYKAA,NAUKRI,True,5,1,1.6040087,-5.7795887,0.8012409
Internet / Platforms,2023-11-17,NYKAA,PAYTM,True,5,1,-41.099274,-74.40233,-83.770546
Internet / Platforms,2023-11-17,NYKAA,POLICYBZR,True,5,1,-8.70688,-8.160496,35.966324
Internet / Platforms,2024-01-31,POLICYBZR,NAUKRI,True,5,1,7.1414113,14.252138,18.895878
Internet / Platforms,2024-01-31,POLICYBZR,NYKAA,False,5,1,-4.3991327,5.406952,-5.4856052
Internet / Platforms,2024-01-31,POLICYBZR,PAYTM,False,5,1,-45.12484,-52.256355,-56.016838
Internet / Platforms,2024-07-30,NYKAA,NAUKRI,False,5,1,5.147958,12.766516,12.666946
Internet / Platforms,2024-07-30,NYKAA,PAYTM,False,5,1,15.028429,59.90281,109.42887
Internet / Platforms,2024-07-30,NYKAA,POLICYBZR,False,5,1,27.863108,29.926777,43.66372
Internet / Platforms,2025-07-24,"ETERNAL,PAYTM",NAUKRI,False,5,2,-2.216911,-8.107543,0.4963932
Internet / Platforms,2025-07-24,"ETERNAL,PAYTM",NYKAA,True,5,2,7.3621693,20.639877,27.138859
Internet / Platforms,2025-07-24,"ETERNAL,PAYTM",POLICYBZR,True,5,2,9.751076,-7.1184034,0.5347967
Internet / Platforms,2025-10-07,NYKAA,ETERNAL,True,5,1,-7.9580965,-13.030606,-14.412973
Internet / Platforms,2025-10-07,NYKAA,NAUKRI,True,5,1,-3.9959192,1.4381704,-11.2411785
Internet / Platforms,2025-10-07,NYKAA,PAYTM,False,5,1,1.7056108,9.556431,-7.5638714
Internet / Platforms,2025-10-07,NYKAA,POLICYBZR,True,5,1,2.5410295,10.270851,2.3487453
Internet / Platforms,2026-02-06,NYKAA,ETERNAL,True,5,1,-11.158461,-13.411802,-6.596547
Internet / Platforms,2026-02-06,NYKAA,NAUKRI,True,5,1,-9.094411,-17.069376,-8.418518
Internet / Platforms,2026-02-06,NYKAA,PAYTM,False,5,1,-8.833223,-15.909576,-2.8323412
Internet / Platforms,2026-02-06,NYKAA,POLICYBZR,False,5,1,1.7373381,6.0207486,-7.041085
Internet / Platforms,2026-06-18,NYKAA,ETERNAL,True,5,1,9.712387,21.899282,
Internet / Platforms,2026-06-18,NYKAA,NAUKRI,True,5,1,15.131796,19.114517,
Internet / Platforms,2026-06-18,NYKAA,PAYTM,True,5,1,27.63914,61.775173,
Internet / Platforms,2026-06-18,NYKAA,POLICYBZR,True,5,1,-4.5773563,8.588982,
Internet / Platforms,2026-08-13,PAYTM,ETERNAL,False,5,1,0.9668946,,
Internet / Platforms,2026-08-13,PAYTM,NAUKRI,False,5,1,-7.1226835,,
Internet / Platforms,2026-08-13,PAYTM,NYKAA,True,5,1,2.93895,,
Internet / Platforms,2026-08-13,PAYTM,POLICYBZR,True,5,1,2.888596,,
Shipping,2022-04-15,SCI,GESHIP,True,2,1,19.869423,26.54764,52.908066
Shipping,2022-08-02,GESHIP,SCI,False,2,1,13.848997,21.015347,27.724743
Shipping,2022-11-08,GESHIP,SCI,True,2,1,4.46105,7.735115,-35.75858
Shipping,2023-05-15,GESHIP,SCI,False,2,1,2.1120667,-14.53899,8.549463
Shipping,2023-08-16,SCI,GESHIP,True,2,1,2.8156877,-8.685094,0.3461132
Shipping,2023-12-19,GESHIP,SCI,False,2,1,-5.1318645,33.65313,38.15261
Shipping,2024-04-24,GESHIP,SCI,False,2,1,6.9682245,38.200363,-4.428791
Shipping,2025-05-16,GESHIP,SCI,False,2,1,16.449284,6.542909,28.026915
Shipping,2025-09-16,GESHIP,SCI,True,2,1,9.132814,10.687321,35.136562
Shipping,2026-01-30,GESHIP,SCI,False,2,1,22.655033,27.689137,13.223005
Shipping,2026-04-17,SCI,GESHIP,False,2,1,7.630098,-15.5034485,-5.693597
Ports & Logistics,2022-04-05,ADANIPORTS,ALLCARGO,False,6,2,-3.8938942,-8.962965,12.086582
Ports & Logistics,2022-04-05,ADANIPORTS,TCIEXP,False,6,2,8.61417,6.81721,11.702465
Ports & Logistics,2022-04-05,ADANIPORTS,BLUEDART,False,6,2,8.340406,28.875847,31.714891
Ports & Logistics,2022-06-01,BLUEDART,ADANIPORTS,False,6,1,-2.5902033,5.97204,15.257262
Ports & Logistics,2022-06-01,BLUEDART,CONCOR,True,6,1,-0.075125694,1.2693405,1.7074938
Ports & Logistics,2022-06-01,BLUEDART,ALLCARGO,False,6,1,-13.754946,-6.855881,35.20261
Ports & Logistics,2022-06-01,BLUEDART,TCIEXP,False,6,1,5.614674,4.009735,6.770503
Ports & Logistics,2022-08-03,BLUEDART,ADANIPORTS,True,6,1,-1.4831185,-0.39260387,-9.400857
Ports & Logistics,2022-08-03,BLUEDART,CONCOR,True,6,1,-10.608625,5.3020477,-9.177411
Ports & Logistics,2022-08-03,BLUEDART,ALLCARGO,False,6,1,15.098322,41.507984,40.57287
Ports & Logistics,2022-08-03,BLUEDART,TCIEXP,True,6,1,-5.887389,-0.5566478,-4.800761
Ports & Logistics,2022-11-14,ALLCARGO,ADANIPORTS,True,6,1,-4.7294197,-39.111477,-24.456074
Ports & Logistics,2022-11-14,ALLCARGO,CONCOR,True,6,1,-1.974237,-19.090313,-26.914768
Ports & Logistics,2022-11-14,ALLCARGO,TCIEXP,True,6,1,-4.786968,-19.65093,-19.491005
Ports & Logistics,2022-11-14,ALLCARGO,BLUEDART,False,6,1,4.736769,-5.6739683,-18.709564
Ports & Logistics,2023-05-30,TCIEXP,ADANIPORTS,False,6,1,-8.286518,4.431034,-8.599972
Ports & Logistics,2023-05-30,TCIEXP,CONCOR,True,6,1,-9.643173,-19.022537,-14.470732
Ports & Logistics,2023-05-30,TCIEXP,ALLCARGO,False,6,1,-1.8079877,-23.768639,-24.90335
Ports & Logistics,2023-05-30,TCIEXP,BLUEDART,True,6,1,10.640703,-12.496197,-14.767241
Ports & Logistics,2023-08-18,ADANIPORTS,CONCOR,True,6,1,1.9701605,6.183136,9.107973
Ports & Logistics,2023-08-18,ADANIPORTS,ALLCARGO,True,6,1,-6.1775208,-4.019475,-99.2137
Ports & Logistics,2023-08-18,ADANIPORTS,TCIEXP,True,6,1,-2.4805903,-14.406228,-37.673748
Ports & Logistics,2023-08-18,ADANIPORTS,BLUEDART,True,6,1,0.8946657,-0.6819844,-32.25688
Ports & Logistics,2023-12-05,ADANIPORTS,CONCOR,True,6,1,3.3070326,5.8948154,24.497032
Ports & Logistics,2023-12-05,ADANIPORTS,ALLCARGO,True,6,1,-71.18988,-83.05394,-88.86685
Ports & Logistics,2023-12-05,ADANIPORTS,TCIEXP,True,6,1,-9.548229,-32.790962,-45.124233
Ports & Logistics,2023-12-05,ADANIPORTS,BLUEDART,True,6,1,-5.1426053,-33.611908,-19.281244
Ports & Logistics,2024-05-03,BLUEDART,ADANIPORTS,True,6,1,11.525606,3.2922382,-10.237313
Ports & Logistics,2024-05-03,BLUEDART,CONCOR,False,6,1,4.1100025,-15.39678,-34.334465
Ports & Logistics,2024-05-03,BLUEDART,ALLCARGO,False,6,1,-3.889543,-25.102169,-32.645042
Ports & Logistics,2024-05-03,BLUEDART,TCIEXP,True,6,1,0.91385245,-1.911211,-27.465088
Ports & Logistics,2024-05-03,BLUEDART,ACLGATI,True,6,1,-4.9426436,-13.165975,-3.7377844
Ports & Logistics,2024-08-23,ALLCARGO,ADANIPORTS,False,6,1,-4.626417,-7.112807,-11.683601
Ports & Logistics,2024-08-23,ALLCARGO,CONCOR,True,6,1,-10.929144,-13.546288,-14.223278
Ports & Logistics,2024-08-23,ALLCARGO,TCIEXP,True,6,1,2.4489164,-14.591486,-20.026737
Ports & Logistics,2024-08-23,ALLCARGO,BLUEDART,False,6,1,0.8880496,3.1427562,-2.452672
Ports & Logistics,2024-08-23,ALLCARGO,ACLGATI,False,6,1,1.7815948,-6.602514,-19.522232
Ports & Logistics,2025-05-05,ADANIPORTS,CONCOR,True,6,1,4.1346073,-23.82304,-33.611965
Ports & Logistics,2025-05-05,ADANIPORTS,ALLCARGO,False,6,1,0.35363483,7.1235065,4.1241055
Ports & Logistics,2025-05-05,ADANIPORTS,TCIEXP,True,6,1,2.7744417,-8.187234,-13.66778
Ports & Logistics,2025-05-05,ADANIPORTS,BLUEDART,True,6,1,-7.912004,-8.260881,-25.101345
Ports & Logistics,2025-05-05,ADANIPORTS,ACLGATI,False,6,1,3.9277678,-2.780294,-10.724937
Ports & Logistics,2025-10-29,BLUEDART,ADANIPORTS,True,6,1,7.398176,7.1070795,9.245843
Ports & Logistics,2025-10-29,BLUEDART,CONCOR,True,6,1,-2.499485,1.9269466,-8.4686165
Ports & Logistics,2025-10-29,BLUEDART,ALLCARGO,True,6,1,-57.23431,-61.884518,-65.82985
Ports & Logistics,2025-10-29,BLUEDART,TCIEXP,True,6,1,-10.569155,-15.793669,-13.251984
Ports & Logistics,2025-10-29,BLUEDART,ACLGATI,True,6,1,,,
Ports & Logistics,2026-06-24,TCIEXP,ADANIPORTS,False,6,1,0.753057,-4.2667866,
Ports & Logistics,2026-06-24,TCIEXP,CONCOR,True,6,1,1.9885421,3.8022041,
Ports & Logistics,2026-06-24,TCIEXP,ALLCARGO,False,6,1,-2.5954008,35.367764,
Ports & Logistics,2026-06-24,TCIEXP,BLUEDART,True,6,1,-3.324324,-2.29581,
Ports & Logistics,2026-08-21,ALLCARGO,ADANIPORTS,True,6,1,8.177984,,
Ports & Logistics,2026-08-21,ALLCARGO,CONCOR,True,6,1,-1.1547744,,
Ports & Logistics,2026-08-21,ALLCARGO,TCIEXP,False,6,1,-14.445233,,
Ports & Logistics,2026-08-21,ALLCARGO,BLUEDART,True,6,1,-4.2705717,,
Real Estate (Large),2022-08-03,BRIGADE,DLF,True,8,1,4.865539,5.4471846,-2.0752912
Real Estate (Large),2022-08-03,BRIGADE,GODREJPROP,False,8,1,-3.1037807,-12.323183,-16.507572
Real Estate (Large),2022-08-03,BRIGADE,OBEROIRLTY,True,8,1,11.709309,-2.0189762,-13.584019
Real Estate (Large),2022-08-03,BRIGADE,PRESTIGE,True,8,1,6.0553794,-2.658081,-2.1479254
Real Estate (Large),2022-08-03,BRIGADE,PHOENIXLTD,True,8,1,6.3926463,9.771716,3.7934055
Real Estate (Large),2022-08-03,BRIGADE,LODHA,False,8,1,-3.4168243,-8.151007,2.0182838
Real Estate (Large),2022-08-03,BRIGADE,SOBHA,False,8,1,-3.9562464,-15.831864,-19.590998
Real Estate (Large),2022-12-02,PRESTIGE,DLF,True,8,1,-6.636095,-8.948123,12.841463
Real Estate (Large),2022-12-02,PRESTIGE,GODREJPROP,True,8,1,-6.098377,-9.208333,2.8197289
Real Estate (Large),2022-12-02,PRESTIGE,OBEROIRLTY,True,8,1,-6.976264,-1.6522169,-2.658081
Real Estate (Large),2022-12-02,PRESTIGE,PHOENIXLTD,True,8,1,-2.6066658,-2.1143675,-4.2202177
Real Estate (Large),2022-12-02,PRESTIGE,LODHA,True,8,1,6.061965,-21.627693,-5.260915
Real Estate (Large),2022-12-02,PRESTIGE,BRIGADE,True,8,1,-3.849971,4.267639,7.015204
Real Estate (Large),2022-12-02,PRESTIGE,SOBHA,True,8,1,-7.51425,0.61239624,-21.479155
Real Estate (Large),2023-04-10,"DLF,GODREJPROP",OBEROIRLTY,True,8,2,-3.3457756,-8.127022,-9.688652
Real Estate (Large),2023-04-10,"DLF,GODREJPROP",PRESTIGE,True,8,2,3.4566283,10.774769,2.0077934
Real Estate (Large),2023-04-10,"DLF,GODREJPROP",PHOENIXLTD,True,8,2,6.0880666,4.7968864,3.727291
Real Estate (Large),2023-04-10,"DLF,GODREJPROP",LODHA,False,8,2,-8.671498,-44.939575,-54.156048
Real Estate (Large),2023-04-10,"DLF,GODREJPROP",BRIGADE,True,8,2,1.0188103,-3.6795492,-14.710785
Real Estate (Large),2023-04-10,"DLF,GODREJPROP",SOBHA,False,8,2,-3.6577225,-1.8396721,12.382553
Real Estate (Large),2023-06-12,PRESTIGE,DLF,False,8,2,-2.1054268,-13.56628,0.47034073
Real Estate (Large),2023-06-12,PRESTIGE,GODREJPROP,False,8,2,5.33576,-3.290142,4.9657345
Real Estate (Large),2023-06-12,PRESTIGE,OBEROIRLTY,True,8,2,1.3084054,-1.3159409,20.913635
Real Estate (Large),2023-06-12,PRESTIGE,PHOENIXLTD,False,8,2,-5.15781,-2.0580788,34.287464
Real Estate (Large),2023-06-12,PRESTIGE,LODHA,False,8,2,5.7644606,-3.9774904,16.276836
Real Estate (Large),2023-06-12,PRESTIGE,SOBHA,False,8,2,0.68535805,-4.612113,50.45594
Real Estate (Large),2023-09-04,BRIGADE,DLF,True,8,1,1.9456387,13.950134,40.615383
Real Estate (Large),2023-09-04,BRIGADE,GODREJPROP,True,8,1,-7.2030487,7.298887,14.089836
Real Estate (Large),2023-09-04,BRIGADE,OBEROIRLTY,True,8,1,1.0325909,19.047451,-8.788872
Real Estate (Large),2023-09-04,BRIGADE,PRESTIGE,True,8,1,-9.726137,31.925856,55.25082
Real Estate (Large),2023-09-04,BRIGADE,PHOENIXLTD,True,8,1,-3.2496452,31.338133,38.313316
Real Estate (Large),2023-09-04,BRIGADE,LODHA,True,8,1,12.63119,17.86213,25.665154
Real Estate (Large),2023-09-04,BRIGADE,SOBHA,True,8,1,19.008507,48.60352,124.21799
Real Estate (Large),2023-11-06,"GODREJPROP,BRIGADE",DLF,True,8,4,2.4512882,12.231443,26.080109
Real Estate (Large),2023-11-06,"GODREJPROP,BRIGADE",OBEROIRLTY,True,8,4,8.328402,-16.66106,-10.638739
Real Estate (Large),2023-11-06,"GODREJPROP,BRIGADE",PHOENIXLTD,True,8,4,19.340277,5.984974,57.14809
Real Estate (Large),2023-11-06,"GODREJPROP,BRIGADE",LODHA,True,8,4,-1.2294292,-1.6412144,9.755062
Real Estate (Large),2024-01-04,SOBHA,DLF,False,8,1,-0.9443641,19.976257,-2.998126
Real Estate (Large),2024-01-04,SOBHA,GODREJPROP,False,8,1,0.24935007,5.955076,17.99587
Real Estate (Large),2024-01-04,SOBHA,OBEROIRLTY,False,8,1,-20.740437,-1.5798569,5.3948994
Real Estate (Large),2024-01-04,SOBHA,PRESTIGE,False,8,1,-14.405828,-10.667253,38.19162
Real Estate (Large),2024-01-04,SOBHA,PHOENIXLTD,False,8,1,-9.588099,16.335106,57.742943
Real Estate (Large),2024-01-04,SOBHA,LODHA,False,8,1,-8.2856,5.6990027,22.267496
Real Estate (Large),2024-01-04,SOBHA,BRIGADE,False,8,1,3.3575058,3.5105467,27.401747
Real Estate (Large),2024-04-09,GODREJPROP,DLF,True,8,1,-6.619811,-21.832912,-21.690762
Real Estate (Large),2024-04-09,GODREJPROP,OBEROIRLTY,True,8,1,-4.3760595,5.264164,2.2462482
Real Estate (Large),2024-04-09,GODREJPROP,PRESTIGE,False,8,1,20.958578,39.37843,32.1105
Real Estate (Large),2024-04-09,GODREJPROP,PHOENIXLTD,True,8,1,14.315044,30.41756,-49.42855
Real Estate (Large),2024-04-09,GODREJPROP,LODHA,True,8,1,-10.162521,7.7387466,-10.117257
Real Estate (Large),2024-04-09,GODREJPROP,BRIGADE,True,8,1,10.442591,25.830292,12.244701
Real Estate (Large),2024-04-09,GODREJPROP,SOBHA,False,8,1,13.145733,11.393785,7.419157
Real Estate (Large),2024-10-15,OBEROIRLTY,DLF,True,8,1,-7.3216505,-4.8775196,-7.0735207
Real Estate (Large),2024-10-15,OBEROIRLTY,GODREJPROP,True,8,1,-10.627312,-15.0646515,-15.284723
Real Estate (Large),2024-10-15,OBEROIRLTY,PRESTIGE,True,8,1,-10.972846,-14.102346,-23.605043
Real Estate (Large),2024-10-15,OBEROIRLTY,PHOENIXLTD,False,8,1,-4.51451,5.6483564,10.483659
Real Estate (Large),2024-10-15,OBEROIRLTY,LODHA,True,8,1,6.83766,13.920063,8.654928
Real Estate (Large),2024-10-15,OBEROIRLTY,BRIGADE,True,8,1,-9.6923,-4.2376404,-8.831049
Real Estate (Large),2024-10-15,OBEROIRLTY,SOBHA,True,8,1,-6.6049814,-17.365057,-18.3654
Real Estate (Large),2025-05-20,DLF,GODREJPROP,True,8,1,9.768939,-10.7733135,-4.3795643
Real Estate (Large),2025-05-20,DLF,OBEROIRLTY,True,8,1,9.027326,-5.64118,2.3473501
Real Estate (Large),2025-05-20,DLF,PRESTIGE,False,8,1,15.929568,14.256263,19.304098
Real Estate (Large),2025-05-20,DLF,PHOENIXLTD,True,8,1,-1.2900829,-9.497976,9.109795
Real Estate (Large),2025-05-20,DLF,LODHA,False,8,1,1.3182998,-12.648421,-14.295839
Real Estate (Large),2025-05-20,DLF,BRIGADE,True,8,1,2.6032925,-12.879122,-14.902586
Real Estate (Large),2025-05-20,DLF,SOBHA,True,8,1,15.142608,11.0477085,22.791815
Real Estate (Large),2026-07-06,"OBEROIRLTY,PHOENIXLTD,LODHA",DLF,True,8,3,-1.326108,-0.79774857,
Real Estate (Large),2026-07-06,"OBEROIRLTY,PHOENIXLTD,LODHA",GODREJPROP,True,8,3,1.495266,-23.157639,
Real Estate (Large),2026-07-06,"OBEROIRLTY,PHOENIXLTD,LODHA",PRESTIGE,False,8,3,-2.5871694,-15.560359,
Real Estate (Large),2026-07-06,"OBEROIRLTY,PHOENIXLTD,LODHA",BRIGADE,False,8,3,7.995736,9.313231,
Real Estate (Large),2026-07-06,"OBEROIRLTY,PHOENIXLTD,LODHA",SOBHA,True,8,3,-6.43394,-15.705186,
Real Estate (Mid/Small),2022-06-02,MAHLIFE,SUNTECK,True,4,1,16.605957,-2.0357847,-23.62718
Real Estate (Mid/Small),2022-06-02,MAHLIFE,KOLTEPATIL,False,4,1,-12.012046,8.529734,20.564651
Real Estate (Mid/Small),2022-06-02,MAHLIFE,ANANTRAJ,False,4,1,0.41863346,42.97978,123.3879
Real Estate (Mid/Small),2022-08-25,"KOLTEPATIL,ANANTRAJ",SUNTECK,True,4,2,-11.855656,-18.268162,-32.15778
Real Estate (Mid/Small),2022-08-25,"KOLTEPATIL,ANANTRAJ",MAHLIFE,False,4,2,-11.491144,-26.421923,-27.74284
Real Estate (Mid/Small),2023-05-15,MAHLIFE,SUNTECK,True,4,1,-14.87652,2.0610218,7.2896233
Real Estate (Mid/Small),2023-05-15,MAHLIFE,KOLTEPATIL,False,4,1,13.658215,44.430923,31.62377
Real Estate (Mid/Small),2023-05-15,MAHLIFE,ANANTRAJ,False,4,1,12.064278,20.798386,37.741432
Real Estate (Mid/Small),2023-07-14,SUNTECK,MAHLIFE,False,4,1,-0.20903349,-1.595295,-14.841829
Real Estate (Mid/Small),2023-07-14,SUNTECK,KOLTEPATIL,False,4,1,13.612164,12.908899,-7.50935
Real Estate (Mid/Small),2023-07-14,SUNTECK,ANANTRAJ,False,4,1,-1.1151671,13.215946,25.751999
Real Estate (Mid/Small),2023-10-11,SUNTECK,MAHLIFE,True,4,1,-4.4122577,-12.085413,-7.2386265
Real Estate (Mid/Small),2023-10-11,SUNTECK,KOLTEPATIL,False,4,1,-9.875077,-18.666994,-20.915932
Real Estate (Mid/Small),2023-10-11,SUNTECK,ANANTRAJ,True,4,1,4.699087,16.063726,18.0246
Real Estate (Mid/Small),2024-01-04,MAHLIFE,SUNTECK,True,4,1,-2.0021915,-11.749637,15.118338
Real Estate (Mid/Small),2024-01-04,MAHLIFE,KOLTEPATIL,False,4,1,-15.113062,-10.283584,-34.689903
Real Estate (Mid/Small),2024-01-04,MAHLIFE,ANANTRAJ,False,4,1,-4.2420506,2.8460264,24.362696
Real Estate (Mid/Small),2024-04-05,MAHLIFE,SUNTECK,True,4,1,-5.004275,16.53807,16.982494
Real Estate (Mid/Small),2024-04-05,MAHLIFE,KOLTEPATIL,True,4,1,16.54173,-21.625269,-29.484636
Real Estate (Mid/Small),2024-04-05,MAHLIFE,ANANTRAJ,True,4,1,5.4315205,19.659924,98.28743
Real Estate (Mid/Small),2024-06-07,SUNTECK,MAHLIFE,True,4,1,-6.5982943,-16.831123,-25.630981
Real Estate (Mid/Small),2024-06-07,SUNTECK,KOLTEPATIL,False,4,1,-23.000973,-19.821585,-29.994488
Real Estate (Mid/Small),2024-06-07,SUNTECK,ANANTRAJ,False,4,1,20.184898,35.86532,67.393616
Real Estate (Mid/Small),2024-09-20,ANANTRAJ,SUNTECK,False,4,1,1.8686116,-12.63578,-12.01405
Real Estate (Mid/Small),2024-09-20,ANANTRAJ,MAHLIFE,True,4,1,-3.755975,-10.465271,-17.049557
Real Estate (Mid/Small),2024-09-20,ANANTRAJ,KOLTEPATIL,True,4,1,-4.36362,-11.359793,-2.0685253
Real Estate (Mid/Small),2024-12-17,ANANTRAJ,SUNTECK,True,4,1,-3.2740412,-1.9996281,-3.0975046
Real Estate (Mid/Small),2024-12-17,ANANTRAJ,MAHLIFE,True,4,1,-9.0021305,-11.715889,-17.827791
Real Estate (Mid/Small),2024-12-17,ANANTRAJ,KOLTEPATIL,True,4,1,-12.980394,13.08238,29.338562
Real Estate (Mid/Small),2025-09-19,ANANTRAJ,SUNTECK,True,4,1,-1.4911172,-3.4134984,-7.338108
Real Estate (Mid/Small),2025-09-19,ANANTRAJ,MAHLIFE,True,4,1,4.1588125,12.487041,10.191601
Real Estate (Mid/Small),2025-09-19,ANANTRAJ,KOLTEPATIL,True,4,1,-3.9947927,-11.75145,-17.32195
Real Estate (Mid/Small),2026-06-04,ANANTRAJ,SUNTECK,False,4,1,14.731943,4.7960634,
Real Estate (Mid/Small),2026-06-04,ANANTRAJ,MAHLIFE,True,4,1,6.549883,3.8111334,
Real Estate (Mid/Small),2026-06-04,ANANTRAJ,KOLTEPATIL,False,4,1,-2.7771473,16.95037,
Real Estate (Mid/Small),2026-08-06,KOLTEPATIL,SUNTECK,True,4,1,-1.2768745,,
Real Estate (Mid/Small),2026-08-06,KOLTEPATIL,MAHLIFE,True,4,1,-6.014007,,
Real Estate (Mid/Small),2026-08-06,KOLTEPATIL,ANANTRAJ,False,4,1,1.7814636,,
Paper,2022-04-14,SESHAPAPER,ANDHRAPAP,False,4,3,9.473335,11.857575,25.837624
Paper,2022-07-27,WSTCSTPAPR,JKPAPER,False,4,1,14.002216,3.626073,7.6899776
Paper,2022-07-27,WSTCSTPAPR,SESHAPAPER,False,4,1,16.053307,20.70725,20.054174
Paper,2022-07-27,WSTCSTPAPR,ANDHRAPAP,True,4,1,23.146332,17.281235,5.5930023
Paper,2022-12-20,JKPAPER,WSTCSTPAPR,False,4,1,-4.863733,0.15389347,-10.079729
Paper,2022-12-20,JKPAPER,SESHAPAPER,False,4,1,-5.442494,-8.390724,0.89957714
Paper,2022-12-20,JKPAPER,ANDHRAPAP,True,4,1,-5.163676,2.6549702,2.0224571
Paper,2023-04-17,SESHAPAPER,JKPAPER,True,4,1,-4.833317,-35.2864,-29.987896
Paper,2023-04-17,SESHAPAPER,WSTCSTPAPR,True,4,1,-4.068053,-33.19391,-10.10741
Paper,2023-04-17,SESHAPAPER,ANDHRAPAP,True,4,1,-5.4061413,-25.592327,-5.041729
Paper,2023-08-16,WSTCSTPAPR,JKPAPER,True,4,1,2.1284223,-7.710618,-13.653826
Paper,2023-08-16,WSTCSTPAPR,SESHAPAPER,True,4,1,35.06669,6.4936047,-15.375721
Paper,2023-08-16,WSTCSTPAPR,ANDHRAPAP,True,4,1,30.337334,12.803375,3.5737858
Paper,2024-01-19,JKPAPER,WSTCSTPAPR,True,4,1,-14.084785,-23.604637,-21.146112
Paper,2024-01-19,JKPAPER,SESHAPAPER,True,4,1,-13.968008,-15.963871,-22.234625
Paper,2024-01-19,JKPAPER,ANDHRAPAP,True,4,1,-18.646812,-23.45016,-18.954695
Paper,2024-06-11,JKPAPER,WSTCSTPAPR,True,4,1,7.608879,-12.065399,-11.174655
Paper,2024-06-11,JKPAPER,SESHAPAPER,True,4,1,-2.0112758,-9.7490425,-19.515282
Paper,2024-06-11,JKPAPER,ANDHRAPAP,True,4,1,6.7669983,-3.4325123,-90.90905
Paper,2024-12-06,WSTCSTPAPR,JKPAPER,True,4,1,-11.234408,-15.572489,-12.621408
Paper,2024-12-06,WSTCSTPAPR,SESHAPAPER,True,4,1,2.3126483,20.324553,6.4178224
Paper,2024-12-06,WSTCSTPAPR,ANDHRAPAP,True,4,1,-6.720895,-2.8373413,-14.396036
Paper,2025-07-04,"JKPAPER,ANDHRAPAP",WSTCSTPAPR,False,4,2,-4.8876877,-13.28013,-19.140333
Paper,2025-07-04,"JKPAPER,ANDHRAPAP",SESHAPAPER,True,4,2,-9.4522,-13.663984,-14.218061
Paper,2026-02-11,SESHAPAPER,JKPAPER,True,4,1,-2.235735,-0.7290065,-0.44441223
Paper,2026-02-11,SESHAPAPER,WSTCSTPAPR,True,4,1,-5.812997,7.447231,12.957287
Paper,2026-02-11,SESHAPAPER,ANDHRAPAP,True,4,1,2.300727,-0.7370889,-12.303543
Paper,2026-04-16,WSTCSTPAPR,JKPAPER,True,4,1,-2.2169948,-13.003034,-4.884064
Paper,2026-04-16,WSTCSTPAPR,SESHAPAPER,False,4,1,-14.425885,-19.094109,-14.059019
Paper,2026-04-16,WSTCSTPAPR,ANDHRAPAP,True,4,1,-7.3155046,-17.89804,-1.3838172
Paper,2026-07-27,WSTCSTPAPR,JKPAPER,True,4,1,-7.329482,,
Paper,2026-07-27,WSTCSTPAPR,SESHAPAPER,True,4,1,-6.3081207,,
Paper,2026-07-27,WSTCSTPAPR,ANDHRAPAP,True,4,1,-5.063325,,
Packaging,2022-04-06,UFLEX,GARFIBRES,True,4,2,9.1879425,18.350225,21.495373
Packaging,2022-04-06,UFLEX,TCPLPACK,False,4,2,-4.3039684,16.169315,36.835365
Packaging,2022-07-11,TCPLPACK,UFLEX,False,4,1,-7.944751,1.6529684,-27.75889
Packaging,2022-07-11,TCPLPACK,POLYPLEX,False,4,1,-1.166141,-27.405918,-43.23812
Packaging,2022-07-11,TCPLPACK,GARFIBRES,True,4,1,-10.238493,-0.13848591,-15.3437195
Packaging,2022-09-07,GARFIBRES,POLYPLEX,True,4,3,-11.734772,-20.07997,-27.720913
Packaging,2023-05-01,POLYPLEX,UFLEX,False,4,1,-0.41524172,-8.574556,-21.459187
Packaging,2023-05-01,POLYPLEX,GARFIBRES,True,4,1,-0.21173954,-10.755813,-25.261545
Packaging,2023-05-01,POLYPLEX,TCPLPACK,True,4,1,0.88722706,-8.981298,19.598557
Packaging,2023-07-25,TCPLPACK,UFLEX,True,4,1,-17.428852,-9.713804,-20.659792
Packaging,2023-07-25,TCPLPACK,POLYPLEX,True,4,1,-19.772446,-29.089737,-45.032757
Packaging,2023-07-25,TCPLPACK,GARFIBRES,True,4,1,-0.15103817,-9.9072695,-6.890951
Packaging,2024-01-08,GARFIBRES,UFLEX,True,4,1,-10.846376,-12.93686,-8.922398
Packaging,2024-01-08,GARFIBRES,POLYPLEX,True,4,1,-16.808434,-26.539618,-26.070969
Packaging,2024-01-08,GARFIBRES,TCPLPACK,True,4,1,-6.610906,6.457007,0.6054764
Packaging,2024-03-08,TCPLPACK,UFLEX,True,4,1,2.8076887,-4.2853,83.99279
Packaging,2024-03-08,TCPLPACK,POLYPLEX,True,4,1,1.2072444,-12.937105,38.93969
Packaging,2024-03-08,TCPLPACK,GARFIBRES,True,4,1,-1.6479731,1.7619967,-11.419807
Packaging,2024-05-29,GARFIBRES,UFLEX,True,4,1,15.19239,72.01854,37.3369
Packaging,2024-05-29,GARFIBRES,POLYPLEX,True,4,1,12.370373,45.984184,39.321148
Packaging,2024-05-29,GARFIBRES,TCPLPACK,True,4,1,8.451855,29.35189,34.631016
Packaging,2024-07-30,TCPLPACK,POLYPLEX,False,4,2,9.426117,4.506266,16.65768
Packaging,2024-07-30,TCPLPACK,GARFIBRES,False,4,2,-0.38183928,7.1075916,-74.69468
Packaging,2024-11-18,GARFIBRES,UFLEX,False,4,1,-8.849645,-10.167057,10.70677
Packaging,2024-11-18,GARFIBRES,POLYPLEX,True,4,1,7.7718725,0.9457884,10.167384
Packaging,2024-11-18,GARFIBRES,TCPLPACK,True,4,1,-5.2826405,-3.3097982,17.59335
Packaging,2025-01-16,TCPLPACK,UFLEX,True,4,1,5.061221,22.277445,20.31321
Packaging,2025-01-16,TCPLPACK,POLYPLEX,False,4,1,2.0482426,10.746473,-9.8493395
Packaging,2025-01-16,TCPLPACK,GARFIBRES,False,4,1,2.229989,21.277195,15.286928
Packaging,2025-05-16,UFLEX,POLYPLEX,True,4,1,-4.830533,-12.295127,-30.73489
Packaging,2025-05-16,UFLEX,GARFIBRES,False,4,1,-4.596239,-6.2107267,-18.658388
Packaging,2025-05-16,UFLEX,TCPLPACK,False,4,1,-6.33446,-9.510124,-18.346363
Packaging,2026-05-21,POLYPLEX,UFLEX,False,4,1,-1.626122,12.794841,
Packaging,2026-05-21,POLYPLEX,GARFIBRES,True,4,1,7.4497223,13.758147,
Packaging,2026-05-21,POLYPLEX,TCPLPACK,True,4,1,7.3098297,58.32212,
Packaging,2026-07-21,TCPLPACK,UFLEX,True,4,1,38.44113,,
Packaging,2026-07-21,TCPLPACK,POLYPLEX,True,4,1,9.226013,,
Packaging,2026-07-21,TCPLPACK,GARFIBRES,False,4,1,-1.4639437,,
